chip_id,tile,first_img_date,middle_img_date,last_img_date
chip_184_236,13TDE,2022-04-21T18:02:50.356Z,2022-06-15T18:03:06.327Z,2022-09-23T18:03:02.472Z
chip_273_471,16SDD,2022-03-03T16:43:58.991Z,2022-04-27T16:43:48.302Z,2022-06-16T16:43:53.974Z
chip_254_259,13SFV,2022-03-01T17:44:11.795Z,2022-06-29T17:44:21.279Z,2022-09-27T17:44:15.640Z
chip_145_497,17TKG,2022-03-20T16:31:56.041Z,2022-06-21T16:42:00.635Z,2022-09-14T16:41:50.538Z
chip_309_517,16SGA,2022-03-02T16:24:33.589Z,2022-05-11T16:24:34.530Z,2022-06-20T16:24:41.224Z
chip_119_559,17TPH,2022-06-25T16:21:39.084Z,2022-06-30T16:21:31.673Z,2022-07-10T16:21:31.182Z
chip_226_289,14SLG,2022-03-01T17:43:34.008Z,2022-06-24T17:43:35.491Z,2022-09-27T17:43:37.853Z
chip_245_592,18STE,2022-03-21T16:03:28.606Z,2022-04-25T16:03:19.048Z,2022-08-03T16:03:29.936Z
chip_251_284,14SLF,2022-03-03T17:33:46.260Z,2022-06-06T17:33:57.153Z,2022-09-19T17:33:50.715Z
chip_096_323,14TNR,2022-03-26T17:41:11.193Z,2022-08-08T17:41:25.525Z,2022-09-12T17:41:15.871Z
chip_120_556,17TPH,2022-06-25T16:21:39.084Z,2022-06-30T16:21:31.673Z,2022-07-10T16:21:31.182Z
chip_254_271,13SGA,2022-03-01T17:43:54.149Z,2022-05-30T17:43:58.495Z,2022-09-17T17:43:59.457Z
chip_151_493,17TKG,2022-03-20T16:31:56.041Z,2022-06-21T16:42:00.635Z,2022-09-14T16:41:50.538Z
chip_329_497,16RFV,2022-03-05T16:34:47.816Z,2022-04-04T16:34:47.229Z,2022-04-19T16:34:54.650Z
chip_179_238,13TDE,2022-04-21T18:02:50.356Z,2022-06-15T18:03:06.327Z,2022-09-23T18:03:02.472Z
chip_116_114,11TPH,2022-07-22T18:42:32.805Z,2022-09-10T18:42:29.750Z,2022-09-25T18:42:34.937Z
chip_217_335,14SPH,2022-03-15T17:23:17.097Z,2022-06-28T17:23:18.300Z,2022-09-26T17:23:13.550Z
chip_059_087,11TLM,2022-04-24T19:01:39.653Z,2022-08-07T19:01:38.839Z,2022-09-26T19:01:35.051Z
chip_057_192,12TWT,2022-07-14T18:31:16.736Z,2022-08-08T18:31:08.262Z,2022-09-27T18:31:04.383Z
chip_273_459,16SDD,2022-03-03T16:43:58.991Z,2022-04-27T16:43:48.302Z,2022-06-16T16:43:53.974Z
chip_060_258,13TEN,2022-05-26T18:01:03.556Z,2022-08-09T18:01:00.004Z,2022-09-28T18:00:56.021Z
chip_083_208,12TYR,2022-03-30T18:11:35.093Z,2022-07-21T18:21:40.185Z,2022-09-26T18:11:39.990Z
chip_151_469,16TEM,2022-05-07T16:41:52.147Z,2022-06-16T16:41:59.644Z,2022-07-21T16:42:07.033Z
chip_297_352,15STT,2022-03-02T17:14:28.402Z,2022-05-06T17:14:20.844Z,2022-09-28T17:14:32.136Z
chip_230_282,14SKG,2022-03-01T17:43:38.485Z,2022-05-30T17:43:42.836Z,2022-09-27T17:43:42.329Z
chip_329_508,16RGV,2022-03-02T16:24:48.107Z,2022-04-01T16:24:47.778Z,2022-09-23T16:24:58.240Z
chip_111_418,15TYK,2022-05-13T17:01:15.357Z,2022-06-27T17:01:29.706Z,2022-08-31T17:01:17.915Z
chip_239_330,14SPG,2022-04-09T17:23:24.690Z,2022-04-14T17:23:30.941Z,2022-07-13T17:23:40.575Z
chip_119_556,17TPH,2022-06-25T16:21:39.084Z,2022-06-30T16:21:31.673Z,2022-07-10T16:21:31.182Z
chip_257_445,16SCE,2022-03-01T16:53:36.816Z,2022-06-19T16:53:44.502Z,2022-09-27T16:53:40.300Z
chip_282_561,17SNT,2022-03-04T16:14:02.379Z,2022-05-18T16:13:58.236Z,2022-09-20T16:14:06.282Z
chip_282_265,13SGU,2022-03-01T17:44:23.180Z,2022-05-30T17:44:27.524Z,2022-09-07T17:44:31.086Z
chip_257_276,14SKE,2022-03-01T17:44:07.088Z,2022-05-30T17:44:11.442Z,2022-09-27T17:44:10.935Z
chip_235_445,16SCG,2022-03-26T16:53:14.506Z,2022-05-20T16:53:11.761Z,2022-08-13T16:53:24.156Z
chip_180_242,13TEE,2022-04-18T17:52:50.986Z,2022-07-02T17:53:08.431Z,2022-09-05T17:52:57.041Z
chip_330_501,16RFV,2022-03-05T16:34:47.816Z,2022-04-04T16:34:47.229Z,2022-04-19T16:34:54.650Z
chip_282_262,13SGU,2022-03-01T17:44:23.180Z,2022-05-30T17:44:27.524Z,2022-09-07T17:44:31.086Z
chip_246_444,16SCF,2022-03-01T16:53:22.784Z,2022-06-19T16:53:30.476Z,2022-09-27T16:53:26.267Z
chip_257_446,16SCE,2022-03-01T16:53:36.816Z,2022-06-19T16:53:44.502Z,2022-09-27T16:53:40.300Z
chip_254_265,13SGV,2022-03-26T17:44:02.711Z,2022-06-24T17:44:10.306Z,2022-09-27T17:44:12.666Z
chip_136_487,16TFN,2022-04-12T16:41:40.271Z,2022-06-16T16:41:41.717Z,2022-06-21T16:41:49.903Z
chip_149_493,17TKG,2022-03-20T16:31:56.041Z,2022-06-21T16:42:00.635Z,2022-09-14T16:41:50.538Z
chip_330_499,16RFV,2022-03-05T16:34:47.816Z,2022-04-04T16:34:47.229Z,2022-04-19T16:34:54.650Z
chip_127_445,16TDP,2022-06-09T16:51:29.385Z,2022-07-09T16:51:32.085Z,2022-07-14T16:51:39.868Z
chip_238_335,14SPG,2022-04-09T17:23:24.690Z,2022-04-14T17:23:30.941Z,2022-07-13T17:23:40.575Z
chip_140_482,16TFN,2022-04-12T16:41:40.271Z,2022-06-16T16:41:41.717Z,2022-06-21T16:41:49.903Z
chip_125_503,17TLJ,2022-04-29T16:31:24.943Z,2022-06-23T16:31:24.610Z,2022-09-01T16:31:20.910Z
chip_125_446,16TDP,2022-06-09T16:51:29.385Z,2022-07-09T16:51:32.085Z,2022-07-14T16:51:39.868Z
chip_134_497,16TGN,2022-04-12T16:41:36.737Z,2022-06-16T16:41:38.174Z,2022-06-21T16:41:39.287Z
chip_275_474,16SED,2022-03-03T16:43:54.952Z,2022-04-27T16:43:44.290Z,2022-09-19T16:43:59.325Z
chip_182_239,13TEE,2022-04-18T17:52:50.986Z,2022-07-02T17:53:08.431Z,2022-09-05T17:52:57.041Z
chip_131_472,16TEN,2022-04-17T16:41:37.040Z,2022-06-21T16:41:53.301Z,2022-09-19T16:41:49.278Z
chip_251_288,14SLF,2022-03-03T17:33:46.260Z,2022-06-06T17:33:57.153Z,2022-09-19T17:33:50.715Z
chip_267_371,15SUV,2022-04-01T17:13:54.327Z,2022-07-05T17:13:57.327Z,2022-09-23T17:13:53.236Z
chip_170_346,14TQL,2022-04-14T17:22:29.589Z,2022-06-28T17:22:31.670Z,2022-08-02T17:22:37.077Z
chip_116_448,16TDQ,2022-05-15T16:51:17.294Z,2022-07-09T16:51:17.462Z,2022-07-14T16:51:25.242Z
chip_329_498,16RFV,2022-03-05T16:34:47.816Z,2022-04-04T16:34:47.229Z,2022-04-19T16:34:54.650Z
chip_244_335,14SPF,2022-03-15T17:23:46.321Z,2022-07-18T17:23:47.230Z,2022-09-26T17:23:42.780Z
chip_113_423,15TYK,2022-05-13T17:01:15.357Z,2022-06-27T17:01:29.706Z,2022-08-31T17:01:17.915Z
chip_062_120,11TNM,2022-06-25T18:51:35.051Z,2022-07-25T18:51:35.110Z,2022-08-29T18:51:42.486Z
chip_193_407,15TXE,2022-07-12T17:02:37.322Z,2022-09-20T17:02:34.300Z,2022-09-30T17:02:32.251Z
chip_238_458,16SDF,2022-03-03T16:43:29.996Z,2022-06-21T16:43:38.389Z,2022-09-29T16:43:33.623Z
chip_136_485,16TFN,2022-04-12T16:41:40.271Z,2022-06-16T16:41:41.717Z,2022-06-21T16:41:49.903Z
chip_273_470,16SDD,2022-03-03T16:43:58.991Z,2022-04-27T16:43:48.302Z,2022-06-16T16:43:53.974Z
chip_257_266,13SGV,2022-03-26T17:44:02.711Z,2022-06-24T17:44:10.306Z,2022-09-27T17:44:12.666Z
chip_224_375,15SVC,2022-04-26T17:12:58.474Z,2022-07-20T17:13:16.619Z,2022-09-13T17:13:07.127Z
chip_156_466,16TEM,2022-05-07T16:41:52.147Z,2022-06-16T16:41:59.644Z,2022-07-21T16:42:07.033Z
chip_273_466,16SDD,2022-03-03T16:43:58.991Z,2022-04-27T16:43:48.302Z,2022-06-16T16:43:53.974Z
chip_126_305,14TMP,2022-06-19T17:41:58.347Z,2022-07-09T17:41:59.588Z,2022-07-19T17:41:58.325Z
chip_167_456,16TDL,2022-03-21T16:52:08.313Z,2022-07-09T16:52:15.202Z,2022-08-18T16:52:12.424Z
chip_108_438,16TCQ,2022-05-13T17:01:11.858Z,2022-06-27T17:01:26.198Z,2022-09-30T17:01:12.779Z
chip_144_497,17TKG,2022-03-20T16:31:56.041Z,2022-06-21T16:42:00.635Z,2022-09-14T16:41:50.538Z
chip_119_503,17TLJ,2022-04-29T16:31:24.943Z,2022-06-23T16:31:24.610Z,2022-09-01T16:31:20.910Z
chip_097_302,14TMR,2022-03-26T17:41:15.079Z,2022-08-03T17:41:22.356Z,2022-09-12T17:41:19.761Z
chip_217_289,14SLH,2022-03-01T17:43:20.009Z,2022-06-29T17:43:29.475Z,2022-09-27T17:43:23.855Z
chip_048_091,11TLM,2022-04-24T19:01:39.653Z,2022-08-07T19:01:38.839Z,2022-09-26T19:01:35.051Z
chip_219_313,14SNH,2022-03-03T17:33:10.094Z,2022-03-28T17:33:15.559Z,2022-09-04T17:33:24.834Z
chip_129_445,16TDP,2022-06-09T16:51:29.385Z,2022-07-09T16:51:32.085Z,2022-07-14T16:51:39.868Z
chip_143_497,17TKG,2022-03-20T16:31:56.041Z,2022-06-21T16:42:00.635Z,2022-09-14T16:41:50.538Z
chip_156_402,15TWG,2022-03-27T17:12:00.874Z,2022-04-26T17:11:57.037Z,2022-06-20T17:12:15.595Z
chip_080_600,18TWQ,2022-04-30T16:00:54.930Z,2022-05-25T16:00:49.956Z,2022-09-02T16:00:51.068Z
chip_281_264,13SGU,2022-03-01T17:44:23.180Z,2022-05-30T17:44:27.524Z,2022-09-07T17:44:31.086Z
chip_218_328,14SPH,2022-03-15T17:23:17.097Z,2022-06-28T17:23:18.300Z,2022-09-26T17:23:13.550Z
chip_222_332,14SPH,2022-03-15T17:23:17.097Z,2022-06-28T17:23:18.300Z,2022-09-26T17:23:13.550Z
chip_127_479,16TFP,2022-05-07T16:41:19.793Z,2022-06-16T16:41:27.310Z,2022-09-09T16:41:34.405Z
chip_156_598,18TVK,2022-03-16T16:02:03.926Z,2022-06-19T16:02:17.493Z,2022-08-18T16:02:18.409Z
chip_251_590,17SQU,2022-03-21T16:03:44.609Z,2022-04-20T16:03:45.747Z,2022-04-25T16:03:35.059Z
chip_130_506,17TLH,2022-04-14T16:31:30.600Z,2022-06-18T16:31:45.821Z,2022-09-01T16:31:35.443Z
chip_087_202,12TXR,2022-06-16T18:21:31.303Z,2022-06-26T18:21:38.015Z,2022-07-21T18:21:44.201Z
chip_102_332,14TPR,2022-05-27T17:31:21.247Z,2022-08-10T17:31:17.428Z,2022-09-04T17:31:25.536Z
chip_251_446,16SCF,2022-03-01T16:53:22.784Z,2022-06-19T16:53:30.476Z,2022-09-27T16:53:26.267Z
chip_239_285,14SLG,2022-03-01T17:43:34.008Z,2022-06-24T17:43:35.491Z,2022-09-27T17:43:37.853Z
chip_159_617,18TWK,2022-04-02T15:52:02.248Z,2022-06-26T15:52:18.264Z,2022-09-19T15:52:07.117Z
chip_177_603,18SVJ,2022-03-11T16:02:24.161Z,2022-06-19T16:02:31.799Z,2022-09-27T16:02:27.348Z
chip_118_555,17TPH,2022-06-25T16:21:39.084Z,2022-06-30T16:21:31.673Z,2022-07-10T16:21:31.182Z
chip_247_428,15SYA,2022-06-04T16:53:39.267Z,2022-06-29T16:53:36.540Z,2022-09-12T16:53:41.662Z
chip_143_444,16TCN,2022-05-13T17:01:40.144Z,2022-06-27T17:01:54.466Z,2022-09-30T17:01:41.069Z
chip_150_494,17TKG,2022-03-20T16:31:56.041Z,2022-06-21T16:42:00.635Z,2022-09-14T16:41:50.538Z
chip_177_269,13TGF,2022-03-19T17:52:31.824Z,2022-07-17T17:52:38.536Z,2022-09-30T17:52:41.069Z
chip_052_043,10TER,2022-04-07T19:11:49.438Z,2022-08-15T19:12:08.202Z,2022-09-24T19:12:02.812Z
chip_174_587,18SUJ,2022-03-11T16:02:27.937Z,2022-06-19T16:02:35.577Z,2022-09-17T16:02:32.618Z
chip_182_237,13TDE,2022-04-21T18:02:50.356Z,2022-06-15T18:03:06.327Z,2022-09-23T18:03:02.472Z
chip_213_438,16SCH,2022-03-16T16:53:01.377Z,2022-06-19T16:53:01.903Z,2022-09-12T16:53:07.791Z
chip_208_424,15SYD,2022-03-09T17:02:47.765Z,2022-07-22T17:02:48.745Z,2022-09-30T17:02:43.072Z
chip_180_610,18SVJ,2022-03-11T16:02:24.161Z,2022-06-19T16:02:31.799Z,2022-09-27T16:02:27.348Z
chip_125_502,16TGP,2022-05-07T16:41:16.393Z,2022-06-21T16:41:31.935Z,2022-09-09T16:41:30.995Z
chip_366_355,15RTN,2022-03-02T17:15:39.800Z,2022-03-12T17:15:40.311Z,2022-09-28T17:15:43.542Z
chip_077_616,18TXQ,2022-05-05T16:00:41.447Z,2022-07-09T16:00:58.842Z,2022-09-02T16:00:47.180Z
chip_233_332,14SPG,2022-04-09T17:23:24.690Z,2022-04-14T17:23:30.941Z,2022-07-13T17:23:40.575Z
chip_220_316,14SNH,2022-03-03T17:33:10.094Z,2022-03-28T17:33:15.559Z,2022-09-04T17:33:24.834Z
chip_154_422,16TBM,2022-05-13T17:01:58.996Z,2022-06-27T17:02:13.322Z,2022-08-31T17:02:01.571Z
chip_253_264,13SGA,2022-03-01T17:43:54.149Z,2022-05-30T17:43:58.495Z,2022-09-17T17:43:59.457Z
chip_165_265,13TFF,2022-03-19T17:52:35.615Z,2022-06-27T17:52:42.688Z,2022-09-20T17:52:45.240Z
chip_140_483,16TFN,2022-04-12T16:41:40.271Z,2022-06-16T16:41:41.717Z,2022-06-21T16:41:49.903Z
chip_152_479,16TFM,2022-04-12T16:41:54.888Z,2022-06-16T16:41:56.352Z,2022-09-14T16:41:54.418Z
chip_126_502,16TGP,2022-05-07T16:41:16.393Z,2022-06-21T16:41:31.935Z,2022-09-09T16:41:30.995Z
chip_224_333,14SPH,2022-03-15T17:23:17.097Z,2022-06-28T17:23:18.300Z,2022-09-26T17:23:13.550Z
chip_110_336,14TPQ,2022-05-27T17:31:35.657Z,2022-08-05T17:31:39.243Z,2022-09-04T17:31:39.935Z
chip_119_466,16TEP,2022-04-10T16:51:20.171Z,2022-06-24T16:51:35.910Z,2022-08-18T16:51:25.441Z
chip_220_306,14SMH,2022-03-28T17:33:19.183Z,2022-06-11T17:33:19.319Z,2022-09-29T17:33:16.289Z
chip_168_325,14TNL,2022-03-08T17:32:33.642Z,2022-05-27T17:32:37.154Z,2022-09-24T17:32:36.712Z
chip_236_445,16SCG,2022-03-26T16:53:14.506Z,2022-05-20T16:53:11.761Z,2022-08-13T16:53:24.156Z
chip_330_502,16RFV,2022-03-05T16:34:47.816Z,2022-04-04T16:34:47.229Z,2022-04-19T16:34:54.650Z
chip_151_489,16TFM,2022-04-12T16:41:54.888Z,2022-06-16T16:41:56.352Z,2022-09-14T16:41:54.418Z
chip_135_430,15TYH,2022-05-13T17:01:44.460Z,2022-06-22T17:01:50.779Z,2022-09-30T17:01:45.385Z
chip_264_466,16SDE,2022-03-03T16:43:44.494Z,2022-03-13T16:43:44.860Z,2022-09-29T16:43:47.776Z
chip_122_510,17TLJ,2022-04-29T16:31:24.943Z,2022-06-23T16:31:24.610Z,2022-09-01T16:31:20.910Z
chip_244_591,18STE,2022-03-21T16:03:28.606Z,2022-04-25T16:03:19.048Z,2022-08-03T16:03:29.936Z
chip_065_117,11TNM,2022-06-25T18:51:35.051Z,2022-07-25T18:51:35.110Z,2022-08-29T18:51:42.486Z
chip_239_598,18STE,2022-03-21T16:03:28.606Z,2022-04-25T16:03:19.048Z,2022-08-03T16:03:29.936Z
chip_120_555,17TPH,2022-06-25T16:21:39.084Z,2022-06-30T16:21:31.673Z,2022-07-10T16:21:31.182Z
chip_243_333,14SPF,2022-03-15T17:23:46.321Z,2022-07-18T17:23:47.230Z,2022-09-26T17:23:42.780Z
chip_227_304,14SMG,2022-03-03T17:33:28.163Z,2022-05-27T17:33:38.640Z,2022-09-04T17:33:42.905Z
chip_107_414,15TXK,2022-06-20T17:11:28.687Z,2022-09-03T17:11:18.203Z,2022-09-13T17:11:18.766Z
chip_369_348,14RQT,2022-03-02T17:15:43.242Z,2022-03-12T17:15:43.754Z,2022-05-16T17:15:38.928Z
chip_060_079,10TGR,2022-06-28T19:01:57.264Z,2022-08-17T19:01:54.352Z,2022-09-26T19:01:52.484Z
chip_250_446,16SCF,2022-03-01T16:53:22.784Z,2022-06-19T16:53:30.476Z,2022-09-27T16:53:26.267Z
chip_254_270,13SGV,2022-03-26T17:44:02.711Z,2022-06-24T17:44:10.306Z,2022-09-27T17:44:12.666Z
chip_128_126,11TPH,2022-07-22T18:42:32.805Z,2022-09-10T18:42:29.750Z,2022-09-25T18:42:34.937Z
chip_174_493,16TGK,2022-04-14T16:32:17.972Z,2022-06-03T16:32:21.565Z,2022-07-03T16:32:26.822Z
chip_151_604,18TVL,2022-03-16T16:01:49.421Z,2022-04-30T16:01:56.426Z,2022-09-17T16:02:00.052Z
chip_182_238,13TEE,2022-04-18T17:52:50.986Z,2022-07-02T17:53:08.431Z,2022-09-05T17:52:57.041Z
chip_198_594,18SUH,2022-03-11T16:02:42.442Z,2022-06-29T16:02:51.266Z,2022-09-17T16:02:47.117Z
chip_221_307,14SMH,2022-03-28T17:33:19.183Z,2022-06-11T17:33:19.319Z,2022-09-29T17:33:16.289Z
chip_311_470,16SDA,2022-03-13T16:44:42.559Z,2022-09-14T16:44:40.491Z,2022-09-29T16:44:45.823Z
chip_080_176,12TVR,2022-07-19T18:31:41.939Z,2022-08-08T18:31:41.031Z,2022-09-02T18:31:49.082Z
chip_147_496,17TKG,2022-03-20T16:31:56.041Z,2022-06-21T16:42:00.635Z,2022-09-14T16:41:50.538Z
chip_097_316,14TMR,2022-03-26T17:41:15.079Z,2022-08-03T17:41:22.356Z,2022-09-12T17:41:19.761Z
chip_127_482,16TFP,2022-05-07T16:41:19.793Z,2022-06-16T16:41:27.310Z,2022-09-09T16:41:34.405Z
chip_009_061,10UEU,2022-06-24T19:21:14.054Z,2022-07-29T19:21:18.732Z,2022-09-27T19:21:16.397Z
chip_138_477,16TFN,2022-04-12T16:41:40.271Z,2022-06-16T16:41:41.717Z,2022-06-21T16:41:49.903Z
chip_188_428,16TBK,2022-03-14T17:02:27.034Z,2022-07-12T17:02:33.318Z,2022-09-30T17:02:28.248Z
chip_105_452,16TDQ,2022-05-15T16:51:17.294Z,2022-07-09T16:51:17.462Z,2022-07-14T16:51:25.242Z
chip_091_334,14TPR,2022-05-27T17:31:21.247Z,2022-08-10T17:31:17.428Z,2022-09-04T17:31:25.536Z
chip_149_497,17TKG,2022-03-20T16:31:56.041Z,2022-06-21T16:42:00.635Z,2022-09-14T16:41:50.538Z
chip_223_437,16SBG,2022-03-16T16:53:19.615Z,2022-06-29T16:53:20.916Z,2022-09-12T16:53:26.044Z
chip_317_528,17SKR,2022-03-02T16:24:31.364Z,2022-05-11T16:24:32.306Z,2022-06-20T16:24:39.002Z
chip_238_330,14SPG,2022-04-09T17:23:24.690Z,2022-04-14T17:23:30.941Z,2022-07-13T17:23:40.575Z
chip_255_266,13SGV,2022-03-26T17:44:02.711Z,2022-06-24T17:44:10.306Z,2022-09-27T17:44:12.666Z
chip_132_472,16TEN,2022-04-17T16:41:37.040Z,2022-06-21T16:41:53.301Z,2022-09-19T16:41:49.278Z
chip_222_289,14SLH,2022-03-01T17:43:20.009Z,2022-06-29T17:43:29.475Z,2022-09-27T17:43:23.855Z
chip_245_334,14SPF,2022-03-15T17:23:46.321Z,2022-07-18T17:23:47.230Z,2022-09-26T17:23:42.780Z
chip_223_288,14SLH,2022-03-01T17:43:20.009Z,2022-06-29T17:43:29.475Z,2022-09-27T17:43:23.855Z
chip_099_495,16TGQ,2022-05-07T16:41:01.807Z,2022-08-10T16:41:17.394Z,2022-09-29T16:41:12.733Z
chip_314_516,16SGA,2022-03-02T16:24:33.589Z,2022-05-11T16:24:34.530Z,2022-06-20T16:24:41.224Z
chip_070_352,14TQT,2022-04-27T17:30:46.503Z,2022-06-06T17:30:49.308Z,2022-08-30T17:30:39.524Z
chip_152_469,16TEM,2022-05-07T16:41:52.147Z,2022-06-16T16:41:59.644Z,2022-07-21T16:42:07.033Z
chip_222_281,14SKH,2022-03-01T17:43:24.108Z,2022-06-14T17:43:24.122Z,2022-09-27T17:43:27.953Z
chip_101_330,14TNR,2022-03-26T17:41:11.193Z,2022-08-08T17:41:25.525Z,2022-09-12T17:41:15.871Z
chip_330_503,16RFV,2022-03-05T16:34:47.816Z,2022-04-04T16:34:47.229Z,2022-04-19T16:34:54.650Z
chip_223_438,16SCH,2022-03-16T16:53:01.377Z,2022-06-19T16:53:01.903Z,2022-09-12T16:53:07.791Z
chip_318_529,17SKR,2022-03-02T16:24:31.364Z,2022-05-11T16:24:32.306Z,2022-06-20T16:24:39.002Z
chip_106_442,16TDQ,2022-05-15T16:51:17.294Z,2022-07-09T16:51:17.462Z,2022-07-14T16:51:25.242Z
chip_235_444,16SCG,2022-03-26T16:53:14.506Z,2022-05-20T16:53:11.761Z,2022-08-13T16:53:24.156Z
chip_142_443,16TCN,2022-05-13T17:01:40.144Z,2022-06-27T17:01:54.466Z,2022-09-30T17:01:41.069Z
chip_084_363,15TUM,2022-04-27T17:30:57.572Z,2022-06-23T17:21:08.406Z,2022-09-11T17:21:06.574Z
chip_060_196,12TWT,2022-07-14T18:31:16.736Z,2022-08-08T18:31:08.262Z,2022-09-27T18:31:04.383Z
chip_084_207,12TXR,2022-06-16T18:21:31.303Z,2022-06-26T18:21:38.015Z,2022-07-21T18:21:44.201Z
chip_421_324,14RPP,2022-03-22T17:16:44.088Z,2022-03-27T17:16:38.147Z,2022-05-21T17:16:47.528Z
chip_370_349,14RQT,2022-03-02T17:15:43.242Z,2022-03-12T17:15:43.754Z,2022-05-16T17:15:38.928Z
chip_144_498,16TGM,2022-03-20T16:31:55.982Z,2022-06-18T16:32:04.108Z,2022-09-01T16:31:53.729Z
chip_155_469,16TEM,2022-05-07T16:41:52.147Z,2022-06-16T16:41:59.644Z,2022-07-21T16:42:07.033Z
chip_344_459,16RCU,2022-03-13T16:45:15.175Z,2022-09-14T16:45:13.106Z,2022-09-29T16:45:18.439Z
chip_134_472,16TEN,2022-04-17T16:41:37.040Z,2022-06-21T16:41:53.301Z,2022-09-19T16:41:49.278Z
chip_063_084,11TLL,2022-05-04T19:01:53.798Z,2022-08-12T19:02:01.232Z,2022-09-26T19:01:49.367Z
chip_221_316,14SNH,2022-03-03T17:33:10.094Z,2022-03-28T17:33:15.559Z,2022-09-04T17:33:24.834Z
chip_315_519,17SKR,2022-03-02T16:24:31.364Z,2022-05-11T16:24:32.306Z,2022-06-20T16:24:39.002Z
chip_148_501,16TGM,2022-03-20T16:31:55.982Z,2022-06-18T16:32:04.108Z,2022-09-01T16:31:53.729Z
chip_093_356,14TQR,2022-05-27T17:31:17.799Z,2022-08-10T17:31:13.982Z,2022-09-04T17:31:22.080Z
chip_328_502,16RFV,2022-03-05T16:34:47.816Z,2022-04-04T16:34:47.229Z,2022-04-19T16:34:54.650Z
chip_200_323,14SNJ,2022-04-17T17:33:02.364Z,2022-07-21T17:33:03.559Z,2022-09-29T17:32:58.191Z
chip_088_302,14TMS,2022-03-16T17:41:01.327Z,2022-06-19T17:41:14.921Z,2022-09-27T17:41:10.460Z
chip_118_448,16TDP,2022-06-09T16:51:29.385Z,2022-07-09T16:51:32.085Z,2022-07-14T16:51:39.868Z
chip_225_372,15SUC,2022-04-26T17:13:02.159Z,2022-07-10T17:13:21.748Z,2022-09-13T17:13:10.818Z
chip_152_477,16TFM,2022-04-12T16:41:54.888Z,2022-06-16T16:41:56.352Z,2022-09-14T16:41:54.418Z
chip_220_311,14SMH,2022-03-28T17:33:19.183Z,2022-06-11T17:33:19.319Z,2022-09-29T17:33:16.289Z
chip_221_292,14SLH,2022-03-01T17:43:20.009Z,2022-06-29T17:43:29.475Z,2022-09-27T17:43:23.855Z
chip_252_265,13SGA,2022-03-01T17:43:54.149Z,2022-05-30T17:43:58.495Z,2022-09-17T17:43:59.457Z
chip_333_508,16RGV,2022-03-02T16:24:48.107Z,2022-04-01T16:24:47.778Z,2022-09-23T16:24:58.240Z
chip_158_462,16TEM,2022-05-07T16:41:52.147Z,2022-06-16T16:41:59.644Z,2022-07-21T16:42:07.033Z
chip_123_446,16TDP,2022-06-09T16:51:29.385Z,2022-07-09T16:51:32.085Z,2022-07-14T16:51:39.868Z
chip_253_416,15SXA,2022-06-27T17:03:43.669Z,2022-09-20T17:03:32.320Z,2022-09-25T17:03:38.072Z
chip_220_462,16SDH,2022-03-13T16:43:01.398Z,2022-07-21T16:43:08.614Z,2022-09-24T16:42:58.140Z
chip_058_192,12TWT,2022-07-14T18:31:16.736Z,2022-08-08T18:31:08.262Z,2022-09-27T18:31:04.383Z
chip_214_429,16SBH,2022-03-16T16:53:05.142Z,2022-03-26T16:53:03.963Z,2022-06-19T16:53:05.668Z
chip_241_474,16SEF,2022-03-03T16:43:26.432Z,2022-05-17T16:43:22.211Z,2022-09-29T16:43:30.061Z
chip_330_498,16RFV,2022-03-05T16:34:47.816Z,2022-04-04T16:34:47.229Z,2022-04-19T16:34:54.650Z
chip_138_494,16TGN,2022-04-12T16:41:36.737Z,2022-06-16T16:41:38.174Z,2022-06-21T16:41:39.287Z
chip_242_590,17SQV,2022-03-21T16:03:30.091Z,2022-06-19T16:03:38.547Z,2022-09-27T16:03:34.104Z
chip_265_567,17SNU,2022-03-04T16:13:47.961Z,2022-04-28T16:13:36.781Z,2022-06-17T16:13:48.250Z
chip_291_134,12SVB,2022-03-15T18:15:04.427Z,2022-05-19T18:15:12.322Z,2022-05-29T18:15:14.007Z
chip_139_487,16TFN,2022-04-12T16:41:40.271Z,2022-06-16T16:41:41.717Z,2022-06-21T16:41:49.903Z
chip_237_591,18STE,2022-03-21T16:03:28.606Z,2022-04-25T16:03:19.048Z,2022-08-03T16:03:29.936Z
chip_107_106,11TNJ,2022-06-15T18:52:16.782Z,2022-06-30T18:52:26.053Z,2022-09-08T18:52:24.230Z
chip_120_509,17TLJ,2022-04-29T16:31:24.943Z,2022-06-23T16:31:24.610Z,2022-09-01T16:31:20.910Z
chip_115_487,16TFP,2022-05-07T16:41:19.793Z,2022-06-16T16:41:27.310Z,2022-09-09T16:41:34.405Z
chip_148_478,16TFM,2022-04-12T16:41:54.888Z,2022-06-16T16:41:56.352Z,2022-09-14T16:41:54.418Z
chip_181_237,13TDE,2022-04-21T18:02:50.356Z,2022-06-15T18:03:06.327Z,2022-09-23T18:03:02.472Z
chip_138_430,15TYH,2022-05-13T17:01:44.460Z,2022-06-22T17:01:50.779Z,2022-09-30T17:01:45.385Z
chip_241_331,14SPF,2022-03-15T17:23:46.321Z,2022-07-18T17:23:47.230Z,2022-09-26T17:23:42.780Z
chip_182_606,18SVJ,2022-03-11T16:02:24.161Z,2022-06-19T16:02:31.799Z,2022-09-27T16:02:27.348Z
chip_051_173,12TVT,2022-07-14T18:31:19.339Z,2022-08-08T18:31:12.166Z,2022-09-02T18:31:20.226Z
chip_274_468,16SDD,2022-03-03T16:43:58.991Z,2022-04-27T16:43:48.302Z,2022-06-16T16:43:53.974Z
chip_198_311,14SMJ,2022-04-02T17:32:58.694Z,2022-06-16T17:33:13.142Z,2022-09-04T17:33:13.848Z
chip_165_469,16TEL,2022-04-27T16:42:03.179Z,2022-06-21T16:42:22.255Z,2022-09-14T16:42:12.150Z
chip_153_480,16TFM,2022-04-12T16:41:54.888Z,2022-06-16T16:41:56.352Z,2022-09-14T16:41:54.418Z
chip_298_352,15STT,2022-03-02T17:14:28.402Z,2022-05-06T17:14:20.844Z,2022-09-28T17:14:32.136Z
chip_233_334,14SPG,2022-04-09T17:23:24.690Z,2022-04-14T17:23:30.941Z,2022-07-13T17:23:40.575Z
chip_055_144,11TQN,2022-04-08T18:41:12.746Z,2022-08-16T18:41:24.244Z,2022-09-25T18:41:18.868Z
chip_168_268,13TFF,2022-03-19T17:52:35.615Z,2022-06-27T17:52:42.688Z,2022-09-20T17:52:45.240Z
chip_218_431,16SBH,2022-03-16T16:53:05.142Z,2022-03-26T16:53:03.963Z,2022-06-19T16:53:05.668Z
chip_147_478,16TFM,2022-04-12T16:41:54.888Z,2022-06-16T16:41:56.352Z,2022-09-14T16:41:54.418Z
chip_125_492,16TGP,2022-05-07T16:41:16.393Z,2022-06-21T16:41:31.935Z,2022-09-09T16:41:30.995Z
chip_154_478,16TFM,2022-04-12T16:41:54.888Z,2022-06-16T16:41:56.352Z,2022-09-14T16:41:54.418Z
chip_107_417,15TYK,2022-05-13T17:01:15.357Z,2022-06-27T17:01:29.706Z,2022-08-31T17:01:17.915Z
chip_164_420,16TBM,2022-05-13T17:01:58.996Z,2022-06-27T17:02:13.322Z,2022-08-31T17:02:01.571Z
chip_127_502,17TLH,2022-04-14T16:31:30.600Z,2022-06-18T16:31:45.821Z,2022-09-01T16:31:35.443Z
chip_114_423,15TYK,2022-05-13T17:01:15.357Z,2022-06-27T17:01:29.706Z,2022-08-31T17:01:17.915Z
chip_183_356,15TTE,2022-04-04T17:22:42.037Z,2022-05-09T17:22:37.746Z,2022-08-02T17:22:51.139Z
chip_310_542,17SLR,2022-03-27T16:24:33.268Z,2022-05-11T16:24:28.467Z,2022-06-20T16:24:35.156Z
chip_135_484,16TFN,2022-04-12T16:41:40.271Z,2022-06-16T16:41:41.717Z,2022-06-21T16:41:49.903Z
chip_244_334,14SPF,2022-03-15T17:23:46.321Z,2022-07-18T17:23:47.230Z,2022-09-26T17:23:42.780Z
chip_276_473,16SED,2022-03-03T16:43:54.952Z,2022-04-27T16:43:44.290Z,2022-09-19T16:43:59.325Z
chip_181_239,13TEE,2022-04-18T17:52:50.986Z,2022-07-02T17:53:08.431Z,2022-09-05T17:52:57.041Z
chip_137_478,16TFN,2022-04-12T16:41:40.271Z,2022-06-16T16:41:41.717Z,2022-06-21T16:41:49.903Z
chip_219_336,14SPH,2022-03-15T17:23:17.097Z,2022-06-28T17:23:18.300Z,2022-09-26T17:23:13.550Z
chip_253_448,16SCE,2022-03-01T16:53:36.816Z,2022-06-19T16:53:44.502Z,2022-09-27T16:53:40.300Z
chip_249_594,18STD,2022-03-21T16:03:43.002Z,2022-04-20T16:03:44.140Z,2022-06-19T16:03:51.448Z
chip_254_444,16SCE,2022-03-01T16:53:36.816Z,2022-06-19T16:53:44.502Z,2022-09-27T16:53:40.300Z
chip_125_441,16TCP,2022-06-17T17:01:39.034Z,2022-06-22T17:01:32.473Z,2022-06-27T17:01:40.491Z
chip_216_264,13SFC,2022-03-19T17:53:19.037Z,2022-07-12T17:53:33.765Z,2022-09-30T17:53:28.288Z
chip_080_231,13TCM,2022-06-23T18:11:20.233Z,2022-07-28T18:11:24.720Z,2022-09-11T18:11:17.384Z
chip_221_333,14SPH,2022-03-15T17:23:17.097Z,2022-06-28T17:23:18.300Z,2022-09-26T17:23:13.550Z
chip_253_271,13SGA,2022-03-01T17:43:54.149Z,2022-05-30T17:43:58.495Z,2022-09-17T17:43:59.457Z
chip_271_265,13SGU,2022-03-01T17:44:23.180Z,2022-05-30T17:44:27.524Z,2022-09-07T17:44:31.086Z
chip_079_220,12TYS,2022-04-07T18:21:11.593Z,2022-07-31T18:21:24.825Z,2022-09-04T18:21:16.297Z
chip_217_314,14SNH,2022-03-03T17:33:10.094Z,2022-03-28T17:33:15.559Z,2022-09-04T17:33:24.834Z
chip_181_606,18SVJ,2022-03-11T16:02:24.161Z,2022-06-19T16:02:31.799Z,2022-09-27T16:02:27.348Z
chip_238_286,14SLG,2022-03-01T17:43:34.008Z,2022-06-24T17:43:35.491Z,2022-09-27T17:43:37.853Z
chip_063_357,14TQT,2022-04-27T17:30:46.503Z,2022-06-06T17:30:49.308Z,2022-08-30T17:30:39.524Z
chip_145_483,16TFM,2022-04-12T16:41:54.888Z,2022-06-16T16:41:56.352Z,2022-09-14T16:41:54.418Z
chip_335_500,16RFV,2022-03-05T16:34:47.816Z,2022-04-04T16:34:47.229Z,2022-04-19T16:34:54.650Z
chip_167_587,18TUK,2022-03-16T16:02:07.538Z,2022-06-19T16:02:21.115Z,2022-08-18T16:02:22.029Z
chip_272_429,15SYU,2022-06-29T16:54:05.735Z,2022-08-13T16:54:12.905Z,2022-09-12T16:54:10.858Z
chip_370_350,14RQT,2022-03-02T17:15:43.242Z,2022-03-12T17:15:43.754Z,2022-05-16T17:15:38.928Z
chip_237_590,18STE,2022-03-21T16:03:28.606Z,2022-04-25T16:03:19.048Z,2022-08-03T16:03:29.936Z
chip_270_267,13SGU,2022-03-01T17:44:23.180Z,2022-05-30T17:44:27.524Z,2022-09-07T17:44:31.086Z
chip_146_495,17TKG,2022-03-20T16:31:56.041Z,2022-06-21T16:42:00.635Z,2022-09-14T16:41:50.538Z
chip_184_239,13TEE,2022-04-18T17:52:50.986Z,2022-07-02T17:53:08.431Z,2022-09-05T17:52:57.041Z
chip_136_478,16TFN,2022-04-12T16:41:40.271Z,2022-06-16T16:41:41.717Z,2022-06-21T16:41:49.903Z
chip_087_201,12TXR,2022-06-16T18:21:31.303Z,2022-06-26T18:21:38.015Z,2022-07-21T18:21:44.201Z
chip_118_484,16TFP,2022-05-07T16:41:19.793Z,2022-06-16T16:41:27.310Z,2022-09-09T16:41:34.405Z
chip_227_292,14SLG,2022-03-01T17:43:34.008Z,2022-06-24T17:43:35.491Z,2022-09-27T17:43:37.853Z
chip_153_479,16TFM,2022-04-12T16:41:54.888Z,2022-06-16T16:41:56.352Z,2022-09-14T16:41:54.418Z
chip_255_273,14SKE,2022-03-01T17:44:07.088Z,2022-05-30T17:44:11.442Z,2022-09-27T17:44:10.935Z
chip_332_509,16RGV,2022-03-02T16:24:48.107Z,2022-04-01T16:24:47.778Z,2022-09-23T16:24:58.240Z
chip_237_595,18STE,2022-03-21T16:03:28.606Z,2022-04-25T16:03:19.048Z,2022-08-03T16:03:29.936Z
chip_219_468,16SEH,2022-03-13T16:42:57.934Z,2022-06-21T16:43:05.949Z,2022-09-19T16:43:01.935Z
chip_267_274,14SKE,2022-03-01T17:44:07.088Z,2022-05-30T17:44:11.442Z,2022-09-27T17:44:10.935Z
chip_298_351,15STT,2022-03-02T17:14:28.402Z,2022-05-06T17:14:20.844Z,2022-09-28T17:14:32.136Z
chip_180_407,15TXE,2022-07-12T17:02:37.322Z,2022-09-20T17:02:34.300Z,2022-09-30T17:02:32.251Z
chip_094_357,14TQR,2022-05-27T17:31:17.799Z,2022-08-10T17:31:13.982Z,2022-09-04T17:31:22.080Z
chip_238_285,14SLG,2022-03-01T17:43:34.008Z,2022-06-24T17:43:35.491Z,2022-09-27T17:43:37.853Z
chip_217_429,16SBH,2022-03-16T16:53:05.142Z,2022-03-26T16:53:03.963Z,2022-06-19T16:53:05.668Z
chip_182_406,15TXE,2022-07-12T17:02:37.322Z,2022-09-20T17:02:34.300Z,2022-09-30T17:02:32.251Z
chip_317_530,17SKR,2022-03-02T16:24:31.364Z,2022-05-11T16:24:32.306Z,2022-06-20T16:24:39.002Z
chip_143_479,16TFN,2022-04-12T16:41:40.271Z,2022-06-16T16:41:41.717Z,2022-06-21T16:41:49.903Z
chip_140_486,16TFN,2022-04-12T16:41:40.271Z,2022-06-16T16:41:41.717Z,2022-06-21T16:41:49.903Z
chip_200_030,10SGF,2022-03-07T18:54:19.006Z,2022-05-26T18:54:21.500Z,2022-09-23T18:54:22.290Z
chip_245_580,17SQV,2022-03-21T16:03:30.091Z,2022-06-19T16:03:38.547Z,2022-09-27T16:03:34.104Z
chip_258_443,16SCE,2022-03-01T16:53:36.816Z,2022-06-19T16:53:44.502Z,2022-09-27T16:53:40.300Z
chip_142_492,16TGN,2022-04-12T16:41:36.737Z,2022-06-16T16:41:38.174Z,2022-06-21T16:41:39.287Z
chip_147_443,16TCN,2022-05-13T17:01:40.144Z,2022-06-27T17:01:54.466Z,2022-09-30T17:01:41.069Z
chip_330_333,14SPA,2022-03-10T17:24:52.655Z,2022-05-19T17:24:54.500Z,2022-09-26T17:24:55.094Z
chip_319_510,16SGA,2022-03-02T16:24:33.589Z,2022-05-11T16:24:34.530Z,2022-06-20T16:24:41.224Z
chip_127_303,14TMP,2022-06-19T17:41:58.347Z,2022-07-09T17:41:59.588Z,2022-07-19T17:41:58.325Z
chip_161_480,16TFL,2022-04-17T16:42:02.666Z,2022-06-21T16:42:18.902Z,2022-09-14T16:42:08.803Z
chip_226_605,18SUF,2022-03-21T16:03:10.397Z,2022-06-19T16:03:18.846Z,2022-09-27T16:03:14.413Z
chip_217_336,14SPH,2022-03-15T17:23:17.097Z,2022-06-28T17:23:18.300Z,2022-09-26T17:23:13.550Z
chip_318_531,17SKR,2022-03-02T16:24:31.364Z,2022-05-11T16:24:32.306Z,2022-06-20T16:24:39.002Z
chip_180_244,13TEE,2022-04-18T17:52:50.986Z,2022-07-02T17:53:08.431Z,2022-09-05T17:52:57.041Z
chip_199_367,15SUD,2022-03-02T17:12:57.262Z,2022-07-10T17:13:07.352Z,2022-09-28T17:13:01.736Z
chip_268_370,15SUV,2022-04-01T17:13:54.327Z,2022-07-05T17:13:57.327Z,2022-09-23T17:13:53.236Z
chip_330_497,16RFV,2022-03-05T16:34:47.816Z,2022-04-04T16:34:47.229Z,2022-04-19T16:34:54.650Z
chip_168_589,18TUK,2022-03-16T16:02:07.538Z,2022-06-19T16:02:21.115Z,2022-08-18T16:02:22.029Z
chip_052_238,13UDP,2022-06-23T18:10:47.473Z,2022-08-27T18:10:55.179Z,2022-09-21T18:10:43.877Z
chip_238_336,14SPG,2022-04-09T17:23:24.690Z,2022-04-14T17:23:30.941Z,2022-07-13T17:23:40.575Z
chip_334_503,16RFV,2022-03-05T16:34:47.816Z,2022-04-04T16:34:47.229Z,2022-04-19T16:34:54.650Z
chip_138_490,16TGN,2022-04-12T16:41:36.737Z,2022-06-16T16:41:38.174Z,2022-06-21T16:41:39.287Z
chip_270_408,15SXU,2022-03-04T17:03:56.685Z,2022-07-12T17:04:03.878Z,2022-09-30T17:03:58.816Z
chip_191_459,16SDJ,2022-03-16T16:52:42.739Z,2022-06-29T16:52:44.029Z,2022-09-27T16:52:39.052Z
chip_111_421,15TYK,2022-05-13T17:01:15.357Z,2022-06-27T17:01:29.706Z,2022-08-31T17:01:17.915Z
chip_173_350,14TQL,2022-04-14T17:22:29.589Z,2022-06-28T17:22:31.670Z,2022-08-02T17:22:37.077Z
chip_165_582,18TTK,2022-03-04T16:12:13.645Z,2022-03-29T16:12:06.725Z,2022-04-28T16:12:02.492Z
chip_124_433,16TCP,2022-06-17T17:01:39.034Z,2022-06-22T17:01:32.473Z,2022-06-27T17:01:40.491Z
chip_114_506,17TLJ,2022-04-29T16:31:24.943Z,2022-06-23T16:31:24.610Z,2022-09-01T16:31:20.910Z
chip_112_419,15TYK,2022-05-13T17:01:15.357Z,2022-06-27T17:01:29.706Z,2022-08-31T17:01:17.915Z
chip_386_324,14RPS,2022-03-12T17:16:01.235Z,2022-05-26T17:15:57.325Z,2022-09-28T17:16:04.455Z
chip_253_263,13SGA,2022-03-01T17:43:54.149Z,2022-05-30T17:43:58.495Z,2022-09-17T17:43:59.457Z
chip_334_499,16RFV,2022-03-05T16:34:47.816Z,2022-04-04T16:34:47.229Z,2022-04-19T16:34:54.650Z
chip_153_467,16TEM,2022-05-07T16:41:52.147Z,2022-06-16T16:41:59.644Z,2022-07-21T16:42:07.033Z
chip_077_300,14TLS,2022-03-19T17:51:02.214Z,2022-06-22T17:51:16.393Z,2022-08-31T17:51:16.448Z
chip_181_250,13TEE,2022-04-18T17:52:50.986Z,2022-07-02T17:53:08.431Z,2022-09-05T17:52:57.041Z
chip_228_023,10SGE,2022-06-05T18:54:36.625Z,2022-06-30T18:54:48.780Z,2022-07-25T18:54:40.860Z
chip_247_290,14SLF,2022-03-03T17:33:46.260Z,2022-06-06T17:33:57.153Z,2022-09-19T17:33:50.715Z
chip_227_290,14SLG,2022-03-01T17:43:34.008Z,2022-06-24T17:43:35.491Z,2022-09-27T17:43:37.853Z
chip_255_277,14SKE,2022-03-01T17:44:07.088Z,2022-05-30T17:44:11.442Z,2022-09-27T17:44:10.935Z
chip_123_495,16TGP,2022-05-07T16:41:16.393Z,2022-06-21T16:41:31.935Z,2022-09-09T16:41:30.995Z
chip_054_264,13UEP,2022-03-17T18:00:45.513Z,2022-08-09T18:00:45.629Z,2022-09-26T18:10:45.514Z
chip_139_486,16TFN,2022-04-12T16:41:40.271Z,2022-06-16T16:41:41.717Z,2022-06-21T16:41:49.903Z
chip_085_264,13TFM,2022-05-26T18:01:14.490Z,2022-08-29T18:01:07.733Z,2022-09-03T18:01:19.018Z
chip_128_506,17TLH,2022-04-14T16:31:30.600Z,2022-06-18T16:31:45.821Z,2022-09-01T16:31:35.443Z
chip_124_303,14TMP,2022-06-19T17:41:58.347Z,2022-07-09T17:41:59.588Z,2022-07-19T17:41:58.325Z
chip_120_436,16TCP,2022-06-17T17:01:39.034Z,2022-06-22T17:01:32.473Z,2022-06-27T17:01:40.491Z
chip_203_308,14SMJ,2022-04-02T17:32:58.694Z,2022-06-16T17:33:13.142Z,2022-09-04T17:33:13.848Z
chip_270_409,15SXU,2022-03-04T17:03:56.685Z,2022-07-12T17:04:03.878Z,2022-09-30T17:03:58.816Z
chip_172_154,12TVK,2022-03-23T18:23:09.833Z,2022-06-21T18:23:18.988Z,2022-09-24T18:23:07.686Z
chip_253_285,14SLF,2022-03-03T17:33:46.260Z,2022-06-06T17:33:57.153Z,2022-09-19T17:33:50.715Z
chip_144_496,17TKG,2022-03-20T16:31:56.041Z,2022-06-21T16:42:00.635Z,2022-09-14T16:41:50.538Z
chip_327_516,16RGV,2022-03-02T16:24:48.107Z,2022-04-01T16:24:47.778Z,2022-09-23T16:24:58.240Z
chip_246_334,14SPF,2022-03-15T17:23:46.321Z,2022-07-18T17:23:47.230Z,2022-09-26T17:23:42.780Z
chip_110_417,15TYK,2022-05-13T17:01:15.357Z,2022-06-27T17:01:29.706Z,2022-08-31T17:01:17.915Z
chip_336_499,16RFV,2022-03-05T16:34:47.816Z,2022-04-04T16:34:47.229Z,2022-04-19T16:34:54.650Z
chip_251_260,13SFA,2022-06-29T17:44:06.773Z,2022-08-28T17:44:06.360Z,2022-09-17T17:44:02.588Z
chip_243_450,16SCF,2022-03-01T16:53:22.784Z,2022-06-19T16:53:30.476Z,2022-09-27T16:53:26.267Z
chip_071_257,13TEN,2022-05-26T18:01:03.556Z,2022-08-09T18:01:00.004Z,2022-09-28T18:00:56.021Z
chip_036_117,11TNN,2022-06-25T18:51:20.586Z,2022-07-30T18:51:25.451Z,2022-08-29T18:51:28.016Z
chip_245_435,16SBF,2022-04-10T16:53:26.868Z,2022-06-19T16:53:34.519Z,2022-09-12T16:53:40.407Z
chip_257_443,16SCE,2022-03-01T16:53:36.816Z,2022-06-19T16:53:44.502Z,2022-09-27T16:53:40.300Z
chip_118_446,16TDP,2022-06-09T16:51:29.385Z,2022-07-09T16:51:32.085Z,2022-07-14T16:51:39.868Z
chip_259_444,16SCE,2022-03-01T16:53:36.816Z,2022-06-19T16:53:44.502Z,2022-09-27T16:53:40.300Z
chip_036_118,11TNN,2022-06-25T18:51:20.586Z,2022-07-30T18:51:25.451Z,2022-08-29T18:51:28.016Z
chip_241_288,14SLF,2022-03-03T17:33:46.260Z,2022-06-06T17:33:57.153Z,2022-09-19T17:33:50.715Z
chip_037_102,11TMN,2022-06-23T19:01:28.505Z,2022-08-07T19:01:20.304Z,2022-09-26T19:01:16.515Z
chip_345_468,16RDU,2022-03-20T16:35:14.943Z,2022-04-04T16:35:08.327Z,2022-08-17T16:35:24.130Z
chip_256_271,13SGV,2022-03-26T17:44:02.711Z,2022-06-24T17:44:10.306Z,2022-09-27T17:44:12.666Z
chip_168_588,18TUK,2022-03-16T16:02:07.538Z,2022-06-19T16:02:21.115Z,2022-08-18T16:02:22.029Z
chip_148_491,17TKG,2022-03-20T16:31:56.041Z,2022-06-21T16:42:00.635Z,2022-09-14T16:41:50.538Z
chip_239_269,13SGA,2022-03-01T17:43:54.149Z,2022-05-30T17:43:58.495Z,2022-09-17T17:43:59.457Z
chip_132_474,16TFN,2022-04-12T16:41:40.271Z,2022-06-16T16:41:41.717Z,2022-06-21T16:41:49.903Z
chip_282_267,13SGU,2022-03-01T17:44:23.180Z,2022-05-30T17:44:27.524Z,2022-09-07T17:44:31.086Z
chip_418_313,14RNQ,2022-03-12T17:16:33.571Z,2022-05-21T17:16:36.040Z,2022-08-04T17:16:33.979Z
chip_225_274,14SKG,2022-03-01T17:43:38.485Z,2022-05-30T17:43:42.836Z,2022-09-27T17:43:42.329Z
chip_183_607,18SVJ,2022-03-11T16:02:24.161Z,2022-06-19T16:02:31.799Z,2022-09-27T16:02:27.348Z
chip_150_493,17TKG,2022-03-20T16:31:56.041Z,2022-06-21T16:42:00.635Z,2022-09-14T16:41:50.538Z
chip_316_343,14SQB,2022-03-12T17:14:45.222Z,2022-06-20T17:14:53.058Z,2022-09-28T17:14:48.451Z
chip_112_405,15TXK,2022-06-20T17:11:28.687Z,2022-09-03T17:11:18.203Z,2022-09-13T17:11:18.766Z
chip_158_617,18TWK,2022-04-02T15:52:02.248Z,2022-06-26T15:52:18.264Z,2022-09-19T15:52:07.117Z
chip_289_444,16SBC,2022-04-10T16:54:09.925Z,2022-04-30T16:54:06.795Z,2022-06-24T16:54:25.664Z
chip_237_335,14SPG,2022-04-09T17:23:24.690Z,2022-04-14T17:23:30.941Z,2022-07-13T17:23:40.575Z
chip_131_444,16TDP,2022-06-09T16:51:29.385Z,2022-07-09T16:51:32.085Z,2022-07-14T16:51:39.868Z
chip_371_349,14RQT,2022-03-02T17:15:43.242Z,2022-03-12T17:15:43.754Z,2022-05-16T17:15:38.928Z
chip_106_288,14TLQ,2022-03-19T17:51:30.541Z,2022-07-17T17:51:37.257Z,2022-09-25T17:51:33.091Z
chip_195_410,15SXD,2022-06-17T17:02:58.727Z,2022-06-27T17:03:00.170Z,2022-07-12T17:02:51.831Z
chip_275_398,15SWU,2022-03-04T17:04:00.648Z,2022-07-12T17:04:07.840Z,2022-09-30T17:04:02.779Z
chip_247_335,14SPF,2022-03-15T17:23:46.321Z,2022-07-18T17:23:47.230Z,2022-09-26T17:23:42.780Z
chip_118_467,16TEP,2022-04-10T16:51:20.171Z,2022-06-24T16:51:35.910Z,2022-08-18T16:51:25.441Z
chip_209_425,15SYD,2022-03-09T17:02:47.765Z,2022-07-22T17:02:48.745Z,2022-09-30T17:02:43.072Z
chip_238_276,14SKG,2022-03-01T17:43:38.485Z,2022-05-30T17:43:42.836Z,2022-09-27T17:43:42.329Z
chip_183_605,18SVJ,2022-03-11T16:02:24.161Z,2022-06-19T16:02:31.799Z,2022-09-27T16:02:27.348Z
chip_253_447,16SCE,2022-03-01T16:53:36.816Z,2022-06-19T16:53:44.502Z,2022-09-27T16:53:40.300Z
chip_061_194,12TWT,2022-07-14T18:31:16.736Z,2022-08-08T18:31:08.262Z,2022-09-27T18:31:04.383Z
chip_144_469,16TEN,2022-04-17T16:41:37.040Z,2022-06-21T16:41:53.301Z,2022-09-19T16:41:49.278Z
chip_138_615,18TWL,2022-03-16T16:01:45.376Z,2022-04-30T16:01:52.384Z,2022-09-02T16:01:48.538Z
chip_292_552,17SMS,2022-03-04T16:14:20.323Z,2022-06-02T16:14:24.437Z,2022-09-25T16:14:17.152Z
chip_221_309,14SMH,2022-03-28T17:33:19.183Z,2022-06-11T17:33:19.319Z,2022-09-29T17:33:16.289Z
chip_102_344,14TPR,2022-05-27T17:31:21.247Z,2022-08-10T17:31:17.428Z,2022-09-04T17:31:25.536Z
chip_116_438,16TCQ,2022-05-13T17:01:11.858Z,2022-06-27T17:01:26.198Z,2022-09-30T17:01:12.779Z
chip_147_493,17TKG,2022-03-20T16:31:56.041Z,2022-06-21T16:42:00.635Z,2022-09-14T16:41:50.538Z
chip_129_478,16TFN,2022-04-12T16:41:40.271Z,2022-06-16T16:41:41.717Z,2022-06-21T16:41:49.903Z
chip_088_362,15TUM,2022-04-27T17:30:57.572Z,2022-06-23T17:21:08.406Z,2022-09-11T17:21:06.574Z
chip_220_333,14SPH,2022-03-15T17:23:17.097Z,2022-06-28T17:23:18.300Z,2022-09-26T17:23:13.550Z
chip_306_525,17SKR,2022-03-02T16:24:31.364Z,2022-05-11T16:24:32.306Z,2022-06-20T16:24:39.002Z
chip_147_481,16TFM,2022-04-12T16:41:54.888Z,2022-06-16T16:41:56.352Z,2022-09-14T16:41:54.418Z
chip_061_094,11TLL,2022-05-04T19:01:53.798Z,2022-08-12T19:02:01.232Z,2022-09-26T19:01:49.367Z
chip_101_332,14TPR,2022-05-27T17:31:21.247Z,2022-08-10T17:31:17.428Z,2022-09-04T17:31:25.536Z
chip_309_380,15SVS,2022-03-19T17:04:39.346Z,2022-05-28T17:04:43.440Z,2022-09-30T17:04:35.176Z
chip_242_471,16SEF,2022-03-03T16:43:26.432Z,2022-05-17T16:43:22.211Z,2022-09-29T16:43:30.061Z
chip_084_361,15TUM,2022-04-27T17:30:57.572Z,2022-06-23T17:21:08.406Z,2022-09-11T17:21:06.574Z
chip_074_058,10TFQ,2022-06-26T19:12:19.119Z,2022-08-15T19:12:18.915Z,2022-09-09T19:12:08.399Z
chip_066_353,14TQT,2022-04-27T17:30:46.503Z,2022-06-06T17:30:49.308Z,2022-08-30T17:30:39.524Z
chip_141_481,16TFN,2022-04-12T16:41:40.271Z,2022-06-16T16:41:41.717Z,2022-06-21T16:41:49.903Z
chip_358_324,14RPU,2022-03-12T17:15:32.222Z,2022-05-16T17:15:27.391Z,2022-09-28T17:15:35.448Z
chip_254_267,13SGV,2022-03-26T17:44:02.711Z,2022-06-24T17:44:10.306Z,2022-09-27T17:44:12.666Z
chip_232_596,18STE,2022-03-21T16:03:28.606Z,2022-04-25T16:03:19.048Z,2022-08-03T16:03:29.936Z
chip_160_399,15TWG,2022-03-27T17:12:00.874Z,2022-04-26T17:11:57.037Z,2022-06-20T17:12:15.595Z
chip_140_484,16TFN,2022-04-12T16:41:40.271Z,2022-06-16T16:41:41.717Z,2022-06-21T16:41:49.903Z
chip_170_601,18SVJ,2022-03-11T16:02:24.161Z,2022-06-19T16:02:31.799Z,2022-09-27T16:02:27.348Z
chip_232_330,14SPG,2022-04-09T17:23:24.690Z,2022-04-14T17:23:30.941Z,2022-07-13T17:23:40.575Z
chip_162_469,16TEL,2022-04-27T16:42:03.179Z,2022-06-21T16:42:22.255Z,2022-09-14T16:42:12.150Z
chip_217_442,16SCH,2022-03-16T16:53:01.377Z,2022-06-19T16:53:01.903Z,2022-09-12T16:53:07.791Z
chip_100_358,14TQR,2022-05-27T17:31:17.799Z,2022-08-10T17:31:13.982Z,2022-09-04T17:31:22.080Z
chip_216_433,16SBH,2022-03-16T16:53:05.142Z,2022-03-26T16:53:03.963Z,2022-06-19T16:53:05.668Z
chip_141_474,16TEN,2022-04-17T16:41:37.040Z,2022-06-21T16:41:53.301Z,2022-09-19T16:41:49.278Z
chip_106_408,15TXK,2022-06-20T17:11:28.687Z,2022-09-03T17:11:18.203Z,2022-09-13T17:11:18.766Z
chip_219_333,14SPH,2022-03-15T17:23:17.097Z,2022-06-28T17:23:18.300Z,2022-09-26T17:23:13.550Z
chip_224_331,14SPH,2022-03-15T17:23:17.097Z,2022-06-28T17:23:18.300Z,2022-09-26T17:23:13.550Z
chip_138_480,16TFN,2022-04-12T16:41:40.271Z,2022-06-16T16:41:41.717Z,2022-06-21T16:41:49.903Z
chip_141_491,16TGN,2022-04-12T16:41:36.737Z,2022-06-16T16:41:38.174Z,2022-06-21T16:41:39.287Z
chip_130_505,17TLH,2022-04-14T16:31:30.600Z,2022-06-18T16:31:45.821Z,2022-09-01T16:31:35.443Z
chip_129_446,16TDP,2022-06-09T16:51:29.385Z,2022-07-09T16:51:32.085Z,2022-07-14T16:51:39.868Z
chip_134_304,14TMP,2022-06-19T17:41:58.347Z,2022-07-09T17:41:59.588Z,2022-07-19T17:41:58.325Z
chip_095_349,14TQR,2022-05-27T17:31:17.799Z,2022-08-10T17:31:13.982Z,2022-09-04T17:31:22.080Z
chip_217_425,15SYC,2022-03-01T16:52:58.989Z,2022-06-19T16:53:06.682Z,2022-09-27T16:53:02.464Z
chip_323_387,15SVR,2022-03-19T17:04:53.733Z,2022-04-08T17:04:51.231Z,2022-09-30T17:04:49.563Z
chip_053_113,11TNM,2022-06-25T18:51:35.051Z,2022-07-25T18:51:35.110Z,2022-08-29T18:51:42.486Z
chip_173_605,18SVJ,2022-03-11T16:02:24.161Z,2022-06-19T16:02:31.799Z,2022-09-27T16:02:27.348Z
chip_234_442,16SCG,2022-03-26T16:53:14.506Z,2022-05-20T16:53:11.761Z,2022-08-13T16:53:24.156Z
chip_171_264,13TFF,2022-03-19T17:52:35.615Z,2022-06-27T17:52:42.688Z,2022-09-20T17:52:45.240Z
chip_233_288,14SLG,2022-03-01T17:43:34.008Z,2022-06-24T17:43:35.491Z,2022-09-27T17:43:37.853Z
chip_284_276,14SKD,2022-03-01T17:44:21.216Z,2022-06-24T17:44:22.693Z,2022-09-27T17:44:25.062Z
chip_170_579,18TTK,2022-03-04T16:12:13.645Z,2022-03-29T16:12:06.725Z,2022-04-28T16:12:02.492Z
chip_190_284,14TLK,2022-03-26T17:42:45.360Z,2022-07-09T17:43:01.000Z,2022-09-07T17:42:59.364Z
chip_119_555,17TPH,2022-06-25T16:21:39.084Z,2022-06-30T16:21:31.673Z,2022-07-10T16:21:31.182Z
chip_211_336,14SPH,2022-03-15T17:23:17.097Z,2022-06-28T17:23:18.300Z,2022-09-26T17:23:13.550Z
chip_231_296,14SLG,2022-03-01T17:43:34.008Z,2022-06-24T17:43:35.491Z,2022-09-27T17:43:37.853Z
chip_279_256,13SFU,2022-03-01T17:44:26.270Z,2022-05-30T17:44:30.615Z,2022-09-27T17:44:30.115Z
chip_166_264,13TFF,2022-03-19T17:52:35.615Z,2022-06-27T17:52:42.688Z,2022-09-20T17:52:45.240Z
chip_160_479,16TFL,2022-04-17T16:42:02.666Z,2022-06-21T16:42:18.902Z,2022-09-14T16:42:08.803Z
chip_097_334,14TPR,2022-05-27T17:31:21.247Z,2022-08-10T17:31:17.428Z,2022-09-04T17:31:25.536Z
chip_368_344,14RQT,2022-03-02T17:15:43.242Z,2022-03-12T17:15:43.754Z,2022-05-16T17:15:38.928Z
chip_249_592,18STD,2022-03-21T16:03:43.002Z,2022-04-20T16:03:44.140Z,2022-06-19T16:03:51.448Z
chip_419_323,14RPQ,2022-03-22T17:16:29.422Z,2022-06-05T17:16:27.113Z,2022-09-08T17:16:37.490Z
chip_156_476,16TEM,2022-05-07T16:41:52.147Z,2022-06-16T16:41:59.644Z,2022-07-21T16:42:07.033Z
chip_092_214,12TYR,2022-03-30T18:11:35.093Z,2022-07-21T18:21:40.185Z,2022-09-26T18:11:39.990Z
chip_333_499,16RFV,2022-03-05T16:34:47.816Z,2022-04-04T16:34:47.229Z,2022-04-19T16:34:54.650Z
chip_248_276,14SKF,2022-03-01T17:43:52.746Z,2022-05-30T17:43:57.094Z,2022-09-27T17:43:56.593Z
chip_318_344,14SQA,2022-04-06T17:14:52.762Z,2022-04-26T17:14:49.249Z,2022-05-26T17:14:56.076Z
chip_126_477,16TFP,2022-05-07T16:41:19.793Z,2022-06-16T16:41:27.310Z,2022-09-09T16:41:34.405Z
chip_333_495,16RFV,2022-03-05T16:34:47.816Z,2022-04-04T16:34:47.229Z,2022-04-19T16:34:54.650Z
chip_318_527,17SKR,2022-03-02T16:24:31.364Z,2022-05-11T16:24:32.306Z,2022-06-20T16:24:39.002Z
chip_103_102,11TNJ,2022-06-15T18:52:16.782Z,2022-06-30T18:52:26.053Z,2022-09-08T18:52:24.230Z
chip_144_489,16TFM,2022-04-12T16:41:54.888Z,2022-06-16T16:41:56.352Z,2022-09-14T16:41:54.418Z
chip_117_449,16TDP,2022-06-09T16:51:29.385Z,2022-07-09T16:51:32.085Z,2022-07-14T16:51:39.868Z
chip_319_534,17RLQ,2022-03-02T16:24:41.634Z,2022-04-11T16:24:41.412Z,2022-09-23T16:24:51.764Z
chip_169_516,17TLF,2022-04-14T16:31:59.291Z,2022-06-18T16:32:14.503Z,2022-07-03T16:32:08.113Z
chip_240_336,14SPG,2022-04-09T17:23:24.690Z,2022-04-14T17:23:30.941Z,2022-07-13T17:23:40.575Z
chip_114_420,15TYK,2022-05-13T17:01:15.357Z,2022-06-27T17:01:29.706Z,2022-08-31T17:01:17.915Z
chip_120_557,17TPH,2022-06-25T16:21:39.084Z,2022-06-30T16:21:31.673Z,2022-07-10T16:21:31.182Z
chip_217_311,14SMH,2022-03-28T17:33:19.183Z,2022-06-11T17:33:19.319Z,2022-09-29T17:33:16.289Z
chip_274_464,16SDD,2022-03-03T16:43:58.991Z,2022-04-27T16:43:48.302Z,2022-06-16T16:43:53.974Z
chip_121_436,16TCP,2022-06-17T17:01:39.034Z,2022-06-22T17:01:32.473Z,2022-06-27T17:01:40.491Z
chip_219_270,13SGC,2022-03-01T17:43:24.985Z,2022-06-14T17:43:25.007Z,2022-09-27T17:43:28.829Z
chip_107_410,15TXK,2022-06-20T17:11:28.687Z,2022-09-03T17:11:18.203Z,2022-09-13T17:11:18.766Z
chip_253_265,13SGA,2022-03-01T17:43:54.149Z,2022-05-30T17:43:58.495Z,2022-09-17T17:43:59.457Z
chip_232_332,14SPG,2022-04-09T17:23:24.690Z,2022-04-14T17:23:30.941Z,2022-07-13T17:23:40.575Z
chip_270_476,16SED,2022-03-03T16:43:54.952Z,2022-04-27T16:43:44.290Z,2022-09-19T16:43:59.325Z
chip_132_484,16TFN,2022-04-12T16:41:40.271Z,2022-06-16T16:41:41.717Z,2022-06-21T16:41:49.903Z
chip_134_441,16TCN,2022-05-13T17:01:40.144Z,2022-06-27T17:01:54.466Z,2022-09-30T17:01:41.069Z
chip_236_450,16SCG,2022-03-26T16:53:14.506Z,2022-05-20T16:53:11.761Z,2022-08-13T16:53:24.156Z
chip_159_421,16TBM,2022-05-13T17:01:58.996Z,2022-06-27T17:02:13.322Z,2022-08-31T17:02:01.571Z
chip_175_411,15TXF,2022-05-13T17:02:16.723Z,2022-07-12T17:02:22.720Z,2022-09-30T17:02:17.640Z
chip_123_447,16TDP,2022-06-09T16:51:29.385Z,2022-07-09T16:51:32.085Z,2022-07-14T16:51:39.868Z
chip_184_604,18SVJ,2022-03-11T16:02:24.161Z,2022-06-19T16:02:31.799Z,2022-09-27T16:02:27.348Z
chip_173_585,18STJ,2022-03-04T16:12:27.950Z,2022-03-29T16:12:21.025Z,2022-04-28T16:12:16.790Z
chip_127_504,17TLH,2022-04-14T16:31:30.600Z,2022-06-18T16:31:45.821Z,2022-09-01T16:31:35.443Z
chip_175_585,18STJ,2022-03-04T16:12:27.950Z,2022-03-29T16:12:21.025Z,2022-04-28T16:12:16.790Z
chip_185_399,15TWE,2022-04-16T17:12:28.395Z,2022-07-05T17:12:37.457Z,2022-09-28T17:12:39.688Z
chip_222_432,16SBH,2022-03-16T16:53:05.142Z,2022-03-26T16:53:03.963Z,2022-06-19T16:53:05.668Z
chip_116_449,16TDQ,2022-05-15T16:51:17.294Z,2022-07-09T16:51:17.462Z,2022-07-14T16:51:25.242Z
chip_100_341,14TPR,2022-05-27T17:31:21.247Z,2022-08-10T17:31:17.428Z,2022-09-04T17:31:25.536Z
chip_148_494,17TKG,2022-03-20T16:31:56.041Z,2022-06-21T16:42:00.635Z,2022-09-14T16:41:50.538Z
chip_316_519,17SKR,2022-03-02T16:24:31.364Z,2022-05-11T16:24:32.306Z,2022-06-20T16:24:39.002Z
chip_183_614,18SVH,2022-03-06T16:02:31.986Z,2022-06-19T16:02:46.161Z,2022-09-27T16:02:41.731Z
chip_148_472,16TEM,2022-05-07T16:41:52.147Z,2022-06-16T16:41:59.644Z,2022-07-21T16:42:07.033Z
chip_124_479,16TFP,2022-05-07T16:41:19.793Z,2022-06-16T16:41:27.310Z,2022-09-09T16:41:34.405Z
chip_153_466,16TEM,2022-05-07T16:41:52.147Z,2022-06-16T16:41:59.644Z,2022-07-21T16:42:07.033Z
chip_247_427,15SYA,2022-06-04T16:53:39.267Z,2022-06-29T16:53:36.540Z,2022-09-12T16:53:41.662Z
chip_106_440,16TCQ,2022-05-13T17:01:11.858Z,2022-06-27T17:01:26.198Z,2022-09-30T17:01:12.779Z
chip_166_435,16TCL,2022-03-21T16:52:12.131Z,2022-06-29T16:52:19.405Z,2022-07-14T16:52:26.805Z
chip_060_118,11TNM,2022-06-25T18:51:35.051Z,2022-07-25T18:51:35.110Z,2022-08-29T18:51:42.486Z
chip_130_442,16TCP,2022-06-17T17:01:39.034Z,2022-06-22T17:01:32.473Z,2022-06-27T17:01:40.491Z
chip_223_442,16SCG,2022-03-26T16:53:14.506Z,2022-05-20T16:53:11.761Z,2022-08-13T16:53:24.156Z
chip_255_444,16SCE,2022-03-01T16:53:36.816Z,2022-06-19T16:53:44.502Z,2022-09-27T16:53:40.300Z
chip_242_335,14SPF,2022-03-15T17:23:46.321Z,2022-07-18T17:23:47.230Z,2022-09-26T17:23:42.780Z
chip_145_501,16TGM,2022-03-20T16:31:55.982Z,2022-06-18T16:32:04.108Z,2022-09-01T16:31:53.729Z
chip_202_016,10SFF,2022-03-10T19:04:18.391Z,2022-06-13T19:04:30.750Z,2022-09-16T19:04:22.258Z
chip_331_508,16RGV,2022-03-02T16:24:48.107Z,2022-04-01T16:24:47.778Z,2022-09-23T16:24:58.240Z
chip_171_352,15TTF,2022-03-15T17:22:30.208Z,2022-07-13T17:22:38.937Z,2022-09-26T17:22:26.657Z
chip_121_560,17TPH,2022-06-25T16:21:39.084Z,2022-06-30T16:21:31.673Z,2022-07-10T16:21:31.182Z
chip_224_326,14SNH,2022-03-03T17:33:10.094Z,2022-03-28T17:33:15.559Z,2022-09-04T17:33:24.834Z
chip_368_359,15RTN,2022-03-02T17:15:39.800Z,2022-03-12T17:15:40.311Z,2022-09-28T17:15:43.542Z
chip_119_558,17TPH,2022-06-25T16:21:39.084Z,2022-06-30T16:21:31.673Z,2022-07-10T16:21:31.182Z
chip_180_264,13TFE,2022-03-19T17:52:50.140Z,2022-07-07T17:52:57.049Z,2022-09-30T17:52:59.389Z
chip_146_485,16TFM,2022-04-12T16:41:54.888Z,2022-06-16T16:41:56.352Z,2022-09-14T16:41:54.418Z
chip_168_386,15TVF,2022-04-16T17:12:17.935Z,2022-07-20T17:12:33.442Z,2022-09-28T17:12:29.240Z
chip_097_356,14TQR,2022-05-27T17:31:17.799Z,2022-08-10T17:31:13.982Z,2022-09-04T17:31:22.080Z
chip_147_489,16TFM,2022-04-12T16:41:54.888Z,2022-06-16T16:41:56.352Z,2022-09-14T16:41:54.418Z
chip_268_269,13SGV,2022-03-26T17:44:02.711Z,2022-06-24T17:44:10.306Z,2022-09-27T17:44:12.666Z
chip_154_468,16TEM,2022-05-07T16:41:52.147Z,2022-06-16T16:41:59.644Z,2022-07-21T16:42:07.033Z
chip_184_503,17TKE,2022-05-09T16:32:25.289Z,2022-06-18T16:32:32.848Z,2022-07-03T16:32:26.460Z
chip_059_117,11TNM,2022-06-25T18:51:35.051Z,2022-07-25T18:51:35.110Z,2022-08-29T18:51:42.486Z
chip_255_446,16SCE,2022-03-01T16:53:36.816Z,2022-06-19T16:53:44.502Z,2022-09-27T16:53:40.300Z
chip_127_503,17TLH,2022-04-14T16:31:30.600Z,2022-06-18T16:31:45.821Z,2022-09-01T16:31:35.443Z
chip_320_518,16SGA,2022-03-02T16:24:33.589Z,2022-05-11T16:24:34.530Z,2022-06-20T16:24:41.224Z
chip_221_331,14SPH,2022-03-15T17:23:17.097Z,2022-06-28T17:23:18.300Z,2022-09-26T17:23:13.550Z
chip_148_492,17TKG,2022-03-20T16:31:56.041Z,2022-06-21T16:42:00.635Z,2022-09-14T16:41:50.538Z
chip_203_017,10SFF,2022-03-10T19:04:18.391Z,2022-06-13T19:04:30.750Z,2022-09-16T19:04:22.258Z
chip_220_329,14SPH,2022-03-15T17:23:17.097Z,2022-06-28T17:23:18.300Z,2022-09-26T17:23:13.550Z
chip_100_332,14TPR,2022-05-27T17:31:21.247Z,2022-08-10T17:31:17.428Z,2022-09-04T17:31:25.536Z
chip_113_415,15TXK,2022-06-20T17:11:28.687Z,2022-09-03T17:11:18.203Z,2022-09-13T17:11:18.766Z
chip_238_590,18STE,2022-03-21T16:03:28.606Z,2022-04-25T16:03:19.048Z,2022-08-03T16:03:29.936Z
chip_138_476,16TFN,2022-04-12T16:41:40.271Z,2022-06-16T16:41:41.717Z,2022-06-21T16:41:49.903Z
chip_272_266,13SGU,2022-03-01T17:44:23.180Z,2022-05-30T17:44:27.524Z,2022-09-07T17:44:31.086Z
chip_348_330,14RPU,2022-03-12T17:15:32.222Z,2022-05-16T17:15:27.391Z,2022-09-28T17:15:35.448Z
chip_106_411,15TXK,2022-06-20T17:11:28.687Z,2022-09-03T17:11:18.203Z,2022-09-13T17:11:18.766Z
chip_035_148,11UQP,2022-06-27T18:41:10.071Z,2022-08-01T18:41:02.058Z,2022-09-25T18:41:04.466Z
chip_181_578,17SQD,2022-03-04T16:12:28.651Z,2022-03-29T16:12:21.722Z,2022-04-28T16:12:17.486Z
chip_325_527,17RKQ,2022-03-27T16:24:51.448Z,2022-05-11T16:24:46.643Z,2022-09-23T16:24:55.833Z
chip_194_314,14TNK,2022-03-28T17:32:46.713Z,2022-08-05T17:32:55.308Z,2022-09-24T17:32:45.242Z
chip_228_605,18SUF,2022-03-21T16:03:10.397Z,2022-06-19T16:03:18.846Z,2022-09-27T16:03:14.413Z
chip_178_505,17TKE,2022-05-09T16:32:25.289Z,2022-06-18T16:32:32.848Z,2022-07-03T16:32:26.460Z
chip_052_240,13UDP,2022-06-23T18:10:47.473Z,2022-08-27T18:10:55.179Z,2022-09-21T18:10:43.877Z
chip_136_435,16TCN,2022-05-13T17:01:40.144Z,2022-06-27T17:01:54.466Z,2022-09-30T17:01:41.069Z
chip_084_359,15TUM,2022-04-27T17:30:57.572Z,2022-06-23T17:21:08.406Z,2022-09-11T17:21:06.574Z
chip_250_588,17SQU,2022-03-21T16:03:44.609Z,2022-04-20T16:03:45.747Z,2022-04-25T16:03:35.059Z
chip_050_114,11TNM,2022-06-25T18:51:35.051Z,2022-07-25T18:51:35.110Z,2022-08-29T18:51:42.486Z
chip_261_443,16SCE,2022-03-01T16:53:36.816Z,2022-06-19T16:53:44.502Z,2022-09-27T16:53:40.300Z
chip_064_120,11TNM,2022-06-25T18:51:35.051Z,2022-07-25T18:51:35.110Z,2022-08-29T18:51:42.486Z
chip_248_445,16SCF,2022-03-01T16:53:22.784Z,2022-06-19T16:53:30.476Z,2022-09-27T16:53:26.267Z
chip_327_510,16RGV,2022-03-02T16:24:48.107Z,2022-04-01T16:24:47.778Z,2022-09-23T16:24:58.240Z
chip_142_499,16TGM,2022-03-20T16:31:55.982Z,2022-06-18T16:32:04.108Z,2022-09-01T16:31:53.729Z
chip_173_519,17TLE,2022-05-09T16:32:21.253Z,2022-06-03T16:32:17.171Z,2022-06-18T16:32:28.798Z
chip_161_467,16TEL,2022-04-27T16:42:03.179Z,2022-06-21T16:42:22.255Z,2022-09-14T16:42:12.150Z
chip_350_345,14RQU,2022-04-06T17:15:21.916Z,2022-05-26T17:15:25.232Z,2022-09-28T17:15:32.364Z
chip_126_479,16TFP,2022-05-07T16:41:19.793Z,2022-06-16T16:41:27.310Z,2022-09-09T16:41:34.405Z
chip_146_481,16TFM,2022-04-12T16:41:54.888Z,2022-06-16T16:41:56.352Z,2022-09-14T16:41:54.418Z
chip_141_442,16TCN,2022-05-13T17:01:40.144Z,2022-06-27T17:01:54.466Z,2022-09-30T17:01:41.069Z
chip_107_413,15TXK,2022-06-20T17:11:28.687Z,2022-09-03T17:11:18.203Z,2022-09-13T17:11:18.766Z
chip_108_204,12TYQ,2022-03-30T18:11:49.573Z,2022-07-13T18:11:51.524Z,2022-09-26T18:11:54.470Z
chip_221_313,14SNH,2022-03-03T17:33:10.094Z,2022-03-28T17:33:15.559Z,2022-09-04T17:33:24.834Z
chip_122_445,16TDP,2022-06-09T16:51:29.385Z,2022-07-09T16:51:32.085Z,2022-07-14T16:51:39.868Z
chip_330_509,16RGV,2022-03-02T16:24:48.107Z,2022-04-01T16:24:47.778Z,2022-09-23T16:24:58.240Z
chip_121_507,17TLJ,2022-04-29T16:31:24.943Z,2022-06-23T16:31:24.610Z,2022-09-01T16:31:20.910Z
chip_200_324,14SNJ,2022-04-17T17:33:02.364Z,2022-07-21T17:33:03.559Z,2022-09-29T17:32:58.191Z
chip_328_510,16RGV,2022-03-02T16:24:48.107Z,2022-04-01T16:24:47.778Z,2022-09-23T16:24:58.240Z
chip_421_325,14RPP,2022-03-22T17:16:44.088Z,2022-03-27T17:16:38.147Z,2022-05-21T17:16:47.528Z
chip_140_493,16TGN,2022-04-12T16:41:36.737Z,2022-06-16T16:41:38.174Z,2022-06-21T16:41:39.287Z
chip_269_477,16SED,2022-03-03T16:43:54.952Z,2022-04-27T16:43:44.290Z,2022-09-19T16:43:59.325Z
chip_260_484,16SEE,2022-03-03T16:43:40.806Z,2022-05-17T16:43:36.583Z,2022-09-29T16:43:44.436Z
chip_320_525,17RKQ,2022-03-27T16:24:51.448Z,2022-05-11T16:24:46.643Z,2022-09-23T16:24:55.833Z
chip_253_443,16SCE,2022-03-01T16:53:36.816Z,2022-06-19T16:53:44.502Z,2022-09-27T16:53:40.300Z
chip_156_480,16TFM,2022-04-12T16:41:54.888Z,2022-06-16T16:41:56.352Z,2022-09-14T16:41:54.418Z
chip_210_334,14SPJ,2022-03-15T17:23:02.636Z,2022-06-28T17:23:03.833Z,2022-09-16T17:23:00.524Z
chip_124_441,16TCP,2022-06-17T17:01:39.034Z,2022-06-22T17:01:32.473Z,2022-06-27T17:01:40.491Z
chip_258_268,13SGV,2022-03-26T17:44:02.711Z,2022-06-24T17:44:10.306Z,2022-09-27T17:44:12.666Z
chip_273_460,16SDD,2022-03-03T16:43:58.991Z,2022-04-27T16:43:48.302Z,2022-06-16T16:43:53.974Z
chip_165_522,17TLF,2022-04-14T16:31:59.291Z,2022-06-18T16:32:14.503Z,2022-07-03T16:32:08.113Z
chip_120_503,17TLJ,2022-04-29T16:31:24.943Z,2022-06-23T16:31:24.610Z,2022-09-01T16:31:20.910Z
chip_148_473,16TEM,2022-05-07T16:41:52.147Z,2022-06-16T16:41:59.644Z,2022-07-21T16:42:07.033Z
chip_224_294,14SLH,2022-03-01T17:43:20.009Z,2022-06-29T17:43:29.475Z,2022-09-27T17:43:23.855Z
chip_117_447,16TDP,2022-06-09T16:51:29.385Z,2022-07-09T16:51:32.085Z,2022-07-14T16:51:39.868Z
chip_106_410,15TXK,2022-06-20T17:11:28.687Z,2022-09-03T17:11:18.203Z,2022-09-13T17:11:18.766Z
chip_116_432,16TCQ,2022-05-13T17:01:11.858Z,2022-06-27T17:01:26.198Z,2022-09-30T17:01:12.779Z
chip_173_579,18TTK,2022-03-04T16:12:13.645Z,2022-03-29T16:12:06.725Z,2022-04-28T16:12:02.492Z
chip_129_508,17TLH,2022-04-14T16:31:30.600Z,2022-06-18T16:31:45.821Z,2022-09-01T16:31:35.443Z
chip_141_487,16TFN,2022-04-12T16:41:40.271Z,2022-06-16T16:41:41.717Z,2022-06-21T16:41:49.903Z
chip_196_258,13SFD,2022-03-24T17:53:09.278Z,2022-07-02T17:53:19.587Z,2022-09-25T17:53:07.116Z
chip_221_460,16SDG,2022-04-27T16:43:04.721Z,2022-06-21T16:43:23.790Z,2022-07-21T16:43:22.995Z
chip_179_584,18STJ,2022-03-04T16:12:27.950Z,2022-03-29T16:12:21.025Z,2022-04-28T16:12:16.790Z
chip_033_148,11UPP,2022-07-30T18:51:07.241Z,2022-08-14T18:51:00.339Z,2022-08-29T18:51:09.825Z
chip_254_286,14SLF,2022-03-03T17:33:46.260Z,2022-06-06T17:33:57.153Z,2022-09-19T17:33:50.715Z
chip_227_277,14SKG,2022-03-01T17:43:38.485Z,2022-05-30T17:43:42.836Z,2022-09-27T17:43:42.329Z
chip_234_435,16SBG,2022-03-16T16:53:19.615Z,2022-06-29T16:53:20.916Z,2022-09-12T16:53:26.044Z
chip_164_517,17TLF,2022-04-14T16:31:59.291Z,2022-06-18T16:32:14.503Z,2022-07-03T16:32:08.113Z
chip_123_509,17TLJ,2022-04-29T16:31:24.943Z,2022-06-23T16:31:24.610Z,2022-09-01T16:31:20.910Z
chip_227_431,16SBG,2022-03-16T16:53:19.615Z,2022-06-29T16:53:20.916Z,2022-09-12T16:53:26.044Z
chip_138_495,16TGN,2022-04-12T16:41:36.737Z,2022-06-16T16:41:38.174Z,2022-06-21T16:41:39.287Z
chip_201_364,15SUD,2022-03-02T17:12:57.262Z,2022-07-10T17:13:07.352Z,2022-09-28T17:13:01.736Z
chip_115_507,17TLJ,2022-04-29T16:31:24.943Z,2022-06-23T16:31:24.610Z,2022-09-01T16:31:20.910Z
chip_139_476,16TFN,2022-04-12T16:41:40.271Z,2022-06-16T16:41:41.717Z,2022-06-21T16:41:49.903Z
chip_086_203,12TXR,2022-06-16T18:21:31.303Z,2022-06-26T18:21:38.015Z,2022-07-21T18:21:44.201Z
chip_137_275,13TGH,2022-03-19T17:52:03.192Z,2022-06-27T17:52:10.261Z,2022-09-20T17:52:12.816Z
chip_153_490,16TFM,2022-04-12T16:41:54.888Z,2022-06-16T16:41:56.352Z,2022-09-14T16:41:54.418Z
chip_176_579,18STJ,2022-03-04T16:12:27.950Z,2022-03-29T16:12:21.025Z,2022-04-28T16:12:16.790Z
chip_070_097,11TML,2022-07-20T18:51:59.584Z,2022-07-25T18:51:53.164Z,2022-09-08T18:51:59.250Z
chip_192_347,14TQK,2022-04-14T17:22:44.046Z,2022-06-28T17:22:46.150Z,2022-08-02T17:22:51.532Z
chip_256_276,14SKE,2022-03-01T17:44:07.088Z,2022-05-30T17:44:11.442Z,2022-09-27T17:44:10.935Z
chip_222_453,16SDG,2022-04-27T16:43:04.721Z,2022-06-21T16:43:23.790Z,2022-07-21T16:43:22.995Z
chip_165_377,15TVG,2022-03-27T17:12:04.470Z,2022-06-20T17:12:19.206Z,2022-09-08T17:12:18.465Z
chip_285_432,15SYT,2022-03-01T16:54:11.933Z,2022-06-19T16:54:19.641Z,2022-09-27T16:54:15.427Z
chip_119_505,17TLJ,2022-04-29T16:31:24.943Z,2022-06-23T16:31:24.610Z,2022-09-01T16:31:20.910Z
chip_154_472,16TEM,2022-05-07T16:41:52.147Z,2022-06-16T16:41:59.644Z,2022-07-21T16:42:07.033Z
chip_281_270,14SKD,2022-03-01T17:44:21.216Z,2022-06-24T17:44:22.693Z,2022-09-27T17:44:25.062Z
chip_105_104,11TNJ,2022-06-15T18:52:16.782Z,2022-06-30T18:52:26.053Z,2022-09-08T18:52:24.230Z
chip_131_471,16TEN,2022-04-17T16:41:37.040Z,2022-06-21T16:41:53.301Z,2022-09-19T16:41:49.278Z
chip_219_317,14SNH,2022-03-03T17:33:10.094Z,2022-03-28T17:33:15.559Z,2022-09-04T17:33:24.834Z
chip_365_348,14RQT,2022-03-02T17:15:43.242Z,2022-03-12T17:15:43.754Z,2022-05-16T17:15:38.928Z
chip_065_348,14TQT,2022-04-27T17:30:46.503Z,2022-06-06T17:30:49.308Z,2022-08-30T17:30:39.524Z
chip_099_355,14TQR,2022-05-27T17:31:17.799Z,2022-08-10T17:31:13.982Z,2022-09-04T17:31:22.080Z
chip_205_293,14SLJ,2022-03-01T17:43:05.716Z,2022-07-19T17:43:13.994Z,2022-09-27T17:43:09.561Z
chip_151_470,16TEM,2022-05-07T16:41:52.147Z,2022-06-16T16:41:59.644Z,2022-07-21T16:42:07.033Z
chip_119_448,16TDP,2022-06-09T16:51:29.385Z,2022-07-09T16:51:32.085Z,2022-07-14T16:51:39.868Z
chip_345_471,16RDU,2022-03-20T16:35:14.943Z,2022-04-04T16:35:08.327Z,2022-08-17T16:35:24.130Z
chip_223_271,13SGC,2022-03-01T17:43:24.985Z,2022-06-14T17:43:25.007Z,2022-09-27T17:43:28.829Z
chip_296_135,12SVB,2022-03-15T18:15:04.427Z,2022-05-19T18:15:12.322Z,2022-05-29T18:15:14.007Z
chip_094_321,14TNR,2022-03-26T17:41:11.193Z,2022-08-08T17:41:25.525Z,2022-09-12T17:41:15.871Z
chip_067_282,13TGN,2022-03-19T17:50:50.404Z,2022-07-17T17:50:57.136Z,2022-09-10T17:51:03.137Z
chip_121_466,16TEP,2022-04-10T16:51:20.171Z,2022-06-24T16:51:35.910Z,2022-08-18T16:51:25.441Z
chip_317_545,17RLQ,2022-03-02T16:24:41.634Z,2022-04-11T16:24:41.412Z,2022-09-23T16:24:51.764Z
chip_316_524,17SKR,2022-03-02T16:24:31.364Z,2022-05-11T16:24:32.306Z,2022-06-20T16:24:39.002Z
chip_242_468,16SDF,2022-03-03T16:43:29.996Z,2022-06-21T16:43:38.389Z,2022-09-29T16:43:33.623Z
chip_168_611,18SVJ,2022-03-11T16:02:24.161Z,2022-06-19T16:02:31.799Z,2022-09-27T16:02:27.348Z
chip_263_287,14SLE,2022-03-03T17:34:00.597Z,2022-05-02T17:33:58.054Z,2022-09-09T17:34:05.488Z
chip_220_307,14SMH,2022-03-28T17:33:19.183Z,2022-06-11T17:33:19.319Z,2022-09-29T17:33:16.289Z
chip_216_284,14SLH,2022-03-01T17:43:20.009Z,2022-06-29T17:43:29.475Z,2022-09-27T17:43:23.855Z
chip_240_276,14SKF,2022-03-01T17:43:52.746Z,2022-05-30T17:43:57.094Z,2022-09-27T17:43:56.593Z
chip_153_488,16TFM,2022-04-12T16:41:54.888Z,2022-06-16T16:41:56.352Z,2022-09-14T16:41:54.418Z
chip_332_332,14RPV,2022-03-10T17:25:07.044Z,2022-05-19T17:25:08.896Z,2022-09-26T17:25:09.485Z
chip_098_340,14TPR,2022-05-27T17:31:21.247Z,2022-08-10T17:31:17.428Z,2022-09-04T17:31:25.536Z
chip_256_277,14SKE,2022-03-01T17:44:07.088Z,2022-05-30T17:44:11.442Z,2022-09-27T17:44:10.935Z
chip_122_560,17TPH,2022-06-25T16:21:39.084Z,2022-06-30T16:21:31.673Z,2022-07-10T16:21:31.182Z
chip_216_312,14SMH,2022-03-28T17:33:19.183Z,2022-06-11T17:33:19.319Z,2022-09-29T17:33:16.289Z
chip_126_445,16TDP,2022-06-09T16:51:29.385Z,2022-07-09T16:51:32.085Z,2022-07-14T16:51:39.868Z
chip_170_267,13TFF,2022-03-19T17:52:35.615Z,2022-06-27T17:52:42.688Z,2022-09-20T17:52:45.240Z
chip_236_598,18STE,2022-03-21T16:03:28.606Z,2022-04-25T16:03:19.048Z,2022-08-03T16:03:29.936Z
chip_106_413,15TXK,2022-06-20T17:11:28.687Z,2022-09-03T17:11:18.203Z,2022-09-13T17:11:18.766Z
chip_154_402,15TWG,2022-03-27T17:12:00.874Z,2022-04-26T17:11:57.037Z,2022-06-20T17:12:15.595Z
chip_052_239,13UDP,2022-06-23T18:10:47.473Z,2022-08-27T18:10:55.179Z,2022-09-21T18:10:43.877Z
chip_123_448,16TDP,2022-06-09T16:51:29.385Z,2022-07-09T16:51:32.085Z,2022-07-14T16:51:39.868Z
chip_136_276,13TGH,2022-03-19T17:52:03.192Z,2022-06-27T17:52:10.261Z,2022-09-20T17:52:12.816Z
chip_139_434,16TCN,2022-05-13T17:01:40.144Z,2022-06-27T17:01:54.466Z,2022-09-30T17:01:41.069Z
chip_255_276,14SKE,2022-03-01T17:44:07.088Z,2022-05-30T17:44:11.442Z,2022-09-27T17:44:10.935Z
chip_190_419,15TYE,2022-03-14T17:02:27.623Z,2022-07-12T17:02:33.907Z,2022-09-30T17:02:28.837Z
chip_100_326,14TNR,2022-03-26T17:41:11.193Z,2022-08-08T17:41:25.525Z,2022-09-12T17:41:15.871Z
chip_239_334,14SPG,2022-04-09T17:23:24.690Z,2022-04-14T17:23:30.941Z,2022-07-13T17:23:40.575Z
chip_191_432,16TBK,2022-03-14T17:02:27.034Z,2022-07-12T17:02:33.318Z,2022-09-30T17:02:28.248Z
chip_217_287,14SLH,2022-03-01T17:43:20.009Z,2022-06-29T17:43:29.475Z,2022-09-27T17:43:23.855Z
chip_132_482,16TFN,2022-04-12T16:41:40.271Z,2022-06-16T16:41:41.717Z,2022-06-21T16:41:49.903Z
chip_088_360,15TUM,2022-04-27T17:30:57.572Z,2022-06-23T17:21:08.406Z,2022-09-11T17:21:06.574Z
chip_294_135,12SVB,2022-03-15T18:15:04.427Z,2022-05-19T18:15:12.322Z,2022-05-29T18:15:14.007Z
chip_320_510,16SGA,2022-03-02T16:24:33.589Z,2022-05-11T16:24:34.530Z,2022-06-20T16:24:41.224Z
chip_330_517,16RGV,2022-03-02T16:24:48.107Z,2022-04-01T16:24:47.778Z,2022-09-23T16:24:58.240Z
chip_248_595,18STD,2022-03-21T16:03:43.002Z,2022-04-20T16:03:44.140Z,2022-06-19T16:03:51.448Z
chip_076_300,14TLS,2022-03-19T17:51:02.214Z,2022-06-22T17:51:16.393Z,2022-08-31T17:51:16.448Z
chip_315_514,16SGA,2022-03-02T16:24:33.589Z,2022-05-11T16:24:34.530Z,2022-06-20T16:24:41.224Z
chip_282_266,13SGU,2022-03-01T17:44:23.180Z,2022-05-30T17:44:27.524Z,2022-09-07T17:44:31.086Z
chip_164_526,17TMF,2022-03-02T16:21:59.411Z,2022-06-30T16:22:07.704Z,2022-07-10T16:22:07.211Z
chip_118_492,16TGP,2022-05-07T16:41:16.393Z,2022-06-21T16:41:31.935Z,2022-09-09T16:41:30.995Z
chip_133_472,16TEN,2022-04-17T16:41:37.040Z,2022-06-21T16:41:53.301Z,2022-09-19T16:41:49.278Z
chip_251_271,13SGA,2022-03-01T17:43:54.149Z,2022-05-30T17:43:58.495Z,2022-09-17T17:43:59.457Z
chip_221_332,14SPH,2022-03-15T17:23:17.097Z,2022-06-28T17:23:18.300Z,2022-09-26T17:23:13.550Z
chip_226_269,13SGB,2022-03-01T17:43:39.643Z,2022-06-14T17:43:39.653Z,2022-09-17T17:43:44.945Z
chip_143_469,16TEN,2022-04-17T16:41:37.040Z,2022-06-21T16:41:53.301Z,2022-09-19T16:41:49.278Z
chip_130_507,17TLH,2022-04-14T16:31:30.600Z,2022-06-18T16:31:45.821Z,2022-09-01T16:31:35.443Z
chip_201_319,14SNJ,2022-04-17T17:33:02.364Z,2022-07-21T17:33:03.559Z,2022-09-29T17:32:58.191Z
chip_229_291,14SLG,2022-03-01T17:43:34.008Z,2022-06-24T17:43:35.491Z,2022-09-27T17:43:37.853Z
chip_165_524,17TMF,2022-03-02T16:21:59.411Z,2022-06-30T16:22:07.704Z,2022-07-10T16:22:07.211Z
chip_103_417,15TYL,2022-06-22T17:01:06.927Z,2022-06-27T17:01:14.956Z,2022-07-22T17:01:07.214Z
chip_135_471,16TEN,2022-04-17T16:41:37.040Z,2022-06-21T16:41:53.301Z,2022-09-19T16:41:49.278Z
chip_127_442,16TCP,2022-06-17T17:01:39.034Z,2022-06-22T17:01:32.473Z,2022-06-27T17:01:40.491Z
chip_142_474,16TEN,2022-04-17T16:41:37.040Z,2022-06-21T16:41:53.301Z,2022-09-19T16:41:49.278Z
chip_258_266,13SGV,2022-03-26T17:44:02.711Z,2022-06-24T17:44:10.306Z,2022-09-27T17:44:12.666Z
chip_271_266,13SGU,2022-03-01T17:44:23.180Z,2022-05-30T17:44:27.524Z,2022-09-07T17:44:31.086Z
chip_326_501,16RFV,2022-03-05T16:34:47.816Z,2022-04-04T16:34:47.229Z,2022-04-19T16:34:54.650Z
chip_208_428,16SBJ,2022-03-01T16:52:43.726Z,2022-06-29T16:52:52.193Z,2022-09-27T16:52:47.199Z
chip_265_566,17SNU,2022-03-04T16:13:47.961Z,2022-04-28T16:13:36.781Z,2022-06-17T16:13:48.250Z
chip_164_583,18TTK,2022-03-04T16:12:13.645Z,2022-03-29T16:12:06.725Z,2022-04-28T16:12:02.492Z
chip_215_425,15SYC,2022-03-01T16:52:58.989Z,2022-06-19T16:53:06.682Z,2022-09-27T16:53:02.464Z
chip_232_285,14SLG,2022-03-01T17:43:34.008Z,2022-06-24T17:43:35.491Z,2022-09-27T17:43:37.853Z
chip_149_492,17TKG,2022-03-20T16:31:56.041Z,2022-06-21T16:42:00.635Z,2022-09-14T16:41:50.538Z
chip_207_420,15SYD,2022-03-09T17:02:47.765Z,2022-07-22T17:02:48.745Z,2022-09-30T17:02:43.072Z
chip_213_391,15SWC,2022-04-03T17:03:01.933Z,2022-08-31T17:03:06.199Z,2022-09-25T17:03:12.364Z
chip_122_501,16TGP,2022-05-07T16:41:16.393Z,2022-06-21T16:41:31.935Z,2022-09-09T16:41:30.995Z
chip_060_108,11TMM,2022-04-06T18:51:30.646Z,2022-07-30T18:51:43.645Z,2022-09-26T19:01:30.525Z
chip_146_340,14TPN,2022-03-13T17:31:55.235Z,2022-06-26T17:32:09.784Z,2022-09-04T17:32:08.918Z
chip_158_618,18TWK,2022-04-02T15:52:02.248Z,2022-06-26T15:52:18.264Z,2022-09-19T15:52:07.117Z
chip_266_435,16SBE,2022-03-01T16:53:41.246Z,2022-06-24T16:53:57.039Z,2022-09-27T16:53:44.735Z
chip_104_417,15TYL,2022-06-22T17:01:06.927Z,2022-06-27T17:01:14.956Z,2022-07-22T17:01:07.214Z
chip_225_326,14SNH,2022-03-03T17:33:10.094Z,2022-03-28T17:33:15.559Z,2022-09-04T17:33:24.834Z
chip_147_434,16TCN,2022-05-13T17:01:40.144Z,2022-06-27T17:01:54.466Z,2022-09-30T17:01:41.069Z
chip_236_278,14SKG,2022-03-01T17:43:38.485Z,2022-05-30T17:43:42.836Z,2022-09-27T17:43:42.329Z
chip_255_445,16SCE,2022-03-01T16:53:36.816Z,2022-06-19T16:53:44.502Z,2022-09-27T16:53:40.300Z
chip_123_393,15TWJ,2022-03-12T17:11:38.882Z,2022-09-03T17:11:36.239Z,2022-09-28T17:11:42.108Z
chip_241_335,14SPF,2022-03-15T17:23:46.321Z,2022-07-18T17:23:47.230Z,2022-09-26T17:23:42.780Z
chip_034_147,11UPP,2022-07-30T18:51:07.241Z,2022-08-14T18:51:00.339Z,2022-08-29T18:51:09.825Z
chip_149_265,13TFG,2022-03-19T17:52:21.065Z,2022-06-27T17:52:28.129Z,2022-09-05T17:52:24.698Z
chip_251_447,16SCF,2022-03-01T16:53:22.784Z,2022-06-19T16:53:30.476Z,2022-09-27T16:53:26.267Z
chip_222_314,14SNH,2022-03-03T17:33:10.094Z,2022-03-28T17:33:15.559Z,2022-09-04T17:33:24.834Z
chip_244_592,18STE,2022-03-21T16:03:28.606Z,2022-04-25T16:03:19.048Z,2022-08-03T16:03:29.936Z
chip_171_579,18TTK,2022-03-04T16:12:13.645Z,2022-03-29T16:12:06.725Z,2022-04-28T16:12:02.492Z
chip_227_269,13SGB,2022-03-01T17:43:39.643Z,2022-06-14T17:43:39.653Z,2022-09-17T17:43:44.945Z
chip_095_322,14TNR,2022-03-26T17:41:11.193Z,2022-08-08T17:41:25.525Z,2022-09-12T17:41:15.871Z
chip_240_474,16SEF,2022-03-03T16:43:26.432Z,2022-05-17T16:43:22.211Z,2022-09-29T16:43:30.061Z
chip_145_156,12TVM,2022-03-23T18:22:40.868Z,2022-08-25T18:22:37.828Z,2022-09-24T18:22:38.716Z
chip_129_425,15TYJ,2022-05-13T17:01:29.790Z,2022-07-12T17:01:35.794Z,2022-09-30T17:01:30.715Z
chip_157_597,18TVK,2022-03-16T16:02:03.926Z,2022-06-19T16:02:17.493Z,2022-08-18T16:02:18.409Z
chip_329_502,16RFV,2022-03-05T16:34:47.816Z,2022-04-04T16:34:47.229Z,2022-04-19T16:34:54.650Z
chip_208_324,14SNJ,2022-04-17T17:33:02.364Z,2022-07-21T17:33:03.559Z,2022-09-29T17:32:58.191Z
chip_282_263,13SGU,2022-03-01T17:44:23.180Z,2022-05-30T17:44:27.524Z,2022-09-07T17:44:31.086Z
chip_141_434,16TCN,2022-05-13T17:01:40.144Z,2022-06-27T17:01:54.466Z,2022-09-30T17:01:41.069Z
chip_252_597,18STD,2022-03-21T16:03:43.002Z,2022-04-20T16:03:44.140Z,2022-06-19T16:03:51.448Z
chip_107_248,13TEK,2022-07-10T18:01:44.387Z,2022-08-29T18:01:40.373Z,2022-09-03T18:01:51.666Z
chip_272_264,13SGU,2022-03-01T17:44:23.180Z,2022-05-30T17:44:27.524Z,2022-09-07T17:44:31.086Z
chip_136_484,16TFN,2022-04-12T16:41:40.271Z,2022-06-16T16:41:41.717Z,2022-06-21T16:41:49.903Z
chip_319_529,17SKR,2022-03-02T16:24:31.364Z,2022-05-11T16:24:32.306Z,2022-06-20T16:24:39.002Z
chip_134_494,16TGN,2022-04-12T16:41:36.737Z,2022-06-16T16:41:38.174Z,2022-06-21T16:41:39.287Z
chip_218_315,14SNH,2022-03-03T17:33:10.094Z,2022-03-28T17:33:15.559Z,2022-09-04T17:33:24.834Z
chip_144_434,16TCN,2022-05-13T17:01:40.144Z,2022-06-27T17:01:54.466Z,2022-09-30T17:01:41.069Z
chip_240_277,14SKF,2022-03-01T17:43:52.746Z,2022-05-30T17:43:57.094Z,2022-09-27T17:43:56.593Z
chip_129_472,16TEP,2022-04-10T16:51:20.171Z,2022-06-24T16:51:35.910Z,2022-08-18T16:51:25.441Z
chip_220_268,13SGC,2022-03-01T17:43:24.985Z,2022-06-14T17:43:25.007Z,2022-09-27T17:43:28.829Z
chip_329_510,16RGV,2022-03-02T16:24:48.107Z,2022-04-01T16:24:47.778Z,2022-09-23T16:24:58.240Z
chip_085_360,15TUM,2022-04-27T17:30:57.572Z,2022-06-23T17:21:08.406Z,2022-09-11T17:21:06.574Z
chip_129_444,16TDP,2022-06-09T16:51:29.385Z,2022-07-09T16:51:32.085Z,2022-07-14T16:51:39.868Z
chip_124_124,11TPH,2022-07-22T18:42:32.805Z,2022-09-10T18:42:29.750Z,2022-09-25T18:42:34.937Z
chip_168_433,16TCL,2022-03-21T16:52:12.131Z,2022-06-29T16:52:19.405Z,2022-07-14T16:52:26.805Z
chip_219_329,14SPH,2022-03-15T17:23:17.097Z,2022-06-28T17:23:18.300Z,2022-09-26T17:23:13.550Z
chip_130_475,16TFN,2022-04-12T16:41:40.271Z,2022-06-16T16:41:41.717Z,2022-06-21T16:41:49.903Z
chip_167_586,18TUK,2022-03-16T16:02:07.538Z,2022-06-19T16:02:21.115Z,2022-08-18T16:02:22.029Z
chip_250_271,13SGA,2022-03-01T17:43:54.149Z,2022-05-30T17:43:58.495Z,2022-09-17T17:43:59.457Z
chip_133_473,16TEN,2022-04-17T16:41:37.040Z,2022-06-21T16:41:53.301Z,2022-09-19T16:41:49.278Z
chip_149_474,16TEM,2022-05-07T16:41:52.147Z,2022-06-16T16:41:59.644Z,2022-07-21T16:42:07.033Z
chip_176_585,18STJ,2022-03-04T16:12:27.950Z,2022-03-29T16:12:21.025Z,2022-04-28T16:12:16.790Z
chip_218_335,14SPH,2022-03-15T17:23:17.097Z,2022-06-28T17:23:18.300Z,2022-09-26T17:23:13.550Z
chip_081_218,12TYS,2022-04-07T18:21:11.593Z,2022-07-31T18:21:24.825Z,2022-09-04T18:21:16.297Z
chip_221_306,14SMH,2022-03-28T17:33:19.183Z,2022-06-11T17:33:19.319Z,2022-09-29T17:33:16.289Z
chip_120_508,17TLJ,2022-04-29T16:31:24.943Z,2022-06-23T16:31:24.610Z,2022-09-01T16:31:20.910Z
chip_140_487,16TFN,2022-04-12T16:41:40.271Z,2022-06-16T16:41:41.717Z,2022-06-21T16:41:49.903Z
chip_053_114,11TNM,2022-06-25T18:51:35.051Z,2022-07-25T18:51:35.110Z,2022-08-29T18:51:42.486Z
chip_129_480,16TFN,2022-04-12T16:41:40.271Z,2022-06-16T16:41:41.717Z,2022-06-21T16:41:49.903Z
chip_036_113,11TMN,2022-06-23T19:01:28.505Z,2022-08-07T19:01:20.304Z,2022-09-26T19:01:16.515Z
chip_140_488,16TFN,2022-04-12T16:41:40.271Z,2022-06-16T16:41:41.717Z,2022-06-21T16:41:49.903Z
chip_229_280,14SKG,2022-03-01T17:43:38.485Z,2022-05-30T17:43:42.836Z,2022-09-27T17:43:42.329Z
chip_091_324,14TNR,2022-03-26T17:41:11.193Z,2022-08-08T17:41:25.525Z,2022-09-12T17:41:15.871Z
chip_099_331,14TPR,2022-05-27T17:31:21.247Z,2022-08-10T17:31:17.428Z,2022-09-04T17:31:25.536Z
chip_138_435,16TCN,2022-05-13T17:01:40.144Z,2022-06-27T17:01:54.466Z,2022-09-30T17:01:41.069Z
chip_246_333,14SPF,2022-03-15T17:23:46.321Z,2022-07-18T17:23:47.230Z,2022-09-26T17:23:42.780Z
chip_133_508,17TLH,2022-04-14T16:31:30.600Z,2022-06-18T16:31:45.821Z,2022-09-01T16:31:35.443Z
chip_258_483,16SEE,2022-03-03T16:43:40.806Z,2022-05-17T16:43:36.583Z,2022-09-29T16:43:44.436Z
chip_136_471,16TEN,2022-04-17T16:41:37.040Z,2022-06-21T16:41:53.301Z,2022-09-19T16:41:49.278Z
chip_358_325,14RPU,2022-03-12T17:15:32.222Z,2022-05-16T17:15:27.391Z,2022-09-28T17:15:35.448Z
chip_304_545,17SMR,2022-03-14T16:14:34.951Z,2022-06-02T16:14:38.840Z,2022-09-15T16:14:32.865Z
chip_121_509,17TLJ,2022-04-29T16:31:24.943Z,2022-06-23T16:31:24.610Z,2022-09-01T16:31:20.910Z
chip_164_415,15TXG,2022-06-02T17:02:03.203Z,2022-06-27T17:02:16.391Z,2022-09-30T17:02:02.980Z
chip_116_492,16TGP,2022-05-07T16:41:16.393Z,2022-06-21T16:41:31.935Z,2022-09-09T16:41:30.995Z
chip_120_493,16TGP,2022-05-07T16:41:16.393Z,2022-06-21T16:41:31.935Z,2022-09-09T16:41:30.995Z
chip_059_191,12TWT,2022-07-14T18:31:16.736Z,2022-08-08T18:31:08.262Z,2022-09-27T18:31:04.383Z
chip_038_203,12UXU,2022-04-07T18:20:46.066Z,2022-07-21T18:21:00.461Z,2022-08-30T18:21:01.587Z
chip_118_339,14TPQ,2022-05-27T17:31:35.657Z,2022-08-05T17:31:39.243Z,2022-09-04T17:31:39.935Z
chip_247_336,14SPF,2022-03-15T17:23:46.321Z,2022-07-18T17:23:47.230Z,2022-09-26T17:23:42.780Z
chip_227_278,14SKG,2022-03-01T17:43:38.485Z,2022-05-30T17:43:42.836Z,2022-09-27T17:43:42.329Z
chip_119_340,14TPQ,2022-05-27T17:31:35.657Z,2022-08-05T17:31:39.243Z,2022-09-04T17:31:39.935Z
chip_343_469,16RDU,2022-03-20T16:35:14.943Z,2022-04-04T16:35:08.327Z,2022-08-17T16:35:24.130Z
chip_313_518,16SGA,2022-03-02T16:24:33.589Z,2022-05-11T16:24:34.530Z,2022-06-20T16:24:41.224Z
chip_127_470,16TEP,2022-04-10T16:51:20.171Z,2022-06-24T16:51:35.910Z,2022-08-18T16:51:25.441Z
chip_161_459,16TDL,2022-03-21T16:52:08.313Z,2022-07-09T16:52:15.202Z,2022-08-18T16:52:12.424Z
chip_331_523,17RKQ,2022-03-27T16:24:51.448Z,2022-05-11T16:24:46.643Z,2022-09-23T16:24:55.833Z
chip_237_334,14SPG,2022-04-09T17:23:24.690Z,2022-04-14T17:23:30.941Z,2022-07-13T17:23:40.575Z
chip_126_301,14TMP,2022-06-19T17:41:58.347Z,2022-07-09T17:41:59.588Z,2022-07-19T17:41:58.325Z
chip_319_524,17SKR,2022-03-02T16:24:31.364Z,2022-05-11T16:24:32.306Z,2022-06-20T16:24:39.002Z
chip_131_442,16TCP,2022-06-17T17:01:39.034Z,2022-06-22T17:01:32.473Z,2022-06-27T17:01:40.491Z
chip_114_447,16TDQ,2022-05-15T16:51:17.294Z,2022-07-09T16:51:17.462Z,2022-07-14T16:51:25.242Z
chip_146_343,14TPN,2022-03-13T17:31:55.235Z,2022-06-26T17:32:09.784Z,2022-09-04T17:32:08.918Z
chip_100_101,11TMJ,2022-04-06T18:52:13.908Z,2022-07-25T18:52:22.109Z,2022-09-23T18:52:17.991Z
chip_317_344,14SQA,2022-04-06T17:14:52.762Z,2022-04-26T17:14:49.249Z,2022-05-26T17:14:56.076Z
chip_319_339,14SQA,2022-04-06T17:14:52.762Z,2022-04-26T17:14:49.249Z,2022-05-26T17:14:56.076Z
chip_183_237,13TDE,2022-04-21T18:02:50.356Z,2022-06-15T18:03:06.327Z,2022-09-23T18:03:02.472Z
chip_220_305,14SMH,2022-03-28T17:33:19.183Z,2022-06-11T17:33:19.319Z,2022-09-29T17:33:16.289Z
chip_095_327,14TNR,2022-03-26T17:41:11.193Z,2022-08-08T17:41:25.525Z,2022-09-12T17:41:15.871Z
chip_275_470,16SDD,2022-03-03T16:43:58.991Z,2022-04-27T16:43:48.302Z,2022-06-16T16:43:53.974Z
chip_081_176,12TVR,2022-07-19T18:31:41.939Z,2022-08-08T18:31:41.031Z,2022-09-02T18:31:49.082Z
chip_232_269,13SGB,2022-03-01T17:43:39.643Z,2022-06-14T17:43:39.653Z,2022-09-17T17:43:44.945Z
chip_218_427,15SYC,2022-03-01T16:52:58.989Z,2022-06-19T16:53:06.682Z,2022-09-27T16:53:02.464Z
chip_098_308,14TMR,2022-03-26T17:41:15.079Z,2022-08-03T17:41:22.356Z,2022-09-12T17:41:19.761Z
chip_222_333,14SPH,2022-03-15T17:23:17.097Z,2022-06-28T17:23:18.300Z,2022-09-26T17:23:13.550Z
chip_061_191,12TWT,2022-07-14T18:31:16.736Z,2022-08-08T18:31:08.262Z,2022-09-27T18:31:04.383Z
chip_095_218,12TYR,2022-03-30T18:11:35.093Z,2022-07-21T18:21:40.185Z,2022-09-26T18:11:39.990Z
chip_105_329,14TNR,2022-03-26T17:41:11.193Z,2022-08-08T17:41:25.525Z,2022-09-12T17:41:15.871Z
chip_207_331,14SPJ,2022-03-15T17:23:02.636Z,2022-06-28T17:23:03.833Z,2022-09-16T17:23:00.524Z
chip_039_109,11TMN,2022-06-23T19:01:28.505Z,2022-08-07T19:01:20.304Z,2022-09-26T19:01:16.515Z
chip_228_329,14SPG,2022-04-09T17:23:24.690Z,2022-04-14T17:23:30.941Z,2022-07-13T17:23:40.575Z
chip_421_329,14RPP,2022-03-22T17:16:44.088Z,2022-03-27T17:16:38.147Z,2022-05-21T17:16:47.528Z
chip_167_589,18TUK,2022-03-16T16:02:07.538Z,2022-06-19T16:02:21.115Z,2022-08-18T16:02:22.029Z
chip_162_524,17TMF,2022-03-02T16:21:59.411Z,2022-06-30T16:22:07.704Z,2022-07-10T16:22:07.211Z
chip_093_213,12TYR,2022-03-30T18:11:35.093Z,2022-07-21T18:21:40.185Z,2022-09-26T18:11:39.990Z
chip_180_342,14TPL,2022-03-08T17:32:29.975Z,2022-07-21T17:32:30.951Z,2022-09-29T17:32:25.582Z
chip_234_441,16SCG,2022-03-26T16:53:14.506Z,2022-05-20T16:53:11.761Z,2022-08-13T16:53:24.156Z
chip_183_497,16TGK,2022-04-14T16:32:17.972Z,2022-06-03T16:32:21.565Z,2022-07-03T16:32:26.822Z
chip_129_473,16TEP,2022-04-10T16:51:20.171Z,2022-06-24T16:51:35.910Z,2022-08-18T16:51:25.441Z
chip_250_585,17SQU,2022-03-21T16:03:44.609Z,2022-04-20T16:03:45.747Z,2022-04-25T16:03:35.059Z
chip_304_299,14SMB,2022-03-03T17:34:39.907Z,2022-06-11T17:34:45.502Z,2022-09-29T17:34:42.488Z
chip_093_103,11TMK,2022-07-20T18:52:14.123Z,2022-07-25T18:52:07.708Z,2022-09-23T18:52:03.589Z
chip_219_432,16SBH,2022-03-16T16:53:05.142Z,2022-03-26T16:53:03.963Z,2022-06-19T16:53:05.668Z
chip_396_322,14RPR,2022-03-12T17:16:15.984Z,2022-05-16T17:16:11.156Z,2022-06-05T17:16:12.695Z
chip_258_444,16SCE,2022-03-01T16:53:36.816Z,2022-06-19T16:53:44.502Z,2022-09-27T16:53:40.300Z
chip_072_095,11TML,2022-07-20T18:51:59.584Z,2022-07-25T18:51:53.164Z,2022-09-08T18:51:59.250Z
chip_235_289,14SLG,2022-03-01T17:43:34.008Z,2022-06-24T17:43:35.491Z,2022-09-27T17:43:37.853Z
chip_225_371,15SUC,2022-04-26T17:13:02.159Z,2022-07-10T17:13:21.748Z,2022-09-13T17:13:10.818Z
chip_130_471,16TEN,2022-04-17T16:41:37.040Z,2022-06-21T16:41:53.301Z,2022-09-19T16:41:49.278Z
chip_146_501,16TGM,2022-03-20T16:31:55.982Z,2022-06-18T16:32:04.108Z,2022-09-01T16:31:53.729Z
chip_119_504,17TLJ,2022-04-29T16:31:24.943Z,2022-06-23T16:31:24.610Z,2022-09-01T16:31:20.910Z
chip_172_561,17TPE,2022-03-04T16:12:17.274Z,2022-05-11T16:22:07.320Z,2022-06-30T16:22:14.703Z
chip_180_584,18STJ,2022-03-04T16:12:27.950Z,2022-03-29T16:12:21.025Z,2022-04-28T16:12:16.790Z
chip_030_042,10TDT,2022-06-24T19:21:32.429Z,2022-07-19T19:21:39.189Z,2022-09-07T19:21:38.825Z
chip_233_268,13SGB,2022-03-01T17:43:39.643Z,2022-06-14T17:43:39.653Z,2022-09-17T17:43:44.945Z
chip_185_302,14TMK,2022-03-13T17:32:45.795Z,2022-07-21T17:32:52.675Z,2022-09-29T17:32:47.305Z
chip_293_548,17SMS,2022-03-04T16:14:20.323Z,2022-06-02T16:14:24.437Z,2022-09-25T16:14:17.152Z
chip_342_534,17RKP,2022-03-02T16:25:00.171Z,2022-04-11T16:24:59.947Z,2022-09-23T16:25:10.300Z
chip_122_374,15TVJ,2022-03-15T17:21:38.802Z,2022-07-18T17:21:39.721Z,2022-09-11T17:21:45.385Z
chip_350_328,14RPU,2022-03-12T17:15:32.222Z,2022-05-16T17:15:27.391Z,2022-09-28T17:15:35.448Z
chip_279_551,17SMT,2022-03-02T16:23:54.565Z,2022-06-05T16:24:05.567Z,2022-09-23T16:24:04.687Z
chip_299_349,14SQC,2022-03-02T17:14:30.222Z,2022-06-20T17:14:38.563Z,2022-09-28T17:14:33.956Z
chip_164_469,16TEL,2022-04-27T16:42:03.179Z,2022-06-21T16:42:22.255Z,2022-09-14T16:42:12.150Z
chip_144_488,16TFM,2022-04-12T16:41:54.888Z,2022-06-16T16:41:56.352Z,2022-09-14T16:41:54.418Z
chip_149_494,17TKG,2022-03-20T16:31:56.041Z,2022-06-21T16:42:00.635Z,2022-09-14T16:41:50.538Z
chip_199_595,18SUH,2022-03-11T16:02:42.442Z,2022-06-29T16:02:51.266Z,2022-09-17T16:02:47.117Z
chip_111_416,15TYK,2022-05-13T17:01:15.357Z,2022-06-27T17:01:29.706Z,2022-08-31T17:01:17.915Z
chip_128_311,14TMP,2022-06-19T17:41:58.347Z,2022-07-09T17:41:59.588Z,2022-07-19T17:41:58.325Z
chip_308_517,16SGA,2022-03-02T16:24:33.589Z,2022-05-11T16:24:34.530Z,2022-06-20T16:24:41.224Z
chip_242_588,17SQV,2022-03-21T16:03:30.091Z,2022-06-19T16:03:38.547Z,2022-09-27T16:03:34.104Z
chip_219_279,14SKH,2022-03-01T17:43:24.108Z,2022-06-14T17:43:24.122Z,2022-09-27T17:43:27.953Z
chip_150_485,16TFM,2022-04-12T16:41:54.888Z,2022-06-16T16:41:56.352Z,2022-09-14T16:41:54.418Z
chip_113_442,16TCQ,2022-05-13T17:01:11.858Z,2022-06-27T17:01:26.198Z,2022-09-30T17:01:12.779Z
chip_118_422,15TYK,2022-05-13T17:01:15.357Z,2022-06-27T17:01:29.706Z,2022-08-31T17:01:17.915Z
chip_115_505,17TLJ,2022-04-29T16:31:24.943Z,2022-06-23T16:31:24.610Z,2022-09-01T16:31:20.910Z
chip_220_332,14SPH,2022-03-15T17:23:17.097Z,2022-06-28T17:23:18.300Z,2022-09-26T17:23:13.550Z
chip_103_104,11TNJ,2022-06-15T18:52:16.782Z,2022-06-30T18:52:26.053Z,2022-09-08T18:52:24.230Z
chip_334_471,16RDV,2022-03-13T16:44:56.685Z,2022-04-27T16:44:45.653Z,2022-09-29T16:44:59.940Z
chip_047_104,11TMN,2022-06-23T19:01:28.505Z,2022-08-07T19:01:20.304Z,2022-09-26T19:01:16.515Z
chip_262_484,16SEE,2022-03-03T16:43:40.806Z,2022-05-17T16:43:36.583Z,2022-09-29T16:43:44.436Z
chip_107_334,14TPQ,2022-05-27T17:31:35.657Z,2022-08-05T17:31:39.243Z,2022-09-04T17:31:39.935Z
chip_155_468,16TEM,2022-05-07T16:41:52.147Z,2022-06-16T16:41:59.644Z,2022-07-21T16:42:07.033Z
chip_275_408,15SXU,2022-03-04T17:03:56.685Z,2022-07-12T17:04:03.878Z,2022-09-30T17:03:58.816Z
chip_250_270,13SGA,2022-03-01T17:43:54.149Z,2022-05-30T17:43:58.495Z,2022-09-17T17:43:59.457Z
chip_254_443,16SCE,2022-03-01T16:53:36.816Z,2022-06-19T16:53:44.502Z,2022-09-27T16:53:40.300Z
chip_136_486,16TFN,2022-04-12T16:41:40.271Z,2022-06-16T16:41:41.717Z,2022-06-21T16:41:49.903Z
chip_334_501,16RFV,2022-03-05T16:34:47.816Z,2022-04-04T16:34:47.229Z,2022-04-19T16:34:54.650Z
chip_154_399,15TWG,2022-03-27T17:12:00.874Z,2022-04-26T17:11:57.037Z,2022-06-20T17:12:15.595Z
chip_183_239,13TEE,2022-04-18T17:52:50.986Z,2022-07-02T17:53:08.431Z,2022-09-05T17:52:57.041Z
chip_291_553,17SMS,2022-03-04T16:14:20.323Z,2022-06-02T16:14:24.437Z,2022-09-25T16:14:17.152Z
chip_203_397,15SWD,2022-07-12T17:02:55.186Z,2022-08-31T17:02:51.751Z,2022-09-30T17:02:50.103Z
chip_267_420,15SXV,2022-03-04T17:03:42.371Z,2022-07-22T17:03:50.165Z,2022-09-30T17:03:44.502Z
chip_157_421,16TBM,2022-05-13T17:01:58.996Z,2022-06-27T17:02:13.322Z,2022-08-31T17:02:01.571Z
chip_160_400,15TWG,2022-03-27T17:12:00.874Z,2022-04-26T17:11:57.037Z,2022-06-20T17:12:15.595Z
chip_324_314,14SNA,2022-03-10T17:24:56.332Z,2022-05-14T17:25:02.591Z,2022-09-26T17:24:58.773Z
chip_060_117,11TNM,2022-06-25T18:51:35.051Z,2022-07-25T18:51:35.110Z,2022-08-29T18:51:42.486Z
chip_157_522,17TMF,2022-03-02T16:21:59.411Z,2022-06-30T16:22:07.704Z,2022-07-10T16:22:07.211Z
chip_056_198,12TXT,2022-06-16T18:21:07.814Z,2022-07-21T18:21:15.165Z,2022-08-30T18:21:16.286Z
chip_113_479,16TFQ,2022-05-07T16:41:05.062Z,2022-08-10T16:41:20.659Z,2022-09-29T16:41:15.995Z
chip_172_586,18TUK,2022-03-16T16:02:07.538Z,2022-06-19T16:02:21.115Z,2022-08-18T16:02:22.029Z
chip_252_264,13SGA,2022-03-01T17:43:54.149Z,2022-05-30T17:43:58.495Z,2022-09-17T17:43:59.457Z
chip_234_443,16SCG,2022-03-26T16:53:14.506Z,2022-05-20T16:53:11.761Z,2022-08-13T16:53:24.156Z
chip_044_219,12UYU,2022-07-01T18:20:58.907Z,2022-08-15T18:20:48.615Z,2022-09-24T18:20:46.647Z
chip_060_116,11TNM,2022-06-25T18:51:35.051Z,2022-07-25T18:51:35.110Z,2022-08-29T18:51:42.486Z
chip_161_468,16TEL,2022-04-27T16:42:03.179Z,2022-06-21T16:42:22.255Z,2022-09-14T16:42:12.150Z
chip_149_479,16TFM,2022-04-12T16:41:54.888Z,2022-06-16T16:41:56.352Z,2022-09-14T16:41:54.418Z
chip_113_038,10TEM,2022-06-21T19:12:58.154Z,2022-07-16T19:13:05.735Z,2022-08-30T19:12:49.246Z
chip_227_275,14SKG,2022-03-01T17:43:38.485Z,2022-05-30T17:43:42.836Z,2022-09-27T17:43:42.329Z
chip_150_497,17TKG,2022-03-20T16:31:56.041Z,2022-06-21T16:42:00.635Z,2022-09-14T16:41:50.538Z
chip_234_445,16SCG,2022-03-26T16:53:14.506Z,2022-05-20T16:53:11.761Z,2022-08-13T16:53:24.156Z
chip_143_476,16TFN,2022-04-12T16:41:40.271Z,2022-06-16T16:41:41.717Z,2022-06-21T16:41:49.903Z
chip_340_331,14RPV,2022-03-10T17:25:07.044Z,2022-05-19T17:25:08.896Z,2022-09-26T17:25:09.485Z
chip_225_325,14SNH,2022-03-03T17:33:10.094Z,2022-03-28T17:33:15.559Z,2022-09-04T17:33:24.834Z
chip_170_410,15TXF,2022-05-13T17:02:16.723Z,2022-07-12T17:02:22.720Z,2022-09-30T17:02:17.640Z
chip_192_325,14TNK,2022-03-28T17:32:46.713Z,2022-08-05T17:32:55.308Z,2022-09-24T17:32:45.242Z
chip_210_272,13SGC,2022-03-01T17:43:24.985Z,2022-06-14T17:43:25.007Z,2022-09-27T17:43:28.829Z
chip_113_358,14TQQ,2022-05-27T17:31:32.072Z,2022-08-05T17:31:35.657Z,2022-09-04T17:31:36.337Z
chip_123_485,16TFP,2022-05-07T16:41:19.793Z,2022-06-16T16:41:27.310Z,2022-09-09T16:41:34.405Z
chip_244_595,18STE,2022-03-21T16:03:28.606Z,2022-04-25T16:03:19.048Z,2022-08-03T16:03:29.936Z
chip_201_398,15SWD,2022-07-12T17:02:55.186Z,2022-08-31T17:02:51.751Z,2022-09-30T17:02:50.103Z
chip_351_393,15RVP,2022-03-24T17:05:16.703Z,2022-05-28T17:05:26.764Z,2022-09-30T17:05:18.496Z
chip_370_360,15RTN,2022-03-02T17:15:39.800Z,2022-03-12T17:15:40.311Z,2022-09-28T17:15:43.542Z
chip_161_482,16TFL,2022-04-17T16:42:02.666Z,2022-06-21T16:42:18.902Z,2022-09-14T16:42:08.803Z
chip_388_323,14RPS,2022-03-12T17:16:01.235Z,2022-05-26T17:15:57.325Z,2022-09-28T17:16:04.455Z
chip_219_440,16SCH,2022-03-16T16:53:01.377Z,2022-06-19T16:53:01.903Z,2022-09-12T16:53:07.791Z
chip_099_310,14TMR,2022-03-26T17:41:15.079Z,2022-08-03T17:41:22.356Z,2022-09-12T17:41:19.761Z
chip_151_265,13TFG,2022-03-19T17:52:21.065Z,2022-06-27T17:52:28.129Z,2022-09-05T17:52:24.698Z
chip_208_392,15SWD,2022-07-12T17:02:55.186Z,2022-08-31T17:02:51.751Z,2022-09-30T17:02:50.103Z
chip_206_356,15STD,2022-03-15T17:22:58.778Z,2022-06-03T17:23:02.743Z,2022-08-12T17:23:07.058Z
chip_100_357,14TQR,2022-05-27T17:31:17.799Z,2022-08-10T17:31:13.982Z,2022-09-04T17:31:22.080Z
chip_177_239,13TEE,2022-04-18T17:52:50.986Z,2022-07-02T17:53:08.431Z,2022-09-05T17:52:57.041Z
chip_330_414,15RXQ,2022-03-26T16:55:04.786Z,2022-06-24T16:55:14.567Z,2022-09-27T16:55:02.277Z
chip_173_413,15TXF,2022-05-13T17:02:16.723Z,2022-07-12T17:02:22.720Z,2022-09-30T17:02:17.640Z
chip_100_307,14TMR,2022-03-26T17:41:15.079Z,2022-08-03T17:41:22.356Z,2022-09-12T17:41:19.761Z
chip_249_271,13SGA,2022-03-01T17:43:54.149Z,2022-05-30T17:43:58.495Z,2022-09-17T17:43:59.457Z
chip_052_241,13UDP,2022-06-23T18:10:47.473Z,2022-08-27T18:10:55.179Z,2022-09-21T18:10:43.877Z
chip_251_589,17SQU,2022-03-21T16:03:44.609Z,2022-04-20T16:03:45.747Z,2022-04-25T16:03:35.059Z
chip_066_060,10TFR,2022-06-21T19:11:56.739Z,2022-08-10T19:11:55.798Z,2022-09-24T19:11:59.184Z
chip_117_426,15TYK,2022-05-13T17:01:15.357Z,2022-06-27T17:01:29.706Z,2022-08-31T17:01:17.915Z
chip_252_279,14SKF,2022-03-01T17:43:52.746Z,2022-05-30T17:43:57.094Z,2022-09-27T17:43:56.593Z
chip_295_540,17SLS,2022-03-02T16:24:13.087Z,2022-05-11T16:24:14.032Z,2022-09-23T16:24:23.219Z
chip_150_487,16TFM,2022-04-12T16:41:54.888Z,2022-06-16T16:41:56.352Z,2022-09-14T16:41:54.418Z
chip_333_509,16RGV,2022-03-02T16:24:48.107Z,2022-04-01T16:24:47.778Z,2022-09-23T16:24:58.240Z
chip_326_388,15SVR,2022-03-19T17:04:53.733Z,2022-04-08T17:04:51.231Z,2022-09-30T17:04:49.563Z
chip_212_445,16SCH,2022-03-16T16:53:01.377Z,2022-06-19T16:53:01.903Z,2022-09-12T16:53:07.791Z
chip_137_494,16TGN,2022-04-12T16:41:36.737Z,2022-06-16T16:41:38.174Z,2022-06-21T16:41:39.287Z
chip_200_465,16SDJ,2022-03-16T16:52:42.739Z,2022-06-29T16:52:44.029Z,2022-09-27T16:52:39.052Z
chip_169_433,16TCL,2022-03-21T16:52:12.131Z,2022-06-29T16:52:19.405Z,2022-07-14T16:52:26.805Z
chip_197_261,13SFD,2022-03-24T17:53:09.278Z,2022-07-02T17:53:19.587Z,2022-09-25T17:53:07.116Z
chip_120_443,16TDP,2022-06-09T16:51:29.385Z,2022-07-09T16:51:32.085Z,2022-07-14T16:51:39.868Z
chip_358_323,14RPU,2022-03-12T17:15:32.222Z,2022-05-16T17:15:27.391Z,2022-09-28T17:15:35.448Z
chip_102_442,16TDR,2022-04-28T17:00:59.704Z,2022-07-14T16:51:10.871Z,2022-09-30T17:00:53.876Z
chip_048_070,10TFS,2022-05-17T19:11:43.064Z,2022-08-05T19:11:48.790Z,2022-09-24T19:11:44.753Z
chip_315_523,17SKR,2022-03-02T16:24:31.364Z,2022-05-11T16:24:32.306Z,2022-06-20T16:24:39.002Z
chip_134_360,15TUJ,2022-06-23T17:21:51.496Z,2022-07-13T17:21:51.820Z,2022-08-02T17:21:49.673Z
chip_292_542,17SLS,2022-03-02T16:24:13.087Z,2022-05-11T16:24:14.032Z,2022-09-23T16:24:23.219Z
chip_134_484,16TFN,2022-04-12T16:41:40.271Z,2022-06-16T16:41:41.717Z,2022-06-21T16:41:49.903Z
chip_063_198,12TXT,2022-06-16T18:21:07.814Z,2022-07-21T18:21:15.165Z,2022-08-30T18:21:16.286Z
chip_321_314,14SNA,2022-03-10T17:24:56.332Z,2022-05-14T17:25:02.591Z,2022-09-26T17:24:58.773Z
chip_270_263,13SGU,2022-03-01T17:44:23.180Z,2022-05-30T17:44:27.524Z,2022-09-07T17:44:31.086Z
chip_063_356,14TQT,2022-04-27T17:30:46.503Z,2022-06-06T17:30:49.308Z,2022-08-30T17:30:39.524Z
chip_231_595,18STF,2022-03-21T16:03:14.110Z,2022-07-24T16:03:15.896Z,2022-09-27T16:03:18.121Z
chip_298_453,16SCB,2022-03-13T16:44:31.829Z,2022-09-14T16:44:29.740Z,2022-09-29T16:44:35.077Z
chip_101_342,14TPR,2022-05-27T17:31:21.247Z,2022-08-10T17:31:17.428Z,2022-09-04T17:31:25.536Z
chip_331_498,16RFV,2022-03-05T16:34:47.816Z,2022-04-04T16:34:47.229Z,2022-04-19T16:34:54.650Z
chip_067_352,14TQT,2022-04-27T17:30:46.503Z,2022-06-06T17:30:49.308Z,2022-08-30T17:30:39.524Z
chip_173_351,15TTF,2022-03-15T17:22:30.208Z,2022-07-13T17:22:38.937Z,2022-09-26T17:22:26.657Z
chip_125_445,16TDP,2022-06-09T16:51:29.385Z,2022-07-09T16:51:32.085Z,2022-07-14T16:51:39.868Z
chip_194_433,16SBJ,2022-03-01T16:52:43.726Z,2022-06-29T16:52:52.193Z,2022-09-27T16:52:47.199Z
chip_138_475,16TFN,2022-04-12T16:41:40.271Z,2022-06-16T16:41:41.717Z,2022-06-21T16:41:49.903Z
chip_171_589,18TUK,2022-03-16T16:02:07.538Z,2022-06-19T16:02:21.115Z,2022-08-18T16:02:22.029Z
chip_148_470,16TEM,2022-05-07T16:41:52.147Z,2022-06-16T16:41:59.644Z,2022-07-21T16:42:07.033Z
chip_164_405,15TXG,2022-06-02T17:02:03.203Z,2022-06-27T17:02:16.391Z,2022-09-30T17:02:02.980Z
chip_111_417,15TYK,2022-05-13T17:01:15.357Z,2022-06-27T17:01:29.706Z,2022-08-31T17:01:17.915Z
chip_236_367,15SUB,2022-03-02T17:13:26.997Z,2022-06-30T17:13:36.411Z,2022-09-28T17:13:30.731Z
chip_065_192,12TWS,2022-04-25T18:31:23.607Z,2022-08-18T18:31:20.548Z,2022-09-07T18:31:20.391Z
chip_062_084,11TLL,2022-05-04T19:01:53.798Z,2022-08-12T19:02:01.232Z,2022-09-26T19:01:49.367Z
chip_213_336,14SPH,2022-03-15T17:23:17.097Z,2022-06-28T17:23:18.300Z,2022-09-26T17:23:13.550Z
chip_353_327,14RPU,2022-03-12T17:15:32.222Z,2022-05-16T17:15:27.391Z,2022-09-28T17:15:35.448Z
chip_106_412,15TXK,2022-06-20T17:11:28.687Z,2022-09-03T17:11:18.203Z,2022-09-13T17:11:18.766Z
chip_225_481,16SEG,2022-03-03T16:43:11.989Z,2022-05-17T16:43:07.763Z,2022-07-21T16:43:19.572Z
chip_075_350,14TQT,2022-04-27T17:30:46.503Z,2022-06-06T17:30:49.308Z,2022-08-30T17:30:39.524Z
chip_112_609,18TWN,2022-04-30T16:01:23.795Z,2022-07-09T16:01:29.855Z,2022-09-02T16:01:19.940Z
chip_168_407,15TXF,2022-05-13T17:02:16.723Z,2022-07-12T17:02:22.720Z,2022-09-30T17:02:17.640Z
chip_184_410,15TXE,2022-07-12T17:02:37.322Z,2022-09-20T17:02:34.300Z,2022-09-30T17:02:32.251Z
chip_131_316,14TNP,2022-04-02T17:31:42.748Z,2022-07-31T17:31:50.927Z,2022-09-04T17:31:57.900Z
chip_200_274,13SGD,2022-03-01T17:43:10.258Z,2022-07-09T17:43:19.789Z,2022-09-27T17:43:14.103Z
chip_081_345,14TPS,2022-05-27T17:31:06.526Z,2022-08-10T17:31:02.702Z,2022-09-04T17:31:10.818Z
chip_104_329,14TNR,2022-03-26T17:41:11.193Z,2022-08-08T17:41:25.525Z,2022-09-12T17:41:15.871Z
chip_147_392,15TWH,2022-03-27T17:11:46.585Z,2022-04-21T17:11:53.976Z,2022-06-20T17:12:01.314Z
chip_335_504,16RFV,2022-03-05T16:34:47.816Z,2022-04-04T16:34:47.229Z,2022-04-19T16:34:54.650Z
chip_070_294,14TLT,2022-03-19T17:50:47.906Z,2022-07-12T17:51:02.643Z,2022-09-05T17:50:51.524Z
chip_094_336,14TPR,2022-05-27T17:31:21.247Z,2022-08-10T17:31:17.428Z,2022-09-04T17:31:25.536Z
chip_171_611,18SVJ,2022-03-11T16:02:24.161Z,2022-06-19T16:02:31.799Z,2022-09-27T16:02:27.348Z
chip_142_483,16TFN,2022-04-12T16:41:40.271Z,2022-06-16T16:41:41.717Z,2022-06-21T16:41:49.903Z
chip_221_283,14SLH,2022-03-01T17:43:20.009Z,2022-06-29T17:43:29.475Z,2022-09-27T17:43:23.855Z
chip_128_446,16TDP,2022-06-09T16:51:29.385Z,2022-07-09T16:51:32.085Z,2022-07-14T16:51:39.868Z
chip_269_478,16SED,2022-03-03T16:43:54.952Z,2022-04-27T16:43:44.290Z,2022-09-19T16:43:59.325Z
chip_169_590,18TUK,2022-03-16T16:02:07.538Z,2022-06-19T16:02:21.115Z,2022-08-18T16:02:22.029Z
chip_055_199,12TXT,2022-06-16T18:21:07.814Z,2022-07-21T18:21:15.165Z,2022-08-30T18:21:16.286Z
chip_154_487,16TFM,2022-04-12T16:41:54.888Z,2022-06-16T16:41:56.352Z,2022-09-14T16:41:54.418Z
chip_141_488,16TFN,2022-04-12T16:41:40.271Z,2022-06-16T16:41:41.717Z,2022-06-21T16:41:49.903Z
chip_102_345,14TPR,2022-05-27T17:31:21.247Z,2022-08-10T17:31:17.428Z,2022-09-04T17:31:25.536Z
chip_234_280,14SKG,2022-03-01T17:43:38.485Z,2022-05-30T17:43:42.836Z,2022-09-27T17:43:42.329Z
chip_249_290,14SLF,2022-03-03T17:33:46.260Z,2022-06-06T17:33:57.153Z,2022-09-19T17:33:50.715Z
chip_122_482,16TFP,2022-05-07T16:41:19.793Z,2022-06-16T16:41:27.310Z,2022-09-09T16:41:34.405Z
chip_127_491,16TGP,2022-05-07T16:41:16.393Z,2022-06-21T16:41:31.935Z,2022-09-09T16:41:30.995Z
chip_164_523,17TMF,2022-03-02T16:21:59.411Z,2022-06-30T16:22:07.704Z,2022-07-10T16:22:07.211Z
chip_100_333,14TPR,2022-05-27T17:31:21.247Z,2022-08-10T17:31:17.428Z,2022-09-04T17:31:25.536Z
chip_151_486,16TFM,2022-04-12T16:41:54.888Z,2022-06-16T16:41:56.352Z,2022-09-14T16:41:54.418Z
chip_165_258,13TFF,2022-03-19T17:52:35.615Z,2022-06-27T17:52:42.688Z,2022-09-20T17:52:45.240Z
chip_240_593,18STE,2022-03-21T16:03:28.606Z,2022-04-25T16:03:19.048Z,2022-08-03T16:03:29.936Z
chip_152_584,18TUL,2022-03-04T16:11:54.772Z,2022-04-30T16:02:00.234Z,2022-09-17T16:02:03.854Z
chip_130_480,16TFN,2022-04-12T16:41:40.271Z,2022-06-16T16:41:41.717Z,2022-06-21T16:41:49.903Z
chip_166_434,16TCL,2022-03-21T16:52:12.131Z,2022-06-29T16:52:19.405Z,2022-07-14T16:52:26.805Z
chip_271_429,15SYU,2022-06-29T16:54:05.735Z,2022-08-13T16:54:12.905Z,2022-09-12T16:54:10.858Z
chip_184_356,15TTE,2022-04-04T17:22:42.037Z,2022-05-09T17:22:37.746Z,2022-08-02T17:22:51.139Z
chip_221_330,14SPH,2022-03-15T17:23:17.097Z,2022-06-28T17:23:18.300Z,2022-09-26T17:23:13.550Z
chip_235_440,16SCG,2022-03-26T16:53:14.506Z,2022-05-20T16:53:11.761Z,2022-08-13T16:53:24.156Z
chip_246_428,15SYA,2022-06-04T16:53:39.267Z,2022-06-29T16:53:36.540Z,2022-09-12T16:53:41.662Z
chip_324_315,14SNA,2022-03-10T17:24:56.332Z,2022-05-14T17:25:02.591Z,2022-09-26T17:24:58.773Z
chip_147_470,16TEM,2022-05-07T16:41:52.147Z,2022-06-16T16:41:59.644Z,2022-07-21T16:42:07.033Z
chip_139_473,16TEN,2022-04-17T16:41:37.040Z,2022-06-21T16:41:53.301Z,2022-09-19T16:41:49.278Z
chip_066_117,11TNL,2022-04-06T18:51:41.292Z,2022-07-25T18:51:49.494Z,2022-09-23T18:51:45.371Z
chip_226_278,14SKG,2022-03-01T17:43:38.485Z,2022-05-30T17:43:42.836Z,2022-09-27T17:43:42.329Z
chip_212_411,15SXC,2022-03-09T17:03:06.050Z,2022-09-25T17:03:09.162Z,2022-09-30T17:03:01.349Z
chip_119_332,14TPQ,2022-05-27T17:31:35.657Z,2022-08-05T17:31:39.243Z,2022-09-04T17:31:39.935Z
chip_201_445,16SCJ,2022-03-16T16:52:46.984Z,2022-06-14T16:52:47.987Z,2022-06-29T16:52:48.285Z
chip_093_322,14TNR,2022-03-26T17:41:11.193Z,2022-08-08T17:41:25.525Z,2022-09-12T17:41:15.871Z
chip_113_420,15TYK,2022-05-13T17:01:15.357Z,2022-06-27T17:01:29.706Z,2022-08-31T17:01:17.915Z
chip_106_421,15TYK,2022-05-13T17:01:15.357Z,2022-06-27T17:01:29.706Z,2022-08-31T17:01:17.915Z
chip_232_023,10SGD,2022-03-02T18:54:54.041Z,2022-05-01T18:54:55.558Z,2022-09-28T18:54:57.776Z
chip_208_391,15SWD,2022-07-12T17:02:55.186Z,2022-08-31T17:02:51.751Z,2022-09-30T17:02:50.103Z
chip_167_343,14TPL,2022-03-08T17:32:29.975Z,2022-07-21T17:32:30.951Z,2022-09-29T17:32:25.582Z
chip_182_521,17TLE,2022-05-09T16:32:21.253Z,2022-06-03T16:32:17.171Z,2022-06-18T16:32:28.798Z
chip_038_168,12UUU,2022-06-27T18:41:07.699Z,2022-08-31T18:40:55.925Z,2022-09-25T18:41:02.096Z
chip_244_594,18STE,2022-03-21T16:03:28.606Z,2022-04-25T16:03:19.048Z,2022-08-03T16:03:29.936Z
chip_077_612,18TXQ,2022-05-05T16:00:41.447Z,2022-07-09T16:00:58.842Z,2022-09-02T16:00:47.180Z
chip_123_494,16TGP,2022-05-07T16:41:16.393Z,2022-06-21T16:41:31.935Z,2022-09-09T16:41:30.995Z
chip_268_373,15SUV,2022-04-01T17:13:54.327Z,2022-07-05T17:13:57.327Z,2022-09-23T17:13:53.236Z
chip_242_448,16SCF,2022-03-01T16:53:22.784Z,2022-06-19T16:53:30.476Z,2022-09-27T16:53:26.267Z
chip_208_431,16SBJ,2022-03-01T16:52:43.726Z,2022-06-29T16:52:52.193Z,2022-09-27T16:52:47.199Z
chip_203_407,15SXD,2022-06-17T17:02:58.727Z,2022-06-27T17:03:00.170Z,2022-07-12T17:02:51.831Z
chip_159_407,15TXG,2022-06-02T17:02:03.203Z,2022-06-27T17:02:16.391Z,2022-09-30T17:02:02.980Z
chip_123_483,16TFP,2022-05-07T16:41:19.793Z,2022-06-16T16:41:27.310Z,2022-09-09T16:41:34.405Z
chip_136_437,16TCN,2022-05-13T17:01:40.144Z,2022-06-27T17:01:54.466Z,2022-09-30T17:01:41.069Z
chip_322_313,14SNA,2022-03-10T17:24:56.332Z,2022-05-14T17:25:02.591Z,2022-09-26T17:24:58.773Z
chip_326_516,16RGV,2022-03-02T16:24:48.107Z,2022-04-01T16:24:47.778Z,2022-09-23T16:24:58.240Z
chip_219_256,13SFC,2022-03-19T17:53:19.037Z,2022-07-12T17:53:33.765Z,2022-09-30T17:53:28.288Z
chip_059_119,11TNM,2022-06-25T18:51:35.051Z,2022-07-25T18:51:35.110Z,2022-08-29T18:51:42.486Z
chip_251_279,14SKF,2022-03-01T17:43:52.746Z,2022-05-30T17:43:57.094Z,2022-09-27T17:43:56.593Z
chip_049_232,13UCP,2022-03-30T18:10:49.097Z,2022-08-07T18:10:58.256Z,2022-09-26T18:10:53.989Z
chip_252_585,17SQU,2022-03-21T16:03:44.609Z,2022-04-20T16:03:45.747Z,2022-04-25T16:03:35.059Z
chip_221_354,15STC,2022-04-14T17:23:12.199Z,2022-06-28T17:23:14.287Z,2022-08-12T17:23:21.374Z
chip_386_323,14RPS,2022-03-12T17:16:01.235Z,2022-05-26T17:15:57.325Z,2022-09-28T17:16:04.455Z
chip_171_346,14TQL,2022-04-14T17:22:29.589Z,2022-06-28T17:22:31.670Z,2022-08-02T17:22:37.077Z
chip_155_467,16TEM,2022-05-07T16:41:52.147Z,2022-06-16T16:41:59.644Z,2022-07-21T16:42:07.033Z
chip_171_588,18TUK,2022-03-16T16:02:07.538Z,2022-06-19T16:02:21.115Z,2022-08-18T16:02:22.029Z
chip_249_440,16SBF,2022-04-10T16:53:26.868Z,2022-06-19T16:53:34.519Z,2022-09-12T16:53:40.407Z
chip_128_442,16TCP,2022-06-17T17:01:39.034Z,2022-06-22T17:01:32.473Z,2022-06-27T17:01:40.491Z
chip_215_336,14SPH,2022-03-15T17:23:17.097Z,2022-06-28T17:23:18.300Z,2022-09-26T17:23:13.550Z
chip_329_489,16REV,2022-03-20T16:34:57.199Z,2022-04-09T16:34:55.187Z,2022-06-23T16:34:58.631Z
chip_127_477,16TFP,2022-05-07T16:41:19.793Z,2022-06-16T16:41:27.310Z,2022-09-09T16:41:34.405Z
chip_242_450,16SCF,2022-03-01T16:53:22.784Z,2022-06-19T16:53:30.476Z,2022-09-27T16:53:26.267Z
chip_233_293,14SLG,2022-03-01T17:43:34.008Z,2022-06-24T17:43:35.491Z,2022-09-27T17:43:37.853Z
chip_226_274,14SKG,2022-03-01T17:43:38.485Z,2022-05-30T17:43:42.836Z,2022-09-27T17:43:42.329Z
chip_219_311,14SMH,2022-03-28T17:33:19.183Z,2022-06-11T17:33:19.319Z,2022-09-29T17:33:16.289Z
chip_174_402,15TWF,2022-03-27T17:12:15.375Z,2022-04-16T17:12:14.188Z,2022-08-04T17:12:22.692Z
chip_319_340,14SQA,2022-04-06T17:14:52.762Z,2022-04-26T17:14:49.249Z,2022-05-26T17:14:56.076Z
chip_214_329,14SPH,2022-03-15T17:23:17.097Z,2022-06-28T17:23:18.300Z,2022-09-26T17:23:13.550Z
chip_220_257,13SFC,2022-03-19T17:53:19.037Z,2022-07-12T17:53:33.765Z,2022-09-30T17:53:28.288Z
chip_151_418,16TBM,2022-05-13T17:01:58.996Z,2022-06-27T17:02:13.322Z,2022-08-31T17:02:01.571Z
chip_236_277,14SKG,2022-03-01T17:43:38.485Z,2022-05-30T17:43:42.836Z,2022-09-27T17:43:42.329Z
chip_236_434,16SBG,2022-03-16T16:53:19.615Z,2022-06-29T16:53:20.916Z,2022-09-12T16:53:26.044Z
chip_244_332,14SPF,2022-03-15T17:23:46.321Z,2022-07-18T17:23:47.230Z,2022-09-26T17:23:42.780Z
chip_267_438,16SBE,2022-03-01T16:53:41.246Z,2022-06-24T16:53:57.039Z,2022-09-27T16:53:44.735Z
chip_111_449,16TDQ,2022-05-15T16:51:17.294Z,2022-07-09T16:51:17.462Z,2022-07-14T16:51:25.242Z
chip_248_592,18STE,2022-03-21T16:03:28.606Z,2022-04-25T16:03:19.048Z,2022-08-03T16:03:29.936Z
chip_128_481,16TFP,2022-05-07T16:41:19.793Z,2022-06-16T16:41:27.310Z,2022-09-09T16:41:34.405Z
chip_126_442,16TCP,2022-06-17T17:01:39.034Z,2022-06-22T17:01:32.473Z,2022-06-27T17:01:40.491Z
chip_121_503,17TLJ,2022-04-29T16:31:24.943Z,2022-06-23T16:31:24.610Z,2022-09-01T16:31:20.910Z
chip_243_336,14SPF,2022-03-15T17:23:46.321Z,2022-07-18T17:23:47.230Z,2022-09-26T17:23:42.780Z
chip_170_514,17TLE,2022-05-09T16:32:21.253Z,2022-06-03T16:32:17.171Z,2022-06-18T16:32:28.798Z
chip_391_325,14RPR,2022-03-12T17:16:15.984Z,2022-05-16T17:16:11.156Z,2022-06-05T17:16:12.695Z
chip_179_518,17TLE,2022-05-09T16:32:21.253Z,2022-06-03T16:32:17.171Z,2022-06-18T16:32:28.798Z
chip_224_334,14SPH,2022-03-15T17:23:17.097Z,2022-06-28T17:23:18.300Z,2022-09-26T17:23:13.550Z
chip_099_102,11TMJ,2022-04-06T18:52:13.908Z,2022-07-25T18:52:22.109Z,2022-09-23T18:52:17.991Z
chip_125_124,11TPH,2022-07-22T18:42:32.805Z,2022-09-10T18:42:29.750Z,2022-09-25T18:42:34.937Z
chip_281_251,13SFU,2022-03-01T17:44:26.270Z,2022-05-30T17:44:30.615Z,2022-09-27T17:44:30.115Z
chip_163_518,17TLF,2022-04-14T16:31:59.291Z,2022-06-18T16:32:14.503Z,2022-07-03T16:32:08.113Z
chip_049_103,11TMM,2022-04-06T18:51:30.646Z,2022-07-30T18:51:43.645Z,2022-09-26T19:01:30.525Z
chip_200_415,15SXD,2022-06-17T17:02:58.727Z,2022-06-27T17:03:00.170Z,2022-07-12T17:02:51.831Z
chip_238_329,14SPG,2022-04-09T17:23:24.690Z,2022-04-14T17:23:30.941Z,2022-07-13T17:23:40.575Z
chip_276_083,11SPS,2022-03-01T18:35:07.771Z,2022-05-20T18:35:11.022Z,2022-09-02T18:35:23.140Z
chip_145_493,17TKG,2022-03-20T16:31:56.041Z,2022-06-21T16:42:00.635Z,2022-09-14T16:41:50.538Z
chip_091_197,12TXR,2022-06-16T18:21:31.303Z,2022-06-26T18:21:38.015Z,2022-07-21T18:21:44.201Z
chip_174_348,14TQL,2022-04-14T17:22:29.589Z,2022-06-28T17:22:31.670Z,2022-08-02T17:22:37.077Z
chip_269_268,13SGU,2022-03-01T17:44:23.180Z,2022-05-30T17:44:27.524Z,2022-09-07T17:44:31.086Z
chip_266_362,15SUV,2022-04-01T17:13:54.327Z,2022-07-05T17:13:57.327Z,2022-09-23T17:13:53.236Z
chip_242_336,14SPF,2022-03-15T17:23:46.321Z,2022-07-18T17:23:47.230Z,2022-09-26T17:23:42.780Z
chip_219_447,16SCH,2022-03-16T16:53:01.377Z,2022-06-19T16:53:01.903Z,2022-09-12T16:53:07.791Z
chip_127_320,14TNP,2022-04-02T17:31:42.748Z,2022-07-31T17:31:50.927Z,2022-09-04T17:31:57.900Z
chip_204_480,16SEH,2022-03-13T16:42:57.934Z,2022-06-21T16:43:05.949Z,2022-09-19T16:43:01.935Z
chip_113_421,15TYK,2022-05-13T17:01:15.357Z,2022-06-27T17:01:29.706Z,2022-08-31T17:01:17.915Z
chip_095_343,14TPR,2022-05-27T17:31:21.247Z,2022-08-10T17:31:17.428Z,2022-09-04T17:31:25.536Z
chip_083_210,12TYR,2022-03-30T18:11:35.093Z,2022-07-21T18:21:40.185Z,2022-09-26T18:11:39.990Z
chip_251_264,13SGA,2022-03-01T17:43:54.149Z,2022-05-30T17:43:58.495Z,2022-09-17T17:43:59.457Z
chip_229_282,14SKG,2022-03-01T17:43:38.485Z,2022-05-30T17:43:42.836Z,2022-09-27T17:43:42.329Z
chip_098_358,14TQR,2022-05-27T17:31:17.799Z,2022-08-10T17:31:13.982Z,2022-09-04T17:31:22.080Z
chip_228_286,14SLG,2022-03-01T17:43:34.008Z,2022-06-24T17:43:35.491Z,2022-09-27T17:43:37.853Z
chip_372_342,14RQT,2022-03-02T17:15:43.242Z,2022-03-12T17:15:43.754Z,2022-05-16T17:15:38.928Z
chip_172_588,18TUK,2022-03-16T16:02:07.538Z,2022-06-19T16:02:21.115Z,2022-08-18T16:02:22.029Z
chip_274_474,16SED,2022-03-03T16:43:54.952Z,2022-04-27T16:43:44.290Z,2022-09-19T16:43:59.325Z
chip_270_475,16SED,2022-03-03T16:43:54.952Z,2022-04-27T16:43:44.290Z,2022-09-19T16:43:59.325Z
chip_040_114,11TMN,2022-06-23T19:01:28.505Z,2022-08-07T19:01:20.304Z,2022-09-26T19:01:16.515Z
chip_123_391,15TWJ,2022-03-12T17:11:38.882Z,2022-09-03T17:11:36.239Z,2022-09-28T17:11:42.108Z
chip_147_444,16TCM,2022-06-14T16:52:10.413Z,2022-07-09T16:52:04.606Z,2022-07-14T16:52:12.390Z
chip_132_440,16TCP,2022-06-17T17:01:39.034Z,2022-06-22T17:01:32.473Z,2022-06-27T17:01:40.491Z
chip_193_312,14TMK,2022-03-13T17:32:45.795Z,2022-07-21T17:32:52.675Z,2022-09-29T17:32:47.305Z
chip_281_266,13SGU,2022-03-01T17:44:23.180Z,2022-05-30T17:44:27.524Z,2022-09-07T17:44:31.086Z
chip_137_437,16TCN,2022-05-13T17:01:40.144Z,2022-06-27T17:01:54.466Z,2022-09-30T17:01:41.069Z
chip_129_475,16TFN,2022-04-12T16:41:40.271Z,2022-06-16T16:41:41.717Z,2022-06-21T16:41:49.903Z
chip_252_584,17SQU,2022-03-21T16:03:44.609Z,2022-04-20T16:03:45.747Z,2022-04-25T16:03:35.059Z
chip_318_523,17SKR,2022-03-02T16:24:31.364Z,2022-05-11T16:24:32.306Z,2022-06-20T16:24:39.002Z
chip_127_304,14TMP,2022-06-19T17:41:58.347Z,2022-07-09T17:41:59.588Z,2022-07-19T17:41:58.325Z
chip_138_363,15TUH,2022-05-14T17:21:57.801Z,2022-06-18T17:21:57.813Z,2022-07-18T17:21:58.418Z
chip_115_504,17TLJ,2022-04-29T16:31:24.943Z,2022-06-23T16:31:24.610Z,2022-09-01T16:31:20.910Z
chip_129_505,17TLH,2022-04-14T16:31:30.600Z,2022-06-18T16:31:45.821Z,2022-09-01T16:31:35.443Z
chip_316_543,17SLR,2022-03-27T16:24:33.268Z,2022-05-11T16:24:28.467Z,2022-06-20T16:24:35.156Z
chip_191_511,17SKD,2022-06-03T16:32:35.551Z,2022-06-18T16:32:47.171Z,2022-06-23T16:32:40.474Z
chip_061_115,11TNM,2022-06-25T18:51:35.051Z,2022-07-25T18:51:35.110Z,2022-08-29T18:51:42.486Z
chip_132_439,16TCP,2022-06-17T17:01:39.034Z,2022-06-22T17:01:32.473Z,2022-06-27T17:01:40.491Z
chip_201_382,15SVD,2022-04-26T17:12:44.200Z,2022-06-30T17:13:03.832Z,2022-09-28T17:12:58.154Z
chip_119_509,17TLJ,2022-04-29T16:31:24.943Z,2022-06-23T16:31:24.610Z,2022-09-01T16:31:20.910Z
chip_248_590,17SQV,2022-03-21T16:03:30.091Z,2022-06-19T16:03:38.547Z,2022-09-27T16:03:34.104Z
chip_191_286,14TLK,2022-03-26T17:42:45.360Z,2022-07-09T17:43:01.000Z,2022-09-07T17:42:59.364Z
chip_254_285,14SLF,2022-03-03T17:33:46.260Z,2022-06-06T17:33:57.153Z,2022-09-19T17:33:50.715Z
chip_128_482,16TFP,2022-05-07T16:41:19.793Z,2022-06-16T16:41:27.310Z,2022-09-09T16:41:34.405Z
chip_222_292,14SLH,2022-03-01T17:43:20.009Z,2022-06-29T17:43:29.475Z,2022-09-27T17:43:23.855Z
chip_127_497,16TGP,2022-05-07T16:41:16.393Z,2022-06-21T16:41:31.935Z,2022-09-09T16:41:30.995Z
chip_222_467,16SDG,2022-04-27T16:43:04.721Z,2022-06-21T16:43:23.790Z,2022-07-21T16:43:22.995Z
chip_318_532,17SLR,2022-03-27T16:24:33.268Z,2022-05-11T16:24:28.467Z,2022-06-20T16:24:35.156Z
chip_372_349,14RQT,2022-03-02T17:15:43.242Z,2022-03-12T17:15:43.754Z,2022-05-16T17:15:38.928Z
chip_212_334,14SPH,2022-03-15T17:23:17.097Z,2022-06-28T17:23:18.300Z,2022-09-26T17:23:13.550Z
chip_213_426,15SYC,2022-03-01T16:52:58.989Z,2022-06-19T16:53:06.682Z,2022-09-27T16:53:02.464Z
chip_274_467,16SDD,2022-03-03T16:43:58.991Z,2022-04-27T16:43:48.302Z,2022-06-16T16:43:53.974Z
chip_180_023,10SFH,2022-03-20T19:03:49.540Z,2022-04-24T19:03:56.550Z,2022-08-12T19:04:03.819Z
chip_155_346,15TTG,2022-05-09T17:22:08.996Z,2022-07-18T17:22:16.708Z,2022-08-02T17:22:22.395Z
chip_122_507,17TLJ,2022-04-29T16:31:24.943Z,2022-06-23T16:31:24.610Z,2022-09-01T16:31:20.910Z
chip_110_435,16TCQ,2022-05-13T17:01:11.858Z,2022-06-27T17:01:26.198Z,2022-09-30T17:01:12.779Z
chip_236_291,14SLG,2022-03-01T17:43:34.008Z,2022-06-24T17:43:35.491Z,2022-09-27T17:43:37.853Z
chip_133_441,16TCN,2022-05-13T17:01:40.144Z,2022-06-27T17:01:54.466Z,2022-09-30T17:01:41.069Z
chip_149_468,16TEM,2022-05-07T16:41:52.147Z,2022-06-16T16:41:59.644Z,2022-07-21T16:42:07.033Z
chip_207_359,15STD,2022-03-15T17:22:58.778Z,2022-06-03T17:23:02.743Z,2022-08-12T17:23:07.058Z
chip_236_449,16SCG,2022-03-26T16:53:14.506Z,2022-05-20T16:53:11.761Z,2022-08-13T16:53:24.156Z
chip_112_446,16TDQ,2022-05-15T16:51:17.294Z,2022-07-09T16:51:17.462Z,2022-07-14T16:51:25.242Z
chip_221_440,16SCH,2022-03-16T16:53:01.377Z,2022-06-19T16:53:01.903Z,2022-09-12T16:53:07.791Z
chip_081_337,14TPS,2022-05-27T17:31:06.526Z,2022-08-10T17:31:02.702Z,2022-09-04T17:31:10.818Z
chip_253_595,18STD,2022-03-21T16:03:43.002Z,2022-04-20T16:03:44.140Z,2022-06-19T16:03:51.448Z
chip_113_434,16TCQ,2022-05-13T17:01:11.858Z,2022-06-27T17:01:26.198Z,2022-09-30T17:01:12.779Z
chip_133_482,16TFN,2022-04-12T16:41:40.271Z,2022-06-16T16:41:41.717Z,2022-06-21T16:41:49.903Z
chip_330_510,16RGV,2022-03-02T16:24:48.107Z,2022-04-01T16:24:47.778Z,2022-09-23T16:24:58.240Z
chip_271_389,15SVU,2022-03-09T17:04:10.772Z,2022-04-18T17:04:10.730Z,2022-09-30T17:04:06.068Z
chip_220_436,16SBH,2022-03-16T16:53:05.142Z,2022-03-26T16:53:03.963Z,2022-06-19T16:53:05.668Z
chip_231_279,14SKG,2022-03-01T17:43:38.485Z,2022-05-30T17:43:42.836Z,2022-09-27T17:43:42.329Z
chip_089_303,14TMS,2022-03-16T17:41:01.327Z,2022-06-19T17:41:14.921Z,2022-09-27T17:41:10.460Z
chip_131_477,16TFN,2022-04-12T16:41:40.271Z,2022-06-16T16:41:41.717Z,2022-06-21T16:41:49.903Z
chip_227_605,18SUF,2022-03-21T16:03:10.397Z,2022-06-19T16:03:18.846Z,2022-09-27T16:03:14.413Z
chip_159_520,17TLF,2022-04-14T16:31:59.291Z,2022-06-18T16:32:14.503Z,2022-07-03T16:32:08.113Z
chip_170_586,18TUK,2022-03-16T16:02:07.538Z,2022-06-19T16:02:21.115Z,2022-08-18T16:02:22.029Z
chip_202_388,15SVD,2022-04-26T17:12:44.200Z,2022-06-30T17:13:03.832Z,2022-09-28T17:12:58.154Z
chip_150_486,16TFM,2022-04-12T16:41:54.888Z,2022-06-16T16:41:56.352Z,2022-09-14T16:41:54.418Z
chip_149_266,13TFG,2022-03-19T17:52:21.065Z,2022-06-27T17:52:28.129Z,2022-09-05T17:52:24.698Z
chip_250_589,17SQU,2022-03-21T16:03:44.609Z,2022-04-20T16:03:45.747Z,2022-04-25T16:03:35.059Z
chip_157_480,16TFM,2022-04-12T16:41:54.888Z,2022-06-16T16:41:56.352Z,2022-09-14T16:41:54.418Z
chip_169_026,10SFH,2022-03-20T19:03:49.540Z,2022-04-24T19:03:56.550Z,2022-08-12T19:04:03.819Z
chip_370_344,14RQT,2022-03-02T17:15:43.242Z,2022-03-12T17:15:43.754Z,2022-05-16T17:15:38.928Z
chip_121_505,17TLJ,2022-04-29T16:31:24.943Z,2022-06-23T16:31:24.610Z,2022-09-01T16:31:20.910Z
chip_122_492,16TGP,2022-05-07T16:41:16.393Z,2022-06-21T16:41:31.935Z,2022-09-09T16:41:30.995Z
chip_138_474,16TEN,2022-04-17T16:41:37.040Z,2022-06-21T16:41:53.301Z,2022-09-19T16:41:49.278Z
chip_138_427,15TYH,2022-05-13T17:01:44.460Z,2022-06-22T17:01:50.779Z,2022-09-30T17:01:45.385Z
chip_326_500,16RFV,2022-03-05T16:34:47.816Z,2022-04-04T16:34:47.229Z,2022-04-19T16:34:54.650Z
chip_271_410,15SXU,2022-03-04T17:03:56.685Z,2022-07-12T17:04:03.878Z,2022-09-30T17:03:58.816Z
chip_265_310,14SME,2022-03-03T17:33:57.047Z,2022-05-22T17:34:00.079Z,2022-09-09T17:34:01.941Z
chip_144_494,17TKG,2022-03-20T16:31:56.041Z,2022-06-21T16:42:00.635Z,2022-09-14T16:41:50.538Z
chip_128_312,14TMP,2022-06-19T17:41:58.347Z,2022-07-09T17:41:59.588Z,2022-07-19T17:41:58.325Z
chip_080_345,14TPS,2022-05-27T17:31:06.526Z,2022-08-10T17:31:02.702Z,2022-09-04T17:31:10.818Z
chip_241_280,14SKF,2022-03-01T17:43:52.746Z,2022-05-30T17:43:57.094Z,2022-09-27T17:43:56.593Z
chip_334_470,16RDV,2022-03-13T16:44:56.685Z,2022-04-27T16:44:45.653Z,2022-09-29T16:44:59.940Z
chip_105_319,14TNR,2022-03-26T17:41:11.193Z,2022-08-08T17:41:25.525Z,2022-09-12T17:41:15.871Z
chip_191_419,15TYE,2022-03-14T17:02:27.623Z,2022-07-12T17:02:33.907Z,2022-09-30T17:02:28.837Z
chip_176_581,18STJ,2022-03-04T16:12:27.950Z,2022-03-29T16:12:21.025Z,2022-04-28T16:12:16.790Z
chip_183_517,17TLE,2022-05-09T16:32:21.253Z,2022-06-03T16:32:17.171Z,2022-06-18T16:32:28.798Z
chip_139_437,16TCN,2022-05-13T17:01:40.144Z,2022-06-27T17:01:54.466Z,2022-09-30T17:01:41.069Z
chip_068_352,14TQT,2022-04-27T17:30:46.503Z,2022-06-06T17:30:49.308Z,2022-08-30T17:30:39.524Z
chip_152_602,18TVL,2022-03-16T16:01:49.421Z,2022-04-30T16:01:56.426Z,2022-09-17T16:02:00.052Z
chip_102_305,14TMR,2022-03-26T17:41:15.079Z,2022-08-03T17:41:22.356Z,2022-09-12T17:41:19.761Z
chip_227_283,14SLG,2022-03-01T17:43:34.008Z,2022-06-24T17:43:35.491Z,2022-09-27T17:43:37.853Z
chip_345_460,16RCU,2022-03-13T16:45:15.175Z,2022-09-14T16:45:13.106Z,2022-09-29T16:45:18.439Z
chip_064_269,13TFN,2022-03-17T18:00:56.347Z,2022-07-20T18:00:57.574Z,2022-09-18T18:00:54.220Z
chip_133_318,14TNP,2022-04-02T17:31:42.748Z,2022-07-31T17:31:50.927Z,2022-09-04T17:31:57.900Z
chip_249_587,17SQV,2022-03-21T16:03:30.091Z,2022-06-19T16:03:38.547Z,2022-09-27T16:03:34.104Z
chip_236_443,16SCG,2022-03-26T16:53:14.506Z,2022-05-20T16:53:11.761Z,2022-08-13T16:53:24.156Z
chip_071_348,14TQT,2022-04-27T17:30:46.503Z,2022-06-06T17:30:49.308Z,2022-08-30T17:30:39.524Z
chip_123_491,16TGP,2022-05-07T16:41:16.393Z,2022-06-21T16:41:31.935Z,2022-09-09T16:41:30.995Z
chip_130_487,16TFN,2022-04-12T16:41:40.271Z,2022-06-16T16:41:41.717Z,2022-06-21T16:41:49.903Z
chip_234_261,13SFB,2022-03-19T17:53:33.242Z,2022-06-17T17:53:39.273Z,2022-09-25T17:53:35.805Z
chip_238_445,16SCF,2022-03-01T16:53:22.784Z,2022-06-19T16:53:30.476Z,2022-09-27T16:53:26.267Z
chip_096_306,14TMR,2022-03-26T17:41:15.079Z,2022-08-03T17:41:22.356Z,2022-09-12T17:41:19.761Z
chip_155_413,15TXG,2022-06-02T17:02:03.203Z,2022-06-27T17:02:16.391Z,2022-09-30T17:02:02.980Z
chip_118_493,16TGP,2022-05-07T16:41:16.393Z,2022-06-21T16:41:31.935Z,2022-09-09T16:41:30.995Z
chip_105_404,15TXK,2022-06-20T17:11:28.687Z,2022-09-03T17:11:18.203Z,2022-09-13T17:11:18.766Z
chip_037_148,11UQP,2022-06-27T18:41:10.071Z,2022-08-01T18:41:02.058Z,2022-09-25T18:41:04.466Z
chip_060_086,11TLL,2022-05-04T19:01:53.798Z,2022-08-12T19:02:01.232Z,2022-09-26T19:01:49.367Z
chip_207_466,16SDH,2022-03-13T16:43:01.398Z,2022-07-21T16:43:08.614Z,2022-09-24T16:42:58.140Z
chip_154_484,16TFM,2022-04-12T16:41:54.888Z,2022-06-16T16:41:56.352Z,2022-09-14T16:41:54.418Z
chip_235_335,14SPG,2022-04-09T17:23:24.690Z,2022-04-14T17:23:30.941Z,2022-07-13T17:23:40.575Z
chip_183_481,16TFK,2022-04-17T16:42:17.192Z,2022-06-21T16:42:33.431Z,2022-07-21T16:42:32.636Z
chip_073_105,11TML,2022-07-20T18:51:59.584Z,2022-07-25T18:51:53.164Z,2022-09-08T18:51:59.250Z
chip_366_348,14RQT,2022-03-02T17:15:43.242Z,2022-03-12T17:15:43.754Z,2022-05-16T17:15:38.928Z
chip_199_321,14SNJ,2022-04-17T17:33:02.364Z,2022-07-21T17:33:03.559Z,2022-09-29T17:32:58.191Z
chip_160_401,15TWG,2022-03-27T17:12:00.874Z,2022-04-26T17:11:57.037Z,2022-06-20T17:12:15.595Z
chip_227_331,14SPG,2022-04-09T17:23:24.690Z,2022-04-14T17:23:30.941Z,2022-07-13T17:23:40.575Z
chip_166_523,17TMF,2022-03-02T16:21:59.411Z,2022-06-30T16:22:07.704Z,2022-07-10T16:22:07.211Z
chip_216_442,16SCH,2022-03-16T16:53:01.377Z,2022-06-19T16:53:01.903Z,2022-09-12T16:53:07.791Z
chip_255_272,14SKE,2022-03-01T17:44:07.088Z,2022-05-30T17:44:11.442Z,2022-09-27T17:44:10.935Z
chip_146_489,16TFM,2022-04-12T16:41:54.888Z,2022-06-16T16:41:56.352Z,2022-09-14T16:41:54.418Z
chip_178_023,10SFH,2022-03-20T19:03:49.540Z,2022-04-24T19:03:56.550Z,2022-08-12T19:04:03.819Z
chip_075_105,11TML,2022-07-20T18:51:59.584Z,2022-07-25T18:51:53.164Z,2022-09-08T18:51:59.250Z
chip_231_274,14SKG,2022-03-01T17:43:38.485Z,2022-05-30T17:43:42.836Z,2022-09-27T17:43:42.329Z
chip_145_406,15TXH,2022-06-17T17:02:00.485Z,2022-08-16T17:02:01.701Z,2022-09-30T17:01:48.511Z
chip_175_605,18SVJ,2022-03-11T16:02:24.161Z,2022-06-19T16:02:31.799Z,2022-09-27T16:02:27.348Z
chip_147_488,16TFM,2022-04-12T16:41:54.888Z,2022-06-16T16:41:56.352Z,2022-09-14T16:41:54.418Z
chip_245_333,14SPF,2022-03-15T17:23:46.321Z,2022-07-18T17:23:47.230Z,2022-09-26T17:23:42.780Z
chip_144_487,16TFM,2022-04-12T16:41:54.888Z,2022-06-16T16:41:56.352Z,2022-09-14T16:41:54.418Z
chip_093_355,14TQR,2022-05-27T17:31:17.799Z,2022-08-10T17:31:13.982Z,2022-09-04T17:31:22.080Z
chip_119_439,16TCP,2022-06-17T17:01:39.034Z,2022-06-22T17:01:32.473Z,2022-06-27T17:01:40.491Z
chip_331_502,16RFV,2022-03-05T16:34:47.816Z,2022-04-04T16:34:47.229Z,2022-04-19T16:34:54.650Z
chip_114_592,18TVN,2022-04-30T16:01:27.465Z,2022-06-04T16:01:22.735Z,2022-09-02T16:01:23.606Z
chip_192_280,14TKK,2022-03-01T17:42:55.281Z,2022-07-09T17:43:04.814Z,2022-09-17T17:43:00.580Z
chip_242_280,14SKF,2022-03-01T17:43:52.746Z,2022-05-30T17:43:57.094Z,2022-09-27T17:43:56.593Z
chip_267_432,16SBE,2022-03-01T16:53:41.246Z,2022-06-24T16:53:57.039Z,2022-09-27T16:53:44.735Z
chip_098_357,14TQR,2022-05-27T17:31:17.799Z,2022-08-10T17:31:13.982Z,2022-09-04T17:31:22.080Z
chip_134_316,14TNP,2022-04-02T17:31:42.748Z,2022-07-31T17:31:50.927Z,2022-09-04T17:31:57.900Z
chip_111_401,15TXK,2022-06-20T17:11:28.687Z,2022-09-03T17:11:18.203Z,2022-09-13T17:11:18.766Z
chip_126_480,16TFP,2022-05-07T16:41:19.793Z,2022-06-16T16:41:27.310Z,2022-09-09T16:41:34.405Z
chip_167_446,16TCL,2022-03-21T16:52:12.131Z,2022-06-29T16:52:19.405Z,2022-07-14T16:52:26.805Z
chip_201_433,16SBJ,2022-03-01T16:52:43.726Z,2022-06-29T16:52:52.193Z,2022-09-27T16:52:47.199Z
chip_246_583,17SQV,2022-03-21T16:03:30.091Z,2022-06-19T16:03:38.547Z,2022-09-27T16:03:34.104Z
chip_212_466,16SDH,2022-03-13T16:43:01.398Z,2022-07-21T16:43:08.614Z,2022-09-24T16:42:58.140Z
chip_225_327,14SPH,2022-03-15T17:23:17.097Z,2022-06-28T17:23:18.300Z,2022-09-26T17:23:13.550Z
chip_169_586,18TUK,2022-03-16T16:02:07.538Z,2022-06-19T16:02:21.115Z,2022-08-18T16:02:22.029Z
chip_225_484,16SFG,2022-03-20T16:33:12.005Z,2022-07-23T16:33:13.462Z,2022-09-26T16:33:15.835Z
chip_141_482,16TFN,2022-04-12T16:41:40.271Z,2022-06-16T16:41:41.717Z,2022-06-21T16:41:49.903Z
chip_251_584,17SQU,2022-03-21T16:03:44.609Z,2022-04-20T16:03:45.747Z,2022-04-25T16:03:35.059Z
chip_218_430,16SBH,2022-03-16T16:53:05.142Z,2022-03-26T16:53:03.963Z,2022-06-19T16:53:05.668Z
chip_140_443,16TCN,2022-05-13T17:01:40.144Z,2022-06-27T17:01:54.466Z,2022-09-30T17:01:41.069Z
chip_141_486,16TFN,2022-04-12T16:41:40.271Z,2022-06-16T16:41:41.717Z,2022-06-21T16:41:49.903Z
chip_219_439,16SCH,2022-03-16T16:53:01.377Z,2022-06-19T16:53:01.903Z,2022-09-12T16:53:07.791Z
chip_103_320,14TNR,2022-03-26T17:41:11.193Z,2022-08-08T17:41:25.525Z,2022-09-12T17:41:15.871Z
chip_199_323,14SNJ,2022-04-17T17:33:02.364Z,2022-07-21T17:33:03.559Z,2022-09-29T17:32:58.191Z
chip_184_392,15TWE,2022-04-16T17:12:28.395Z,2022-07-05T17:12:37.457Z,2022-09-28T17:12:39.688Z
chip_247_420,15SYA,2022-06-04T16:53:39.267Z,2022-06-29T16:53:36.540Z,2022-09-12T16:53:41.662Z
chip_095_358,14TQR,2022-05-27T17:31:17.799Z,2022-08-10T17:31:13.982Z,2022-09-04T17:31:22.080Z
chip_320_318,14SNA,2022-03-10T17:24:56.332Z,2022-05-14T17:25:02.591Z,2022-09-26T17:24:58.773Z
chip_254_260,13SFV,2022-03-01T17:44:11.795Z,2022-06-29T17:44:21.279Z,2022-09-27T17:44:15.640Z
chip_133_443,16TCN,2022-05-13T17:01:40.144Z,2022-06-27T17:01:54.466Z,2022-09-30T17:01:41.069Z
chip_211_334,14SPH,2022-03-15T17:23:17.097Z,2022-06-28T17:23:18.300Z,2022-09-26T17:23:13.550Z
chip_188_420,15TYE,2022-03-14T17:02:27.623Z,2022-07-12T17:02:33.907Z,2022-09-30T17:02:28.837Z
chip_193_366,15TUE,2022-03-15T17:22:39.962Z,2022-06-03T17:22:43.933Z,2022-09-26T17:22:36.421Z
chip_042_116,11TNN,2022-06-25T18:51:20.586Z,2022-07-30T18:51:25.451Z,2022-08-29T18:51:28.016Z
chip_184_518,17TLE,2022-05-09T16:32:21.253Z,2022-06-03T16:32:17.171Z,2022-06-18T16:32:28.798Z
chip_223_481,16SEG,2022-03-03T16:43:11.989Z,2022-05-17T16:43:07.763Z,2022-07-21T16:43:19.572Z
chip_146_493,17TKG,2022-03-20T16:31:56.041Z,2022-06-21T16:42:00.635Z,2022-09-14T16:41:50.538Z
chip_180_606,18SVJ,2022-03-11T16:02:24.161Z,2022-06-19T16:02:31.799Z,2022-09-27T16:02:27.348Z
chip_227_332,14SPG,2022-04-09T17:23:24.690Z,2022-04-14T17:23:30.941Z,2022-07-13T17:23:40.575Z
chip_142_485,16TFN,2022-04-12T16:41:40.271Z,2022-06-16T16:41:41.717Z,2022-06-21T16:41:49.903Z
chip_417_321,14RPQ,2022-03-22T17:16:29.422Z,2022-06-05T17:16:27.113Z,2022-09-08T17:16:37.490Z
chip_119_126,11TPH,2022-07-22T18:42:32.805Z,2022-09-10T18:42:29.750Z,2022-09-25T18:42:34.937Z
chip_109_416,15TYK,2022-05-13T17:01:15.357Z,2022-06-27T17:01:29.706Z,2022-08-31T17:01:17.915Z
chip_095_323,14TNR,2022-03-26T17:41:11.193Z,2022-08-08T17:41:25.525Z,2022-09-12T17:41:15.871Z
chip_283_559,17SNT,2022-03-04T16:14:02.379Z,2022-05-18T16:13:58.236Z,2022-09-20T16:14:06.282Z
chip_093_212,12TYR,2022-03-30T18:11:35.093Z,2022-07-21T18:21:40.185Z,2022-09-26T18:11:39.990Z
chip_127_125,11TPH,2022-07-22T18:42:32.805Z,2022-09-10T18:42:29.750Z,2022-09-25T18:42:34.937Z
chip_234_444,16SCG,2022-03-26T16:53:14.506Z,2022-05-20T16:53:11.761Z,2022-08-13T16:53:24.156Z
chip_159_417,15TXG,2022-06-02T17:02:03.203Z,2022-06-27T17:02:16.391Z,2022-09-30T17:02:02.980Z
chip_218_457,16SDH,2022-03-13T16:43:01.398Z,2022-07-21T16:43:08.614Z,2022-09-24T16:42:58.140Z
chip_266_276,14SKE,2022-03-01T17:44:07.088Z,2022-05-30T17:44:11.442Z,2022-09-27T17:44:10.935Z
chip_181_023,10SFH,2022-03-20T19:03:49.540Z,2022-04-24T19:03:56.550Z,2022-08-12T19:04:03.819Z
chip_119_322,14TNQ,2022-03-01T17:41:31.513Z,2022-07-19T17:41:39.786Z,2022-09-12T17:41:30.070Z
chip_163_528,17TMF,2022-03-02T16:21:59.411Z,2022-06-30T16:22:07.704Z,2022-07-10T16:22:07.211Z
chip_255_274,14SKE,2022-03-01T17:44:07.088Z,2022-05-30T17:44:11.442Z,2022-09-27T17:44:10.935Z
chip_038_107,11TMN,2022-06-23T19:01:28.505Z,2022-08-07T19:01:20.304Z,2022-09-26T19:01:16.515Z
chip_191_516,17SLD,2022-05-09T16:32:35.471Z,2022-06-18T16:32:43.002Z,2022-06-23T16:32:36.304Z
chip_236_596,18STE,2022-03-21T16:03:28.606Z,2022-04-25T16:03:19.048Z,2022-08-03T16:03:29.936Z
chip_165_530,17TMF,2022-03-02T16:21:59.411Z,2022-06-30T16:22:07.704Z,2022-07-10T16:22:07.211Z
chip_334_507,16RFV,2022-03-05T16:34:47.816Z,2022-04-04T16:34:47.229Z,2022-04-19T16:34:54.650Z
chip_185_503,17TKE,2022-05-09T16:32:25.289Z,2022-06-18T16:32:32.848Z,2022-07-03T16:32:26.460Z
chip_161_469,16TEL,2022-04-27T16:42:03.179Z,2022-06-21T16:42:22.255Z,2022-09-14T16:42:12.150Z
chip_162_533,17TMF,2022-03-02T16:21:59.411Z,2022-06-30T16:22:07.704Z,2022-07-10T16:22:07.211Z
chip_236_188,12SYF,2022-03-02T18:03:58.957Z,2022-05-31T18:04:01.886Z,2022-09-03T18:04:14.006Z
chip_151_248,13TEG,2022-03-27T18:02:25.325Z,2022-07-25T18:02:32.901Z,2022-09-23T18:02:29.719Z
chip_057_118,11TNM,2022-06-25T18:51:35.051Z,2022-07-25T18:51:35.110Z,2022-08-29T18:51:42.486Z
chip_213_282,14SKH,2022-03-01T17:43:24.108Z,2022-06-14T17:43:24.122Z,2022-09-27T17:43:27.953Z
chip_130_439,16TCP,2022-06-17T17:01:39.034Z,2022-06-22T17:01:32.473Z,2022-06-27T17:01:40.491Z
chip_142_501,16TGM,2022-03-20T16:31:55.982Z,2022-06-18T16:32:04.108Z,2022-09-01T16:31:53.729Z
chip_065_120,11TNM,2022-06-25T18:51:35.051Z,2022-07-25T18:51:35.110Z,2022-08-29T18:51:42.486Z
chip_256_580,17SPU,2022-03-14T16:13:44.781Z,2022-05-18T16:13:40.418Z,2022-06-17T16:13:44.846Z
chip_126_496,16TGP,2022-05-07T16:41:16.393Z,2022-06-21T16:41:31.935Z,2022-09-09T16:41:30.995Z
chip_121_491,16TGP,2022-05-07T16:41:16.393Z,2022-06-21T16:41:31.935Z,2022-09-09T16:41:30.995Z
chip_311_469,16SDA,2022-03-13T16:44:42.559Z,2022-09-14T16:44:40.491Z,2022-09-29T16:44:45.823Z
chip_211_428,16SBH,2022-03-16T16:53:05.142Z,2022-03-26T16:53:03.963Z,2022-06-19T16:53:05.668Z
chip_319_522,17SKR,2022-03-02T16:24:31.364Z,2022-05-11T16:24:32.306Z,2022-06-20T16:24:39.002Z
chip_301_342,14SQC,2022-03-02T17:14:30.222Z,2022-06-20T17:14:38.563Z,2022-09-28T17:14:33.956Z
chip_245_595,18STE,2022-03-21T16:03:28.606Z,2022-04-25T16:03:19.048Z,2022-08-03T16:03:29.936Z
chip_096_341,14TPR,2022-05-27T17:31:21.247Z,2022-08-10T17:31:17.428Z,2022-09-04T17:31:25.536Z
chip_056_115,11TNM,2022-06-25T18:51:35.051Z,2022-07-25T18:51:35.110Z,2022-08-29T18:51:42.486Z
chip_221_439,16SCH,2022-03-16T16:53:01.377Z,2022-06-19T16:53:01.903Z,2022-09-12T16:53:07.791Z
chip_252_272,14SKF,2022-03-01T17:43:52.746Z,2022-05-30T17:43:57.094Z,2022-09-27T17:43:56.593Z
chip_137_432,16TCN,2022-05-13T17:01:40.144Z,2022-06-27T17:01:54.466Z,2022-09-30T17:01:41.069Z
chip_250_259,13SFA,2022-06-29T17:44:06.773Z,2022-08-28T17:44:06.360Z,2022-09-17T17:44:02.588Z
chip_221_436,16SBH,2022-03-16T16:53:05.142Z,2022-03-26T16:53:03.963Z,2022-06-19T16:53:05.668Z
chip_318_539,17RLQ,2022-03-02T16:24:41.634Z,2022-04-11T16:24:41.412Z,2022-09-23T16:24:51.764Z
chip_070_349,14TQT,2022-04-27T17:30:46.503Z,2022-06-06T17:30:49.308Z,2022-08-30T17:30:39.524Z
chip_133_440,16TCN,2022-05-13T17:01:40.144Z,2022-06-27T17:01:54.466Z,2022-09-30T17:01:41.069Z
chip_144_440,16TCN,2022-05-13T17:01:40.144Z,2022-06-27T17:01:54.466Z,2022-09-30T17:01:41.069Z
chip_132_443,16TCN,2022-05-13T17:01:40.144Z,2022-06-27T17:01:54.466Z,2022-09-30T17:01:41.069Z
chip_063_352,14TQT,2022-04-27T17:30:46.503Z,2022-06-06T17:30:49.308Z,2022-08-30T17:30:39.524Z
chip_076_349,14TQT,2022-04-27T17:30:46.503Z,2022-06-06T17:30:49.308Z,2022-08-30T17:30:39.524Z
chip_256_259,13SFV,2022-03-01T17:44:11.795Z,2022-06-29T17:44:21.279Z,2022-09-27T17:44:15.640Z
chip_137_283,13TGH,2022-03-19T17:52:03.192Z,2022-06-27T17:52:10.261Z,2022-09-20T17:52:12.816Z
chip_139_491,16TGN,2022-04-12T16:41:36.737Z,2022-06-16T16:41:38.174Z,2022-06-21T16:41:39.287Z
chip_333_500,16RFV,2022-03-05T16:34:47.816Z,2022-04-04T16:34:47.229Z,2022-04-19T16:34:54.650Z
chip_188_404,15TXE,2022-07-12T17:02:37.322Z,2022-09-20T17:02:34.300Z,2022-09-30T17:02:32.251Z
chip_225_315,14SNH,2022-03-03T17:33:10.094Z,2022-03-28T17:33:15.559Z,2022-09-04T17:33:24.834Z
chip_091_320,14TNR,2022-03-26T17:41:11.193Z,2022-08-08T17:41:25.525Z,2022-09-12T17:41:15.871Z
chip_275_407,15SXU,2022-03-04T17:03:56.685Z,2022-07-12T17:04:03.878Z,2022-09-30T17:03:58.816Z
chip_089_217,12TYR,2022-03-30T18:11:35.093Z,2022-07-21T18:21:40.185Z,2022-09-26T18:11:39.990Z
chip_152_491,17TKG,2022-03-20T16:31:56.041Z,2022-06-21T16:42:00.635Z,2022-09-14T16:41:50.538Z
chip_391_326,14RPR,2022-03-12T17:16:15.984Z,2022-05-16T17:16:11.156Z,2022-06-05T17:16:12.695Z
chip_183_520,17TLE,2022-05-09T16:32:21.253Z,2022-06-03T16:32:17.171Z,2022-06-18T16:32:28.798Z
chip_108_402,15TXK,2022-06-20T17:11:28.687Z,2022-09-03T17:11:18.203Z,2022-09-13T17:11:18.766Z
chip_163_522,17TMF,2022-03-02T16:21:59.411Z,2022-06-30T16:22:07.704Z,2022-07-10T16:22:07.211Z
chip_248_585,17SQV,2022-03-21T16:03:30.091Z,2022-06-19T16:03:38.547Z,2022-09-27T16:03:34.104Z
chip_194_385,15TVE,2022-04-16T17:12:32.293Z,2022-08-04T17:12:40.798Z,2022-09-28T17:12:43.597Z
chip_223_311,14SMH,2022-03-28T17:33:19.183Z,2022-06-11T17:33:19.319Z,2022-09-29T17:33:16.289Z
chip_094_337,14TPR,2022-05-27T17:31:21.247Z,2022-08-10T17:31:17.428Z,2022-09-04T17:31:25.536Z
chip_055_200,12TXT,2022-06-16T18:21:07.814Z,2022-07-21T18:21:15.165Z,2022-08-30T18:21:16.286Z
chip_165_412,15TXF,2022-05-13T17:02:16.723Z,2022-07-12T17:02:22.720Z,2022-09-30T17:02:17.640Z
chip_265_582,17SPU,2022-03-14T16:13:44.781Z,2022-05-18T16:13:40.418Z,2022-06-17T16:13:44.846Z
chip_228_489,16SFG,2022-03-20T16:33:12.005Z,2022-07-23T16:33:13.462Z,2022-09-26T16:33:15.835Z
chip_087_200,12TXR,2022-06-16T18:21:31.303Z,2022-06-26T18:21:38.015Z,2022-07-21T18:21:44.201Z
chip_204_390,15SWD,2022-07-12T17:02:55.186Z,2022-08-31T17:02:51.751Z,2022-09-30T17:02:50.103Z
chip_239_335,14SPG,2022-04-09T17:23:24.690Z,2022-04-14T17:23:30.941Z,2022-07-13T17:23:40.575Z
chip_203_288,14SLJ,2022-03-01T17:43:05.716Z,2022-07-19T17:43:13.994Z,2022-09-27T17:43:09.561Z
chip_123_560,17TPH,2022-06-25T16:21:39.084Z,2022-06-30T16:21:31.673Z,2022-07-10T16:21:31.182Z
chip_236_284,14SLG,2022-03-01T17:43:34.008Z,2022-06-24T17:43:35.491Z,2022-09-27T17:43:37.853Z
chip_365_309,14RNT,2022-03-15T17:25:45.807Z,2022-03-30T17:25:38.517Z,2022-05-14T17:25:46.104Z
chip_129_483,16TFN,2022-04-12T16:41:40.271Z,2022-06-16T16:41:41.717Z,2022-06-21T16:41:49.903Z
chip_253_286,14SLF,2022-03-03T17:33:46.260Z,2022-06-06T17:33:57.153Z,2022-09-19T17:33:50.715Z
chip_064_067,10TFR,2022-06-21T19:11:56.739Z,2022-08-10T19:11:55.798Z,2022-09-24T19:11:59.184Z
chip_279_403,15SWU,2022-03-04T17:04:00.648Z,2022-07-12T17:04:07.840Z,2022-09-30T17:04:02.779Z
chip_150_492,17TKG,2022-03-20T16:31:56.041Z,2022-06-21T16:42:00.635Z,2022-09-14T16:41:50.538Z
chip_195_367,15TUE,2022-03-15T17:22:39.962Z,2022-06-03T17:22:43.933Z,2022-09-26T17:22:36.421Z
chip_251_585,17SQU,2022-03-21T16:03:44.609Z,2022-04-20T16:03:45.747Z,2022-04-25T16:03:35.059Z
chip_088_361,15TUM,2022-04-27T17:30:57.572Z,2022-06-23T17:21:08.406Z,2022-09-11T17:21:06.574Z
chip_157_523,17TMF,2022-03-02T16:21:59.411Z,2022-06-30T16:22:07.704Z,2022-07-10T16:22:07.211Z
chip_280_251,13SFU,2022-03-01T17:44:26.270Z,2022-05-30T17:44:30.615Z,2022-09-27T17:44:30.115Z
chip_154_421,16TBM,2022-05-13T17:01:58.996Z,2022-06-27T17:02:13.322Z,2022-08-31T17:02:01.571Z
chip_189_493,16SFJ,2022-04-27T16:42:28.719Z,2022-05-17T16:42:35.165Z,2022-06-21T16:42:47.768Z
chip_251_583,17SQU,2022-03-21T16:03:44.609Z,2022-04-20T16:03:45.747Z,2022-04-25T16:03:35.059Z
chip_256_269,13SGV,2022-03-26T17:44:02.711Z,2022-06-24T17:44:10.306Z,2022-09-27T17:44:12.666Z
chip_058_090,11TLM,2022-04-24T19:01:39.653Z,2022-08-07T19:01:38.839Z,2022-09-26T19:01:35.051Z
chip_108_333,14TPQ,2022-05-27T17:31:35.657Z,2022-08-05T17:31:39.243Z,2022-09-04T17:31:39.935Z
chip_232_293,14SLG,2022-03-01T17:43:34.008Z,2022-06-24T17:43:35.491Z,2022-09-27T17:43:37.853Z
chip_104_416,15TYL,2022-06-22T17:01:06.927Z,2022-06-27T17:01:14.956Z,2022-07-22T17:01:07.214Z
chip_159_420,16TBM,2022-05-13T17:01:58.996Z,2022-06-27T17:02:13.322Z,2022-08-31T17:02:01.571Z
chip_211_435,16SBH,2022-03-16T16:53:05.142Z,2022-03-26T16:53:03.963Z,2022-06-19T16:53:05.668Z
chip_230_283,14SLG,2022-03-01T17:43:34.008Z,2022-06-24T17:43:35.491Z,2022-09-27T17:43:37.853Z
chip_175_466,16TEL,2022-04-27T16:42:03.179Z,2022-06-21T16:42:22.255Z,2022-09-14T16:42:12.150Z
chip_162_478,16TFL,2022-04-17T16:42:02.666Z,2022-06-21T16:42:18.902Z,2022-09-14T16:42:08.803Z
chip_330_508,16RGV,2022-03-02T16:24:48.107Z,2022-04-01T16:24:47.778Z,2022-09-23T16:24:58.240Z
chip_206_391,15SWD,2022-07-12T17:02:55.186Z,2022-08-31T17:02:51.751Z,2022-09-30T17:02:50.103Z
chip_168_388,15TWF,2022-03-27T17:12:15.375Z,2022-04-16T17:12:14.188Z,2022-08-04T17:12:22.692Z
chip_214_450,16SCH,2022-03-16T16:53:01.377Z,2022-06-19T16:53:01.903Z,2022-09-12T16:53:07.791Z
chip_126_427,15TYJ,2022-05-13T17:01:29.790Z,2022-07-12T17:01:35.794Z,2022-09-30T17:01:30.715Z
chip_182_607,18SVJ,2022-03-11T16:02:24.161Z,2022-06-19T16:02:31.799Z,2022-09-27T16:02:27.348Z
chip_174_586,18SUJ,2022-03-11T16:02:27.937Z,2022-06-19T16:02:35.577Z,2022-09-17T16:02:32.618Z
chip_139_366,15TUH,2022-05-14T17:21:57.801Z,2022-06-18T17:21:57.813Z,2022-07-18T17:21:58.418Z
chip_134_437,16TCN,2022-05-13T17:01:40.144Z,2022-06-27T17:01:54.466Z,2022-09-30T17:01:41.069Z
chip_217_423,15SYC,2022-03-01T16:52:58.989Z,2022-06-19T16:53:06.682Z,2022-09-27T16:53:02.464Z
chip_239_336,14SPG,2022-04-09T17:23:24.690Z,2022-04-14T17:23:30.941Z,2022-07-13T17:23:40.575Z
chip_119_447,16TDP,2022-06-09T16:51:29.385Z,2022-07-09T16:51:32.085Z,2022-07-14T16:51:39.868Z
chip_132_302,14TMP,2022-06-19T17:41:58.347Z,2022-07-09T17:41:59.588Z,2022-07-19T17:41:58.325Z
chip_210_329,14SPJ,2022-03-15T17:23:02.636Z,2022-06-28T17:23:03.833Z,2022-09-16T17:23:00.524Z
chip_153_487,16TFM,2022-04-12T16:41:54.888Z,2022-06-16T16:41:56.352Z,2022-09-14T16:41:54.418Z
chip_067_292,14TLT,2022-03-19T17:50:47.906Z,2022-07-12T17:51:02.643Z,2022-09-05T17:50:51.524Z
chip_215_306,14SMH,2022-03-28T17:33:19.183Z,2022-06-11T17:33:19.319Z,2022-09-29T17:33:16.289Z
chip_062_081,10TGR,2022-06-28T19:01:57.264Z,2022-08-17T19:01:54.352Z,2022-09-26T19:01:52.484Z
chip_054_083,10TGS,2022-03-05T19:01:41.234Z,2022-08-07T19:01:41.513Z,2022-09-26T19:01:37.724Z
chip_105_103,11TNJ,2022-06-15T18:52:16.782Z,2022-06-30T18:52:26.053Z,2022-09-08T18:52:24.230Z
chip_230_591,18STF,2022-03-21T16:03:14.110Z,2022-07-24T16:03:15.896Z,2022-09-27T16:03:18.121Z
chip_152_489,16TFM,2022-04-12T16:41:54.888Z,2022-06-16T16:41:56.352Z,2022-09-14T16:41:54.418Z
chip_183_613,18SVH,2022-03-06T16:02:31.986Z,2022-06-19T16:02:46.161Z,2022-09-27T16:02:41.731Z
chip_239_476,16SEF,2022-03-03T16:43:26.432Z,2022-05-17T16:43:22.211Z,2022-09-29T16:43:30.061Z
chip_220_308,14SMH,2022-03-28T17:33:19.183Z,2022-06-11T17:33:19.319Z,2022-09-29T17:33:16.289Z
chip_167_411,15TXF,2022-05-13T17:02:16.723Z,2022-07-12T17:02:22.720Z,2022-09-30T17:02:17.640Z
chip_081_174,12TVR,2022-07-19T18:31:41.939Z,2022-08-08T18:31:41.031Z,2022-09-02T18:31:49.082Z
chip_180_241,13TEE,2022-04-18T17:52:50.986Z,2022-07-02T17:53:08.431Z,2022-09-05T17:52:57.041Z
chip_196_325,14SNJ,2022-04-17T17:33:02.364Z,2022-07-21T17:33:03.559Z,2022-09-29T17:32:58.191Z
chip_210_390,15SWD,2022-07-12T17:02:55.186Z,2022-08-31T17:02:51.751Z,2022-09-30T17:02:50.103Z
chip_314_514,16SGA,2022-03-02T16:24:33.589Z,2022-05-11T16:24:34.530Z,2022-06-20T16:24:41.224Z
chip_094_354,14TQR,2022-05-27T17:31:17.799Z,2022-08-10T17:31:13.982Z,2022-09-04T17:31:22.080Z
chip_034_148,11UPP,2022-07-30T18:51:07.241Z,2022-08-14T18:51:00.339Z,2022-08-29T18:51:09.825Z
chip_191_412,15TXE,2022-07-12T17:02:37.322Z,2022-09-20T17:02:34.300Z,2022-09-30T17:02:32.251Z
chip_231_331,14SPG,2022-04-09T17:23:24.690Z,2022-04-14T17:23:30.941Z,2022-07-13T17:23:40.575Z
chip_262_441,16SBE,2022-03-01T16:53:41.246Z,2022-06-24T16:53:57.039Z,2022-09-27T16:53:44.735Z
chip_141_443,16TCN,2022-05-13T17:01:40.144Z,2022-06-27T17:01:54.466Z,2022-09-30T17:01:41.069Z
chip_128_485,16TFP,2022-05-07T16:41:19.793Z,2022-06-16T16:41:27.310Z,2022-09-09T16:41:34.405Z
chip_108_421,15TYK,2022-05-13T17:01:15.357Z,2022-06-27T17:01:29.706Z,2022-08-31T17:01:17.915Z
chip_218_311,14SMH,2022-03-28T17:33:19.183Z,2022-06-11T17:33:19.319Z,2022-09-29T17:33:16.289Z
chip_169_601,18TVK,2022-03-16T16:02:03.926Z,2022-06-19T16:02:17.493Z,2022-08-18T16:02:18.409Z
chip_183_407,15TXE,2022-07-12T17:02:37.322Z,2022-09-20T17:02:34.300Z,2022-09-30T17:02:32.251Z
chip_312_433,15SYS,2022-03-01T16:54:26.447Z,2022-06-19T16:54:34.137Z,2022-09-27T16:54:29.939Z
chip_168_580,18TTK,2022-03-04T16:12:13.645Z,2022-03-29T16:12:06.725Z,2022-04-28T16:12:02.492Z
chip_299_453,16SCB,2022-03-13T16:44:31.829Z,2022-09-14T16:44:29.740Z,2022-09-29T16:44:35.077Z
chip_275_405,15SWU,2022-03-04T17:04:00.648Z,2022-07-12T17:04:07.840Z,2022-09-30T17:04:02.779Z
chip_124_499,16TGP,2022-05-07T16:41:16.393Z,2022-06-21T16:41:31.935Z,2022-09-09T16:41:30.995Z
chip_214_467,16SEH,2022-03-13T16:42:57.934Z,2022-06-21T16:43:05.949Z,2022-09-19T16:43:01.935Z
chip_227_293,14SLG,2022-03-01T17:43:34.008Z,2022-06-24T17:43:35.491Z,2022-09-27T17:43:37.853Z
chip_080_095,11TMK,2022-07-20T18:52:14.123Z,2022-07-25T18:52:07.708Z,2022-09-23T18:52:03.589Z
chip_124_497,16TGP,2022-05-07T16:41:16.393Z,2022-06-21T16:41:31.935Z,2022-09-09T16:41:30.995Z
chip_274_469,16SDD,2022-03-03T16:43:58.991Z,2022-04-27T16:43:48.302Z,2022-06-16T16:43:53.974Z
chip_133_470,16TEN,2022-04-17T16:41:37.040Z,2022-06-21T16:41:53.301Z,2022-09-19T16:41:49.278Z
chip_206_296,14SLJ,2022-03-01T17:43:05.716Z,2022-07-19T17:43:13.994Z,2022-09-27T17:43:09.561Z
chip_173_578,18TTK,2022-03-04T16:12:13.645Z,2022-03-29T16:12:06.725Z,2022-04-28T16:12:02.492Z
chip_331_501,16RFV,2022-03-05T16:34:47.816Z,2022-04-04T16:34:47.229Z,2022-04-19T16:34:54.650Z
chip_130_479,16TFN,2022-04-12T16:41:40.271Z,2022-06-16T16:41:41.717Z,2022-06-21T16:41:49.903Z
chip_172_579,18TTK,2022-03-04T16:12:13.645Z,2022-03-29T16:12:06.725Z,2022-04-28T16:12:02.492Z
chip_206_197,13SBC,2022-03-25T18:13:25.243Z,2022-06-08T18:13:36.480Z,2022-09-18T18:03:33.661Z
chip_191_397,15TWE,2022-04-16T17:12:28.395Z,2022-07-05T17:12:37.457Z,2022-09-28T17:12:39.688Z
chip_111_414,15TXK,2022-06-20T17:11:28.687Z,2022-09-03T17:11:18.203Z,2022-09-13T17:11:18.766Z
chip_152_490,16TFM,2022-04-12T16:41:54.888Z,2022-06-16T16:41:56.352Z,2022-09-14T16:41:54.418Z
chip_134_308,14TMP,2022-06-19T17:41:58.347Z,2022-07-09T17:41:59.588Z,2022-07-19T17:41:58.325Z
chip_039_167,12UUU,2022-06-27T18:41:07.699Z,2022-08-31T18:40:55.925Z,2022-09-25T18:41:02.096Z
chip_272_259,13SFU,2022-03-01T17:44:26.270Z,2022-05-30T17:44:30.615Z,2022-09-27T17:44:30.115Z
chip_214_283,14SLH,2022-03-01T17:43:20.009Z,2022-06-29T17:43:29.475Z,2022-09-27T17:43:23.855Z
chip_036_147,11UPP,2022-07-30T18:51:07.241Z,2022-08-14T18:51:00.339Z,2022-08-29T18:51:09.825Z
chip_209_381,15SVD,2022-04-26T17:12:44.200Z,2022-06-30T17:13:03.832Z,2022-09-28T17:12:58.154Z
chip_325_315,14SNA,2022-03-10T17:24:56.332Z,2022-05-14T17:25:02.591Z,2022-09-26T17:24:58.773Z
chip_152_478,16TFM,2022-04-12T16:41:54.888Z,2022-06-16T16:41:56.352Z,2022-09-14T16:41:54.418Z
chip_221_438,16SCH,2022-03-16T16:53:01.377Z,2022-06-19T16:53:01.903Z,2022-09-12T16:53:07.791Z
chip_227_301,14SMG,2022-03-03T17:33:28.163Z,2022-05-27T17:33:38.640Z,2022-09-04T17:33:42.905Z
chip_210_308,14SMJ,2022-04-02T17:32:58.694Z,2022-06-16T17:33:13.142Z,2022-09-04T17:33:13.848Z
chip_163_403,15TXG,2022-06-02T17:02:03.203Z,2022-06-27T17:02:16.391Z,2022-09-30T17:02:02.980Z
chip_082_339,14TPS,2022-05-27T17:31:06.526Z,2022-08-10T17:31:02.702Z,2022-09-04T17:31:10.818Z
chip_191_495,16SGJ,2022-03-05T16:32:33.816Z,2022-06-03T16:32:36.330Z,2022-06-23T16:32:41.266Z
chip_238_281,14SKG,2022-03-01T17:43:38.485Z,2022-05-30T17:43:42.836Z,2022-09-27T17:43:42.329Z
chip_179_520,17TLE,2022-05-09T16:32:21.253Z,2022-06-03T16:32:17.171Z,2022-06-18T16:32:28.798Z
chip_166_263,13TFF,2022-03-19T17:52:35.615Z,2022-06-27T17:52:42.688Z,2022-09-20T17:52:45.240Z
chip_089_364,15TUM,2022-04-27T17:30:57.572Z,2022-06-23T17:21:08.406Z,2022-09-11T17:21:06.574Z
chip_243_466,16SDF,2022-03-03T16:43:29.996Z,2022-06-21T16:43:38.389Z,2022-09-29T16:43:33.623Z
chip_120_502,17TLJ,2022-04-29T16:31:24.943Z,2022-06-23T16:31:24.610Z,2022-09-01T16:31:20.910Z
chip_118_558,17TPH,2022-06-25T16:21:39.084Z,2022-06-30T16:21:31.673Z,2022-07-10T16:21:31.182Z
chip_151_441,16TCM,2022-06-14T16:52:10.413Z,2022-07-09T16:52:04.606Z,2022-07-14T16:52:12.390Z
chip_215_310,14SMH,2022-03-28T17:33:19.183Z,2022-06-11T17:33:19.319Z,2022-09-29T17:33:16.289Z
chip_228_330,14SPG,2022-04-09T17:23:24.690Z,2022-04-14T17:23:30.941Z,2022-07-13T17:23:40.575Z
chip_272_562,17SNT,2022-03-04T16:14:02.379Z,2022-05-18T16:13:58.236Z,2022-09-20T16:14:06.282Z
chip_166_261,13TFF,2022-03-19T17:52:35.615Z,2022-06-27T17:52:42.688Z,2022-09-20T17:52:45.240Z
chip_123_482,16TFP,2022-05-07T16:41:19.793Z,2022-06-16T16:41:27.310Z,2022-09-09T16:41:34.405Z
chip_137_498,16TGN,2022-04-12T16:41:36.737Z,2022-06-16T16:41:38.174Z,2022-06-21T16:41:39.287Z
chip_133_360,15TUJ,2022-06-23T17:21:51.496Z,2022-07-13T17:21:51.820Z,2022-08-02T17:21:49.673Z
chip_333_498,16RFV,2022-03-05T16:34:47.816Z,2022-04-04T16:34:47.229Z,2022-04-19T16:34:54.650Z
chip_171_353,15TTF,2022-03-15T17:22:30.208Z,2022-07-13T17:22:38.937Z,2022-09-26T17:22:26.657Z
chip_138_360,15TUH,2022-05-14T17:21:57.801Z,2022-06-18T17:21:57.813Z,2022-07-18T17:21:58.418Z
chip_097_103,11TMJ,2022-04-06T18:52:13.908Z,2022-07-25T18:52:22.109Z,2022-09-23T18:52:17.991Z
chip_128_445,16TDP,2022-06-09T16:51:29.385Z,2022-07-09T16:51:32.085Z,2022-07-14T16:51:39.868Z
chip_146_470,16TEM,2022-05-07T16:41:52.147Z,2022-06-16T16:41:59.644Z,2022-07-21T16:42:07.033Z
chip_171_292,14TLL,2022-03-26T17:42:30.920Z,2022-08-08T17:42:45.264Z,2022-09-12T17:42:35.606Z
chip_048_090,11TLM,2022-04-24T19:01:39.653Z,2022-08-07T19:01:38.839Z,2022-09-26T19:01:35.051Z
chip_174_397,15TWF,2022-03-27T17:12:15.375Z,2022-04-16T17:12:14.188Z,2022-08-04T17:12:22.692Z
chip_310_469,16SDB,2022-03-13T16:44:28.205Z,2022-04-27T16:44:17.148Z,2022-09-24T16:44:24.956Z
chip_149_264,13TFG,2022-03-19T17:52:21.065Z,2022-06-27T17:52:28.129Z,2022-09-05T17:52:24.698Z
chip_301_353,15STT,2022-03-02T17:14:28.402Z,2022-05-06T17:14:20.844Z,2022-09-28T17:14:32.136Z
chip_204_458,16SDJ,2022-03-16T16:52:42.739Z,2022-06-29T16:52:44.029Z,2022-09-27T16:52:39.052Z
chip_207_392,15SWD,2022-07-12T17:02:55.186Z,2022-08-31T17:02:51.751Z,2022-09-30T17:02:50.103Z
chip_146_393,15TWH,2022-03-27T17:11:46.585Z,2022-04-21T17:11:53.976Z,2022-06-20T17:12:01.314Z
chip_072_257,13TEN,2022-05-26T18:01:03.556Z,2022-08-09T18:01:00.004Z,2022-09-28T18:00:56.021Z
chip_221_324,14SNH,2022-03-03T17:33:10.094Z,2022-03-28T17:33:15.559Z,2022-09-04T17:33:24.834Z
chip_110_335,14TPQ,2022-05-27T17:31:35.657Z,2022-08-05T17:31:39.243Z,2022-09-04T17:31:39.935Z
chip_114_422,15TYK,2022-05-13T17:01:15.357Z,2022-06-27T17:01:29.706Z,2022-08-31T17:01:17.915Z
chip_240_475,16SEF,2022-03-03T16:43:26.432Z,2022-05-17T16:43:22.211Z,2022-09-29T16:43:30.061Z
chip_131_428,15TYJ,2022-05-13T17:01:29.790Z,2022-07-12T17:01:35.794Z,2022-09-30T17:01:30.715Z
chip_139_430,15TYH,2022-05-13T17:01:44.460Z,2022-06-22T17:01:50.779Z,2022-09-30T17:01:45.385Z
chip_168_610,18SVJ,2022-03-11T16:02:24.161Z,2022-06-19T16:02:31.799Z,2022-09-27T16:02:27.348Z
chip_100_356,14TQR,2022-05-27T17:31:17.799Z,2022-08-10T17:31:13.982Z,2022-09-04T17:31:22.080Z
chip_115_602,18TVN,2022-04-30T16:01:27.465Z,2022-06-04T16:01:22.735Z,2022-09-02T16:01:23.606Z
chip_252_273,14SKF,2022-03-01T17:43:52.746Z,2022-05-30T17:43:57.094Z,2022-09-27T17:43:56.593Z
chip_316_517,16SGA,2022-03-02T16:24:33.589Z,2022-05-11T16:24:34.530Z,2022-06-20T16:24:41.224Z
chip_114_478,16TFP,2022-05-07T16:41:19.793Z,2022-06-16T16:41:27.310Z,2022-09-09T16:41:34.405Z
chip_218_436,16SBH,2022-03-16T16:53:05.142Z,2022-03-26T16:53:03.963Z,2022-06-19T16:53:05.668Z
chip_329_393,15SWR,2022-03-24T17:04:44.116Z,2022-05-28T17:04:54.173Z,2022-09-30T17:04:45.908Z
chip_131_506,17TLH,2022-04-14T16:31:30.600Z,2022-06-18T16:31:45.821Z,2022-09-01T16:31:35.443Z
chip_215_309,14SMH,2022-03-28T17:33:19.183Z,2022-06-11T17:33:19.319Z,2022-09-29T17:33:16.289Z
chip_229_286,14SLG,2022-03-01T17:43:34.008Z,2022-06-24T17:43:35.491Z,2022-09-27T17:43:37.853Z
chip_112_440,16TCQ,2022-05-13T17:01:11.858Z,2022-06-27T17:01:26.198Z,2022-09-30T17:01:12.779Z
chip_250_329,14SPF,2022-03-15T17:23:46.321Z,2022-07-18T17:23:47.230Z,2022-09-26T17:23:42.780Z
chip_228_280,14SKG,2022-03-01T17:43:38.485Z,2022-05-30T17:43:42.836Z,2022-09-27T17:43:42.329Z
chip_139_435,16TCN,2022-05-13T17:01:40.144Z,2022-06-27T17:01:54.466Z,2022-09-30T17:01:41.069Z
chip_259_577,17SPU,2022-03-14T16:13:44.781Z,2022-05-18T16:13:40.418Z,2022-06-17T16:13:44.846Z
chip_390_324,14RPS,2022-03-12T17:16:01.235Z,2022-05-26T17:15:57.325Z,2022-09-28T17:16:04.455Z
chip_252_590,17SQU,2022-03-21T16:03:44.609Z,2022-04-20T16:03:45.747Z,2022-04-25T16:03:35.059Z
chip_210_444,16SCH,2022-03-16T16:53:01.377Z,2022-06-19T16:53:01.903Z,2022-09-12T16:53:07.791Z
chip_142_481,16TFN,2022-04-12T16:41:40.271Z,2022-06-16T16:41:41.717Z,2022-06-21T16:41:49.903Z
chip_142_498,16TGM,2022-03-20T16:31:55.982Z,2022-06-18T16:32:04.108Z,2022-09-01T16:31:53.729Z
chip_318_528,17SKR,2022-03-02T16:24:31.364Z,2022-05-11T16:24:32.306Z,2022-06-20T16:24:39.002Z
chip_121_465,16TEP,2022-04-10T16:51:20.171Z,2022-06-24T16:51:35.910Z,2022-08-18T16:51:25.441Z
chip_155_479,16TFM,2022-04-12T16:41:54.888Z,2022-06-16T16:41:56.352Z,2022-09-14T16:41:54.418Z
chip_246_582,17SQV,2022-03-21T16:03:30.091Z,2022-06-19T16:03:38.547Z,2022-09-27T16:03:34.104Z
chip_239_443,16SCF,2022-03-01T16:53:22.784Z,2022-06-19T16:53:30.476Z,2022-09-27T16:53:26.267Z
chip_168_587,18TUK,2022-03-16T16:02:07.538Z,2022-06-19T16:02:21.115Z,2022-08-18T16:02:22.029Z
chip_165_467,16TEL,2022-04-27T16:42:03.179Z,2022-06-21T16:42:22.255Z,2022-09-14T16:42:12.150Z
chip_164_522,17TLF,2022-04-14T16:31:59.291Z,2022-06-18T16:32:14.503Z,2022-07-03T16:32:08.113Z
chip_243_335,14SPF,2022-03-15T17:23:46.321Z,2022-07-18T17:23:47.230Z,2022-09-26T17:23:42.780Z
chip_241_441,16SCF,2022-03-01T16:53:22.784Z,2022-06-19T16:53:30.476Z,2022-09-27T16:53:26.267Z
chip_226_457,16SDG,2022-04-27T16:43:04.721Z,2022-06-21T16:43:23.790Z,2022-07-21T16:43:22.995Z
chip_194_264,13SFD,2022-03-24T17:53:09.278Z,2022-07-02T17:53:19.587Z,2022-09-25T17:53:07.116Z
chip_253_445,16SCE,2022-03-01T16:53:36.816Z,2022-06-19T16:53:44.502Z,2022-09-27T16:53:40.300Z
chip_127_478,16TFP,2022-05-07T16:41:19.793Z,2022-06-16T16:41:27.310Z,2022-09-09T16:41:34.405Z
chip_319_528,17SKR,2022-03-02T16:24:31.364Z,2022-05-11T16:24:32.306Z,2022-06-20T16:24:39.002Z
chip_370_348,14RQT,2022-03-02T17:15:43.242Z,2022-03-12T17:15:43.754Z,2022-05-16T17:15:38.928Z
chip_197_326,14SNJ,2022-04-17T17:33:02.364Z,2022-07-21T17:33:03.559Z,2022-09-29T17:32:58.191Z
chip_294_348,14SQC,2022-03-02T17:14:30.222Z,2022-06-20T17:14:38.563Z,2022-09-28T17:14:33.956Z
chip_024_087,10UGU,2022-06-26T19:11:17.733Z,2022-08-15T19:11:17.526Z,2022-09-24T19:11:12.152Z
chip_115_438,16TCQ,2022-05-13T17:01:11.858Z,2022-06-27T17:01:26.198Z,2022-09-30T17:01:12.779Z
chip_130_438,16TCP,2022-06-17T17:01:39.034Z,2022-06-22T17:01:32.473Z,2022-06-27T17:01:40.491Z
chip_209_387,15SVD,2022-04-26T17:12:44.200Z,2022-06-30T17:13:03.832Z,2022-09-28T17:12:58.154Z
chip_257_559,17SNU,2022-03-04T16:13:47.961Z,2022-04-28T16:13:36.781Z,2022-06-17T16:13:48.250Z
chip_180_262,13TFE,2022-03-19T17:52:50.140Z,2022-07-07T17:52:57.049Z,2022-09-30T17:52:59.389Z
chip_318_513,16SGA,2022-03-02T16:24:33.589Z,2022-05-11T16:24:34.530Z,2022-06-20T16:24:41.224Z
chip_122_439,16TCP,2022-06-17T17:01:39.034Z,2022-06-22T17:01:32.473Z,2022-06-27T17:01:40.491Z
chip_208_417,15SXD,2022-06-17T17:02:58.727Z,2022-06-27T17:03:00.170Z,2022-07-12T17:02:51.831Z
chip_326_521,17RKQ,2022-03-27T16:24:51.448Z,2022-05-11T16:24:46.643Z,2022-09-23T16:24:55.833Z
chip_257_267,13SGV,2022-03-26T17:44:02.711Z,2022-06-24T17:44:10.306Z,2022-09-27T17:44:12.666Z
chip_232_333,14SPG,2022-04-09T17:23:24.690Z,2022-04-14T17:23:30.941Z,2022-07-13T17:23:40.575Z
chip_166_406,15TXF,2022-05-13T17:02:16.723Z,2022-07-12T17:02:22.720Z,2022-09-30T17:02:17.640Z
chip_201_457,16SDJ,2022-03-16T16:52:42.739Z,2022-06-29T16:52:44.029Z,2022-09-27T16:52:39.052Z
chip_137_156,12TVM,2022-03-23T18:22:40.868Z,2022-08-25T18:22:37.828Z,2022-09-24T18:22:38.716Z
chip_295_409,15SXT,2022-03-01T16:54:14.986Z,2022-06-24T16:54:30.764Z,2022-09-27T16:54:18.472Z
chip_117_493,16TGP,2022-05-07T16:41:16.393Z,2022-06-21T16:41:31.935Z,2022-09-09T16:41:30.995Z
chip_247_597,18STE,2022-03-21T16:03:28.606Z,2022-04-25T16:03:19.048Z,2022-08-03T16:03:29.936Z
chip_112_039,10TEM,2022-06-21T19:12:58.154Z,2022-07-16T19:13:05.735Z,2022-08-30T19:12:49.246Z
chip_157_481,16TFM,2022-04-12T16:41:54.888Z,2022-06-16T16:41:56.352Z,2022-09-14T16:41:54.418Z
chip_235_332,14SPG,2022-04-09T17:23:24.690Z,2022-04-14T17:23:30.941Z,2022-07-13T17:23:40.575Z
chip_110_434,16TCQ,2022-05-13T17:01:11.858Z,2022-06-27T17:01:26.198Z,2022-09-30T17:01:12.779Z
chip_237_597,18STE,2022-03-21T16:03:28.606Z,2022-04-25T16:03:19.048Z,2022-08-03T16:03:29.936Z
chip_129_435,16TCP,2022-06-17T17:01:39.034Z,2022-06-22T17:01:32.473Z,2022-06-27T17:01:40.491Z
chip_308_526,17SKR,2022-03-02T16:24:31.364Z,2022-05-11T16:24:32.306Z,2022-06-20T16:24:39.002Z
chip_114_487,16TGP,2022-05-07T16:41:16.393Z,2022-06-21T16:41:31.935Z,2022-09-09T16:41:30.995Z
chip_129_506,17TLH,2022-04-14T16:31:30.600Z,2022-06-18T16:31:45.821Z,2022-09-01T16:31:35.443Z
chip_109_421,15TYK,2022-05-13T17:01:15.357Z,2022-06-27T17:01:29.706Z,2022-08-31T17:01:17.915Z
chip_140_442,16TCN,2022-05-13T17:01:40.144Z,2022-06-27T17:01:54.466Z,2022-09-30T17:01:41.069Z
chip_183_518,17TLE,2022-05-09T16:32:21.253Z,2022-06-03T16:32:17.171Z,2022-06-18T16:32:28.798Z
chip_167_383,15TVF,2022-04-16T17:12:17.935Z,2022-07-20T17:12:33.442Z,2022-09-28T17:12:29.240Z
chip_222_480,16SEG,2022-03-03T16:43:11.989Z,2022-05-17T16:43:07.763Z,2022-07-21T16:43:19.572Z
chip_251_587,17SQU,2022-03-21T16:03:44.609Z,2022-04-20T16:03:45.747Z,2022-04-25T16:03:35.059Z
chip_352_421,15RXP,2022-03-26T16:55:19.215Z,2022-04-10T16:55:13.268Z,2022-09-27T16:55:16.715Z
chip_126_506,17TLH,2022-04-14T16:31:30.600Z,2022-06-18T16:31:45.821Z,2022-09-01T16:31:35.443Z
chip_215_429,16SBH,2022-03-16T16:53:05.142Z,2022-03-26T16:53:03.963Z,2022-06-19T16:53:05.668Z
chip_183_606,18SVJ,2022-03-11T16:02:24.161Z,2022-06-19T16:02:31.799Z,2022-09-27T16:02:27.348Z
chip_237_434,16SBG,2022-03-16T16:53:19.615Z,2022-06-29T16:53:20.916Z,2022-09-12T16:53:26.044Z
chip_223_491,16SFG,2022-03-20T16:33:12.005Z,2022-07-23T16:33:13.462Z,2022-09-26T16:33:15.835Z
chip_242_472,16SEF,2022-03-03T16:43:26.432Z,2022-05-17T16:43:22.211Z,2022-09-29T16:43:30.061Z
chip_272_468,16SDD,2022-03-03T16:43:58.991Z,2022-04-27T16:43:48.302Z,2022-06-16T16:43:53.974Z
chip_258_587,17SQU,2022-03-21T16:03:44.609Z,2022-04-20T16:03:45.747Z,2022-04-25T16:03:35.059Z
chip_105_335,14TPR,2022-05-27T17:31:21.247Z,2022-08-10T17:31:17.428Z,2022-09-04T17:31:25.536Z
chip_183_354,15TTE,2022-04-04T17:22:42.037Z,2022-05-09T17:22:37.746Z,2022-08-02T17:22:51.139Z
chip_248_586,17SQV,2022-03-21T16:03:30.091Z,2022-06-19T16:03:38.547Z,2022-09-27T16:03:34.104Z
chip_220_314,14SNH,2022-03-03T17:33:10.094Z,2022-03-28T17:33:15.559Z,2022-09-04T17:33:24.834Z
chip_112_417,15TYK,2022-05-13T17:01:15.357Z,2022-06-27T17:01:29.706Z,2022-08-31T17:01:17.915Z
chip_003_063,10UEV,2022-03-06T19:20:52.270Z,2022-07-19T19:21:06.409Z,2022-09-27T19:21:01.992Z
chip_173_488,16TFL,2022-04-17T16:42:02.666Z,2022-06-21T16:42:18.902Z,2022-09-14T16:42:08.803Z
chip_217_315,14SNH,2022-03-03T17:33:10.094Z,2022-03-28T17:33:15.559Z,2022-09-04T17:33:24.834Z
chip_243_452,16SCF,2022-03-01T16:53:22.784Z,2022-06-19T16:53:30.476Z,2022-09-27T16:53:26.267Z
chip_274_408,15SXU,2022-03-04T17:03:56.685Z,2022-07-12T17:04:03.878Z,2022-09-30T17:03:58.816Z
chip_081_338,14TPS,2022-05-27T17:31:06.526Z,2022-08-10T17:31:02.702Z,2022-09-04T17:31:10.818Z
chip_201_410,15SXD,2022-06-17T17:02:58.727Z,2022-06-27T17:03:00.170Z,2022-07-12T17:02:51.831Z
chip_124_446,16TDP,2022-06-09T16:51:29.385Z,2022-07-09T16:51:32.085Z,2022-07-14T16:51:39.868Z
chip_292_455,16SCC,2022-03-03T16:44:16.894Z,2022-04-27T16:44:06.210Z,2022-09-29T16:44:20.521Z
chip_170_593,18TUK,2022-03-16T16:02:07.538Z,2022-06-19T16:02:21.115Z,2022-08-18T16:02:22.029Z
chip_370_343,14RQT,2022-03-02T17:15:43.242Z,2022-03-12T17:15:43.754Z,2022-05-16T17:15:38.928Z
chip_191_466,16SEJ,2022-05-17T16:42:38.775Z,2022-06-21T16:42:51.385Z,2022-07-21T16:42:50.590Z
chip_223_332,14SPH,2022-03-15T17:23:17.097Z,2022-06-28T17:23:18.300Z,2022-09-26T17:23:13.550Z
chip_089_360,15TUM,2022-04-27T17:30:57.572Z,2022-06-23T17:21:08.406Z,2022-09-11T17:21:06.574Z
chip_156_475,16TEM,2022-05-07T16:41:52.147Z,2022-06-16T16:41:59.644Z,2022-07-21T16:42:07.033Z
chip_099_321,14TNR,2022-03-26T17:41:11.193Z,2022-08-08T17:41:25.525Z,2022-09-12T17:41:15.871Z
chip_063_354,14TQT,2022-04-27T17:30:46.503Z,2022-06-06T17:30:49.308Z,2022-08-30T17:30:39.524Z
chip_054_182,12TVT,2022-07-14T18:31:19.339Z,2022-08-08T18:31:12.166Z,2022-09-02T18:31:20.226Z
chip_173_370,15TUF,2022-04-04T17:22:23.486Z,2022-06-28T17:22:27.188Z,2022-08-02T17:22:32.598Z
chip_227_279,14SKG,2022-03-01T17:43:38.485Z,2022-05-30T17:43:42.836Z,2022-09-27T17:43:42.329Z
chip_115_406,15TXK,2022-06-20T17:11:28.687Z,2022-09-03T17:11:18.203Z,2022-09-13T17:11:18.766Z
chip_207_298,14SMJ,2022-04-02T17:32:58.694Z,2022-06-16T17:33:13.142Z,2022-09-04T17:33:13.848Z
chip_292_540,17SLS,2022-03-02T16:24:13.087Z,2022-05-11T16:24:14.032Z,2022-09-23T16:24:23.219Z
chip_220_328,14SPH,2022-03-15T17:23:17.097Z,2022-06-28T17:23:18.300Z,2022-09-26T17:23:13.550Z
chip_213_416,15SXC,2022-03-09T17:03:06.050Z,2022-09-25T17:03:09.162Z,2022-09-30T17:03:01.349Z
chip_135_489,16TGN,2022-04-12T16:41:36.737Z,2022-06-16T16:41:38.174Z,2022-06-21T16:41:39.287Z
chip_250_448,16SCF,2022-03-01T16:53:22.784Z,2022-06-19T16:53:30.476Z,2022-09-27T16:53:26.267Z
chip_273_474,16SED,2022-03-03T16:43:54.952Z,2022-04-27T16:43:44.290Z,2022-09-19T16:43:59.325Z
chip_191_367,15TUE,2022-03-15T17:22:39.962Z,2022-06-03T17:22:43.933Z,2022-09-26T17:22:36.421Z
chip_193_419,15TYE,2022-03-14T17:02:27.623Z,2022-07-12T17:02:33.907Z,2022-09-30T17:02:28.837Z
chip_104_498,16TGQ,2022-05-07T16:41:01.807Z,2022-08-10T16:41:17.394Z,2022-09-29T16:41:12.733Z
chip_080_613,18TXQ,2022-05-05T16:00:41.447Z,2022-07-09T16:00:58.842Z,2022-09-02T16:00:47.180Z
chip_252_281,14SKF,2022-03-01T17:43:52.746Z,2022-05-30T17:43:57.094Z,2022-09-27T17:43:56.593Z
chip_276_264,13SGU,2022-03-01T17:44:23.180Z,2022-05-30T17:44:27.524Z,2022-09-07T17:44:31.086Z
chip_230_285,14SLG,2022-03-01T17:43:34.008Z,2022-06-24T17:43:35.491Z,2022-09-27T17:43:37.853Z
chip_272_450,16SCD,2022-03-03T16:44:02.557Z,2022-06-16T16:43:55.520Z,2022-09-29T16:44:06.182Z
chip_143_489,16TFM,2022-04-12T16:41:54.888Z,2022-06-16T16:41:56.352Z,2022-09-14T16:41:54.418Z
chip_262_448,16SCE,2022-03-01T16:53:36.816Z,2022-06-19T16:53:44.502Z,2022-09-27T16:53:40.300Z
chip_266_438,16SBE,2022-03-01T16:53:41.246Z,2022-06-24T16:53:57.039Z,2022-09-27T16:53:44.735Z
chip_019_091,10UGU,2022-06-26T19:11:17.733Z,2022-08-15T19:11:17.526Z,2022-09-24T19:11:12.152Z
chip_093_354,14TQR,2022-05-27T17:31:17.799Z,2022-08-10T17:31:13.982Z,2022-09-04T17:31:22.080Z
chip_129_509,17TLH,2022-04-14T16:31:30.600Z,2022-06-18T16:31:45.821Z,2022-09-01T16:31:35.443Z
chip_213_432,16SBH,2022-03-16T16:53:05.142Z,2022-03-26T16:53:03.963Z,2022-06-19T16:53:05.668Z
chip_180_022,10SFH,2022-03-20T19:03:49.540Z,2022-04-24T19:03:56.550Z,2022-08-12T19:04:03.819Z
chip_169_409,15TXF,2022-05-13T17:02:16.723Z,2022-07-12T17:02:22.720Z,2022-09-30T17:02:17.640Z
chip_136_306,14TMN,2022-04-20T17:42:05.275Z,2022-07-19T17:42:12.577Z,2022-08-18T17:42:13.503Z
chip_132_441,16TCP,2022-06-17T17:01:39.034Z,2022-06-22T17:01:32.473Z,2022-06-27T17:01:40.491Z
chip_049_231,13UCP,2022-03-30T18:10:49.097Z,2022-08-07T18:10:58.256Z,2022-09-26T18:10:53.989Z
chip_220_334,14SPH,2022-03-15T17:23:17.097Z,2022-06-28T17:23:18.300Z,2022-09-26T17:23:13.550Z
chip_422_327,14RPP,2022-03-22T17:16:44.088Z,2022-03-27T17:16:38.147Z,2022-05-21T17:16:47.528Z
chip_206_481,16SFH,2022-03-28T16:42:46.931Z,2022-05-17T16:42:49.347Z,2022-09-19T16:42:57.943Z
chip_207_477,16SEH,2022-03-13T16:42:57.934Z,2022-06-21T16:43:05.949Z,2022-09-19T16:43:01.935Z
chip_126_304,14TMP,2022-06-19T17:41:58.347Z,2022-07-09T17:41:59.588Z,2022-07-19T17:41:58.325Z
chip_213_429,16SBH,2022-03-16T16:53:05.142Z,2022-03-26T16:53:03.963Z,2022-06-19T16:53:05.668Z
chip_043_099,11TLN,2022-03-05T19:01:24.297Z,2022-08-02T19:01:30.966Z,2022-09-06T19:01:22.169Z
chip_225_429,16SBG,2022-03-16T16:53:19.615Z,2022-06-29T16:53:20.916Z,2022-09-12T16:53:26.044Z
chip_118_326,14TNQ,2022-03-01T17:41:31.513Z,2022-07-19T17:41:39.786Z,2022-09-12T17:41:30.070Z
chip_139_428,15TYH,2022-05-13T17:01:44.460Z,2022-06-22T17:01:50.779Z,2022-09-30T17:01:45.385Z
chip_385_323,14RPS,2022-03-12T17:16:01.235Z,2022-05-26T17:15:57.325Z,2022-09-28T17:16:04.455Z
chip_116_504,17TLJ,2022-04-29T16:31:24.943Z,2022-06-23T16:31:24.610Z,2022-09-01T16:31:20.910Z
chip_317_531,17SKR,2022-03-02T16:24:31.364Z,2022-05-11T16:24:32.306Z,2022-06-20T16:24:39.002Z
chip_183_425,15TYE,2022-03-14T17:02:27.623Z,2022-07-12T17:02:33.907Z,2022-09-30T17:02:28.837Z
chip_134_496,16TGN,2022-04-12T16:41:36.737Z,2022-06-16T16:41:38.174Z,2022-06-21T16:41:39.287Z
chip_232_484,16SFG,2022-03-20T16:33:12.005Z,2022-07-23T16:33:13.462Z,2022-09-26T16:33:15.835Z
chip_249_270,13SGA,2022-03-01T17:43:54.149Z,2022-05-30T17:43:58.495Z,2022-09-17T17:43:59.457Z
chip_249_591,17SQU,2022-03-21T16:03:44.609Z,2022-04-20T16:03:45.747Z,2022-04-25T16:03:35.059Z
chip_097_358,14TQR,2022-05-27T17:31:17.799Z,2022-08-10T17:31:13.982Z,2022-09-04T17:31:22.080Z
chip_064_355,14TQT,2022-04-27T17:30:46.503Z,2022-06-06T17:30:49.308Z,2022-08-30T17:30:39.524Z
chip_036_149,11UQP,2022-06-27T18:41:10.071Z,2022-08-01T18:41:02.058Z,2022-09-25T18:41:04.466Z
chip_238_428,15SYB,2022-06-14T16:53:27.424Z,2022-06-29T16:53:21.982Z,2022-09-27T16:53:17.001Z
chip_166_597,18TUK,2022-03-16T16:02:07.538Z,2022-06-19T16:02:21.115Z,2022-08-18T16:02:22.029Z
chip_071_352,14TQT,2022-04-27T17:30:46.503Z,2022-06-06T17:30:49.308Z,2022-08-30T17:30:39.524Z
chip_231_293,14SLG,2022-03-01T17:43:34.008Z,2022-06-24T17:43:35.491Z,2022-09-27T17:43:37.853Z
chip_196_400,15SWD,2022-07-12T17:02:55.186Z,2022-08-31T17:02:51.751Z,2022-09-30T17:02:50.103Z
chip_256_280,14SKE,2022-03-01T17:44:07.088Z,2022-05-30T17:44:11.442Z,2022-09-27T17:44:10.935Z
chip_150_490,16TFM,2022-04-12T16:41:54.888Z,2022-06-16T16:41:56.352Z,2022-09-14T16:41:54.418Z
chip_164_519,17TLF,2022-04-14T16:31:59.291Z,2022-06-18T16:32:14.503Z,2022-07-03T16:32:08.113Z
chip_209_333,14SPJ,2022-03-15T17:23:02.636Z,2022-06-28T17:23:03.833Z,2022-09-16T17:23:00.524Z
chip_264_434,16SBE,2022-03-01T16:53:41.246Z,2022-06-24T16:53:57.039Z,2022-09-27T16:53:44.735Z
chip_252_589,17SQU,2022-03-21T16:03:44.609Z,2022-04-20T16:03:45.747Z,2022-04-25T16:03:35.059Z
chip_182_497,16TGK,2022-04-14T16:32:17.972Z,2022-06-03T16:32:21.565Z,2022-07-03T16:32:26.822Z
chip_252_595,18STD,2022-03-21T16:03:43.002Z,2022-04-20T16:03:44.140Z,2022-06-19T16:03:51.448Z
chip_134_471,16TEN,2022-04-17T16:41:37.040Z,2022-06-21T16:41:53.301Z,2022-09-19T16:41:49.278Z
chip_112_479,16TFQ,2022-05-07T16:41:05.062Z,2022-08-10T16:41:20.659Z,2022-09-29T16:41:15.995Z
chip_181_238,13TDE,2022-04-21T18:02:50.356Z,2022-06-15T18:03:06.327Z,2022-09-23T18:03:02.472Z
chip_234_265,13SGB,2022-03-01T17:43:39.643Z,2022-06-14T17:43:39.653Z,2022-09-17T17:43:44.945Z
chip_211_282,14SKH,2022-03-01T17:43:24.108Z,2022-06-14T17:43:24.122Z,2022-09-27T17:43:27.953Z
chip_323_527,17RKQ,2022-03-27T16:24:51.448Z,2022-05-11T16:24:46.643Z,2022-09-23T16:24:55.833Z
chip_188_365,15TUE,2022-03-15T17:22:39.962Z,2022-06-03T17:22:43.933Z,2022-09-26T17:22:36.421Z
chip_112_493,16TGQ,2022-05-07T16:41:01.807Z,2022-08-10T16:41:17.394Z,2022-09-29T16:41:12.733Z
chip_274_479,16SED,2022-03-03T16:43:54.952Z,2022-04-27T16:43:44.290Z,2022-09-19T16:43:59.325Z
chip_196_360,15TUE,2022-03-15T17:22:39.962Z,2022-06-03T17:22:43.933Z,2022-09-26T17:22:36.421Z
chip_127_446,16TDP,2022-06-09T16:51:29.385Z,2022-07-09T16:51:32.085Z,2022-07-14T16:51:39.868Z
chip_207_323,14SNJ,2022-04-17T17:33:02.364Z,2022-07-21T17:33:03.559Z,2022-09-29T17:32:58.191Z
chip_188_403,15TWE,2022-04-16T17:12:28.395Z,2022-07-05T17:12:37.457Z,2022-09-28T17:12:39.688Z
chip_239_281,14SKG,2022-03-01T17:43:38.485Z,2022-05-30T17:43:42.836Z,2022-09-27T17:43:42.329Z
chip_144_485,16TFM,2022-04-12T16:41:54.888Z,2022-06-16T16:41:56.352Z,2022-09-14T16:41:54.418Z
chip_112_342,14TPQ,2022-05-27T17:31:35.657Z,2022-08-05T17:31:39.243Z,2022-09-04T17:31:39.935Z
chip_244_333,14SPF,2022-03-15T17:23:46.321Z,2022-07-18T17:23:47.230Z,2022-09-26T17:23:42.780Z
chip_248_591,17SQV,2022-03-21T16:03:30.091Z,2022-06-19T16:03:38.547Z,2022-09-27T16:03:34.104Z
chip_179_609,18SVJ,2022-03-11T16:02:24.161Z,2022-06-19T16:02:31.799Z,2022-09-27T16:02:27.348Z
chip_220_429,16SBH,2022-03-16T16:53:05.142Z,2022-03-26T16:53:03.963Z,2022-06-19T16:53:05.668Z
chip_319_523,17SKR,2022-03-02T16:24:31.364Z,2022-05-11T16:24:32.306Z,2022-06-20T16:24:39.002Z
chip_280_559,17SNT,2022-03-04T16:14:02.379Z,2022-05-18T16:13:58.236Z,2022-09-20T16:14:06.282Z
chip_208_362,15SUD,2022-03-02T17:12:57.262Z,2022-07-10T17:13:07.352Z,2022-09-28T17:13:01.736Z
chip_079_094,11TMK,2022-07-20T18:52:14.123Z,2022-07-25T18:52:07.708Z,2022-09-23T18:52:03.589Z
chip_063_079,10TGR,2022-06-28T19:01:57.264Z,2022-08-17T19:01:54.352Z,2022-09-26T19:01:52.484Z
chip_053_176,12TVT,2022-07-14T18:31:19.339Z,2022-08-08T18:31:12.166Z,2022-09-02T18:31:20.226Z
chip_165_593,18TUK,2022-03-16T16:02:07.538Z,2022-06-19T16:02:21.115Z,2022-08-18T16:02:22.029Z
chip_232_329,14SPG,2022-04-09T17:23:24.690Z,2022-04-14T17:23:30.941Z,2022-07-13T17:23:40.575Z
chip_219_430,16SBH,2022-03-16T16:53:05.142Z,2022-03-26T16:53:03.963Z,2022-06-19T16:53:05.668Z
chip_203_335,14SPJ,2022-03-15T17:23:02.636Z,2022-06-28T17:23:03.833Z,2022-09-16T17:23:00.524Z
chip_295_541,17SLS,2022-03-02T16:24:13.087Z,2022-05-11T16:24:14.032Z,2022-09-23T16:24:23.219Z
chip_209_311,14SMJ,2022-04-02T17:32:58.694Z,2022-06-16T17:33:13.142Z,2022-09-04T17:33:13.848Z
chip_201_384,15SVD,2022-04-26T17:12:44.200Z,2022-06-30T17:13:03.832Z,2022-09-28T17:12:58.154Z
chip_243_586,17SQV,2022-03-21T16:03:30.091Z,2022-06-19T16:03:38.547Z,2022-09-27T16:03:34.104Z
chip_080_346,14TPS,2022-05-27T17:31:06.526Z,2022-08-10T17:31:02.702Z,2022-09-04T17:31:10.818Z
chip_260_443,16SCE,2022-03-01T16:53:36.816Z,2022-06-19T16:53:44.502Z,2022-09-27T16:53:40.300Z
chip_230_490,16SFG,2022-03-20T16:33:12.005Z,2022-07-23T16:33:13.462Z,2022-09-26T16:33:15.835Z
chip_154_473,16TEM,2022-05-07T16:41:52.147Z,2022-06-16T16:41:59.644Z,2022-07-21T16:42:07.033Z
chip_125_479,16TFP,2022-05-07T16:41:19.793Z,2022-06-16T16:41:27.310Z,2022-09-09T16:41:34.405Z
chip_288_129,12SUB,2022-03-18T18:25:04.097Z,2022-06-11T18:25:15.728Z,2022-06-16T18:25:09.917Z
chip_242_441,16SCF,2022-03-01T16:53:22.784Z,2022-06-19T16:53:30.476Z,2022-09-27T16:53:26.267Z
chip_183_514,17TLE,2022-05-09T16:32:21.253Z,2022-06-03T16:32:17.171Z,2022-06-18T16:32:28.798Z
chip_136_495,16TGN,2022-04-12T16:41:36.737Z,2022-06-16T16:41:38.174Z,2022-06-21T16:41:39.287Z
chip_184_407,15TXE,2022-07-12T17:02:37.322Z,2022-09-20T17:02:34.300Z,2022-09-30T17:02:32.251Z
chip_240_447,16SCF,2022-03-01T16:53:22.784Z,2022-06-19T16:53:30.476Z,2022-09-27T16:53:26.267Z
chip_108_330,14TNQ,2022-03-01T17:41:31.513Z,2022-07-19T17:41:39.786Z,2022-09-12T17:41:30.070Z
chip_087_197,12TXR,2022-06-16T18:21:31.303Z,2022-06-26T18:21:38.015Z,2022-07-21T18:21:44.201Z
chip_157_388,15TWG,2022-03-27T17:12:00.874Z,2022-04-26T17:11:57.037Z,2022-06-20T17:12:15.595Z
chip_229_288,14SLG,2022-03-01T17:43:34.008Z,2022-06-24T17:43:35.491Z,2022-09-27T17:43:37.853Z
chip_182_612,18SVJ,2022-03-11T16:02:24.161Z,2022-06-19T16:02:31.799Z,2022-09-27T16:02:27.348Z
chip_183_484,16TFK,2022-04-17T16:42:17.192Z,2022-06-21T16:42:33.431Z,2022-07-21T16:42:32.636Z
chip_242_470,16SEF,2022-03-03T16:43:26.432Z,2022-05-17T16:43:22.211Z,2022-09-29T16:43:30.061Z
chip_234_375,15SUB,2022-03-02T17:13:26.997Z,2022-06-30T17:13:36.411Z,2022-09-28T17:13:30.731Z
chip_125_443,16TCP,2022-06-17T17:01:39.034Z,2022-06-22T17:01:32.473Z,2022-06-27T17:01:40.491Z
chip_056_197,12TXT,2022-06-16T18:21:07.814Z,2022-07-21T18:21:15.165Z,2022-08-30T18:21:16.286Z
chip_038_109,11TMN,2022-06-23T19:01:28.505Z,2022-08-07T19:01:20.304Z,2022-09-26T19:01:16.515Z
chip_162_483,16TFL,2022-04-17T16:42:02.666Z,2022-06-21T16:42:18.902Z,2022-09-14T16:42:08.803Z
chip_179_603,18SVJ,2022-03-11T16:02:24.161Z,2022-06-19T16:02:31.799Z,2022-09-27T16:02:27.348Z
chip_211_335,14SPH,2022-03-15T17:23:17.097Z,2022-06-28T17:23:18.300Z,2022-09-26T17:23:13.550Z
chip_194_340,14TPK,2022-03-03T17:32:37.196Z,2022-06-21T17:32:44.758Z,2022-09-29T17:32:39.763Z
chip_126_124,11TPH,2022-07-22T18:42:32.805Z,2022-09-10T18:42:29.750Z,2022-09-25T18:42:34.937Z
chip_120_558,17TPH,2022-06-25T16:21:39.084Z,2022-06-30T16:21:31.673Z,2022-07-10T16:21:31.182Z
chip_159_461,16TDM,2022-06-14T16:52:06.740Z,2022-06-29T16:52:01.313Z,2022-07-09T16:52:00.933Z
chip_195_314,14TNK,2022-03-28T17:32:46.713Z,2022-08-05T17:32:55.308Z,2022-09-24T17:32:45.242Z
chip_197_591,18SUH,2022-03-11T16:02:42.442Z,2022-06-29T16:02:51.266Z,2022-09-17T16:02:47.117Z
chip_201_288,14SLJ,2022-03-01T17:43:05.716Z,2022-07-19T17:43:13.994Z,2022-09-27T17:43:09.561Z
chip_216_461,16SDH,2022-03-13T16:43:01.398Z,2022-07-21T16:43:08.614Z,2022-09-24T16:42:58.140Z
chip_193_368,15TUE,2022-03-15T17:22:39.962Z,2022-06-03T17:22:43.933Z,2022-09-26T17:22:36.421Z
chip_147_479,16TFM,2022-04-12T16:41:54.888Z,2022-06-16T16:41:56.352Z,2022-09-14T16:41:54.418Z
chip_277_405,15SWU,2022-03-04T17:04:00.648Z,2022-07-12T17:04:07.840Z,2022-09-30T17:04:02.779Z
chip_174_520,17TLE,2022-05-09T16:32:21.253Z,2022-06-03T16:32:17.171Z,2022-06-18T16:32:28.798Z
chip_208_457,16SDH,2022-03-13T16:43:01.398Z,2022-07-21T16:43:08.614Z,2022-09-24T16:42:58.140Z
chip_093_358,14TQR,2022-05-27T17:31:17.799Z,2022-08-10T17:31:13.982Z,2022-09-04T17:31:22.080Z
chip_164_527,17TMF,2022-03-02T16:21:59.411Z,2022-06-30T16:22:07.704Z,2022-07-10T16:22:07.211Z
chip_310_543,17SLR,2022-03-27T16:24:33.268Z,2022-05-11T16:24:28.467Z,2022-06-20T16:24:35.156Z
chip_094_358,14TQR,2022-05-27T17:31:17.799Z,2022-08-10T17:31:13.982Z,2022-09-04T17:31:22.080Z
chip_184_400,15TWE,2022-04-16T17:12:28.395Z,2022-07-05T17:12:37.457Z,2022-09-28T17:12:39.688Z
chip_165_403,15TXF,2022-05-13T17:02:16.723Z,2022-07-12T17:02:22.720Z,2022-09-30T17:02:17.640Z
chip_166_379,15TVF,2022-04-16T17:12:17.935Z,2022-07-20T17:12:33.442Z,2022-09-28T17:12:29.240Z
chip_242_591,18STE,2022-03-21T16:03:28.606Z,2022-04-25T16:03:19.048Z,2022-08-03T16:03:29.936Z
chip_301_454,16SCB,2022-03-13T16:44:31.829Z,2022-09-14T16:44:29.740Z,2022-09-29T16:44:35.077Z
chip_229_330,14SPG,2022-04-09T17:23:24.690Z,2022-04-14T17:23:30.941Z,2022-07-13T17:23:40.575Z
chip_218_306,14SMH,2022-03-28T17:33:19.183Z,2022-06-11T17:33:19.319Z,2022-09-29T17:33:16.289Z
chip_144_474,16TEN,2022-04-17T16:41:37.040Z,2022-06-21T16:41:53.301Z,2022-09-19T16:41:49.278Z
chip_145_440,16TCN,2022-05-13T17:01:40.144Z,2022-06-27T17:01:54.466Z,2022-09-30T17:01:41.069Z
chip_233_478,16SEG,2022-03-03T16:43:11.989Z,2022-05-17T16:43:07.763Z,2022-07-21T16:43:19.572Z
chip_160_408,15TXG,2022-06-02T17:02:03.203Z,2022-06-27T17:02:16.391Z,2022-09-30T17:02:02.980Z
chip_106_249,13TEK,2022-07-10T18:01:44.387Z,2022-08-29T18:01:40.373Z,2022-09-03T18:01:51.666Z
chip_167_433,16TCL,2022-03-21T16:52:12.131Z,2022-06-29T16:52:19.405Z,2022-07-14T16:52:26.805Z
chip_049_071,10TFS,2022-05-17T19:11:43.064Z,2022-08-05T19:11:48.790Z,2022-09-24T19:11:44.753Z
chip_121_559,17TPH,2022-06-25T16:21:39.084Z,2022-06-30T16:21:31.673Z,2022-07-10T16:21:31.182Z
chip_281_449,16SCD,2022-03-03T16:44:02.557Z,2022-06-16T16:43:55.520Z,2022-09-29T16:44:06.182Z
chip_164_475,16TEL,2022-04-27T16:42:03.179Z,2022-06-21T16:42:22.255Z,2022-09-14T16:42:12.150Z
chip_315_541,17SLR,2022-03-27T16:24:33.268Z,2022-05-11T16:24:28.467Z,2022-06-20T16:24:35.156Z
chip_331_527,17RKQ,2022-03-27T16:24:51.448Z,2022-05-11T16:24:46.643Z,2022-09-23T16:24:55.833Z
chip_179_466,16TEK,2022-04-27T16:42:17.834Z,2022-06-21T16:42:36.928Z,2022-07-21T16:42:36.124Z
chip_105_427,15TYK,2022-05-13T17:01:15.357Z,2022-06-27T17:01:29.706Z,2022-08-31T17:01:17.915Z
chip_118_442,16TCP,2022-06-17T17:01:39.034Z,2022-06-22T17:01:32.473Z,2022-06-27T17:01:40.491Z
chip_026_110,11UMP,2022-06-23T19:01:14.192Z,2022-08-17T19:01:04.074Z,2022-09-26T19:01:00.235Z
chip_144_335,14TPN,2022-03-13T17:31:55.235Z,2022-06-26T17:32:09.784Z,2022-09-04T17:32:08.918Z
chip_182_400,15TWE,2022-04-16T17:12:28.395Z,2022-07-05T17:12:37.457Z,2022-09-28T17:12:39.688Z
chip_195_308,14SMJ,2022-04-02T17:32:58.694Z,2022-06-16T17:33:13.142Z,2022-09-04T17:33:13.848Z
chip_220_336,14SPH,2022-03-15T17:23:17.097Z,2022-06-28T17:23:18.300Z,2022-09-26T17:23:13.550Z
chip_047_089,11TLM,2022-04-24T19:01:39.653Z,2022-08-07T19:01:38.839Z,2022-09-26T19:01:35.051Z
chip_133_309,14TMP,2022-06-19T17:41:58.347Z,2022-07-09T17:41:59.588Z,2022-07-19T17:41:58.325Z
chip_283_564,17SNT,2022-03-04T16:14:02.379Z,2022-05-18T16:13:58.236Z,2022-09-20T16:14:06.282Z
chip_167_263,13TFF,2022-03-19T17:52:35.615Z,2022-06-27T17:52:42.688Z,2022-09-20T17:52:45.240Z
chip_233_597,18STE,2022-03-21T16:03:28.606Z,2022-04-25T16:03:19.048Z,2022-08-03T16:03:29.936Z
chip_219_315,14SNH,2022-03-03T17:33:10.094Z,2022-03-28T17:33:15.559Z,2022-09-04T17:33:24.834Z
chip_321_338,14SPA,2022-03-10T17:24:52.655Z,2022-05-19T17:24:54.500Z,2022-09-26T17:24:55.094Z
chip_251_448,16SCF,2022-03-01T16:53:22.784Z,2022-06-19T16:53:30.476Z,2022-09-27T16:53:26.267Z
chip_096_322,14TNR,2022-03-26T17:41:11.193Z,2022-08-08T17:41:25.525Z,2022-09-12T17:41:15.871Z
chip_223_284,14SLH,2022-03-01T17:43:20.009Z,2022-06-29T17:43:29.475Z,2022-09-27T17:43:23.855Z
chip_328_509,16RGV,2022-03-02T16:24:48.107Z,2022-04-01T16:24:47.778Z,2022-09-23T16:24:58.240Z
chip_118_447,16TDP,2022-06-09T16:51:29.385Z,2022-07-09T16:51:32.085Z,2022-07-14T16:51:39.868Z
chip_181_353,15TTF,2022-03-15T17:22:30.208Z,2022-07-13T17:22:38.937Z,2022-09-26T17:22:26.657Z
chip_124_301,14TMP,2022-06-19T17:41:58.347Z,2022-07-09T17:41:59.588Z,2022-07-19T17:41:58.325Z
chip_111_356,14TQQ,2022-05-27T17:31:32.072Z,2022-08-05T17:31:35.657Z,2022-09-04T17:31:36.337Z
chip_165_517,17TLF,2022-04-14T16:31:59.291Z,2022-06-18T16:32:14.503Z,2022-07-03T16:32:08.113Z
chip_126_446,16TDP,2022-06-09T16:51:29.385Z,2022-07-09T16:51:32.085Z,2022-07-14T16:51:39.868Z
chip_241_447,16SCF,2022-03-01T16:53:22.784Z,2022-06-19T16:53:30.476Z,2022-09-27T16:53:26.267Z
chip_137_476,16TFN,2022-04-12T16:41:40.271Z,2022-06-16T16:41:41.717Z,2022-06-21T16:41:49.903Z
chip_181_607,18SVJ,2022-03-11T16:02:24.161Z,2022-06-19T16:02:31.799Z,2022-09-27T16:02:27.348Z
chip_205_329,14SPJ,2022-03-15T17:23:02.636Z,2022-06-28T17:23:03.833Z,2022-09-16T17:23:00.524Z
chip_142_475,16TFN,2022-04-12T16:41:40.271Z,2022-06-16T16:41:41.717Z,2022-06-21T16:41:49.903Z
chip_331_499,16RFV,2022-03-05T16:34:47.816Z,2022-04-04T16:34:47.229Z,2022-04-19T16:34:54.650Z
chip_153_476,16TFM,2022-04-12T16:41:54.888Z,2022-06-16T16:41:56.352Z,2022-09-14T16:41:54.418Z
chip_139_477,16TFN,2022-04-12T16:41:40.271Z,2022-06-16T16:41:41.717Z,2022-06-21T16:41:49.903Z
chip_149_262,13TFG,2022-03-19T17:52:21.065Z,2022-06-27T17:52:28.129Z,2022-09-05T17:52:24.698Z
chip_063_115,11TNM,2022-06-25T18:51:35.051Z,2022-07-25T18:51:35.110Z,2022-08-29T18:51:42.486Z
chip_253_260,13SFA,2022-06-29T17:44:06.773Z,2022-08-28T17:44:06.360Z,2022-09-17T17:44:02.588Z
chip_199_324,14SNJ,2022-04-17T17:33:02.364Z,2022-07-21T17:33:03.559Z,2022-09-29T17:32:58.191Z
chip_139_436,16TCN,2022-05-13T17:01:40.144Z,2022-06-27T17:01:54.466Z,2022-09-30T17:01:41.069Z
chip_235_290,14SLG,2022-03-01T17:43:34.008Z,2022-06-24T17:43:35.491Z,2022-09-27T17:43:37.853Z
chip_171_518,17TLE,2022-05-09T16:32:21.253Z,2022-06-03T16:32:17.171Z,2022-06-18T16:32:28.798Z
chip_113_043,10TFM,2022-06-28T19:02:58.648Z,2022-08-22T19:03:06.191Z,2022-09-26T19:02:53.871Z
chip_118_503,17TLJ,2022-04-29T16:31:24.943Z,2022-06-23T16:31:24.610Z,2022-09-01T16:31:20.910Z
chip_197_398,15SWD,2022-07-12T17:02:55.186Z,2022-08-31T17:02:51.751Z,2022-09-30T17:02:50.103Z
chip_139_488,16TFN,2022-04-12T16:41:40.271Z,2022-06-16T16:41:41.717Z,2022-06-21T16:41:49.903Z
chip_266_275,14SKE,2022-03-01T17:44:07.088Z,2022-05-30T17:44:11.442Z,2022-09-27T17:44:10.935Z
chip_250_587,17SQU,2022-03-21T16:03:44.609Z,2022-04-20T16:03:45.747Z,2022-04-25T16:03:35.059Z
chip_169_346,14TQL,2022-04-14T17:22:29.589Z,2022-06-28T17:22:31.670Z,2022-08-02T17:22:37.077Z
chip_166_580,18TTK,2022-03-04T16:12:13.645Z,2022-03-29T16:12:06.725Z,2022-04-28T16:12:02.492Z
chip_123_383,15TVJ,2022-03-15T17:21:38.802Z,2022-07-18T17:21:39.721Z,2022-09-11T17:21:45.385Z
chip_048_231,13UCP,2022-03-30T18:10:49.097Z,2022-08-07T18:10:58.256Z,2022-09-26T18:10:53.989Z
chip_314_539,17SLR,2022-03-27T16:24:33.268Z,2022-05-11T16:24:28.467Z,2022-06-20T16:24:35.156Z
chip_204_344,14SQJ,2022-05-09T17:22:52.818Z,2022-06-28T17:23:00.822Z,2022-09-11T17:23:06.210Z
chip_180_611,18SVJ,2022-03-11T16:02:24.161Z,2022-06-19T16:02:31.799Z,2022-09-27T16:02:27.348Z
chip_230_291,14SLG,2022-03-01T17:43:34.008Z,2022-06-24T17:43:35.491Z,2022-09-27T17:43:37.853Z
chip_319_526,17SKR,2022-03-02T16:24:31.364Z,2022-05-11T16:24:32.306Z,2022-06-20T16:24:39.002Z
chip_155_255,13TEG,2022-03-27T18:02:25.325Z,2022-07-25T18:02:32.901Z,2022-09-23T18:02:29.719Z
chip_113_424,15TYK,2022-05-13T17:01:15.357Z,2022-06-27T17:01:29.706Z,2022-08-31T17:01:17.915Z
chip_353_423,15RXP,2022-03-26T16:55:19.215Z,2022-04-10T16:55:13.268Z,2022-09-27T16:55:16.715Z
chip_080_334,14TPS,2022-05-27T17:31:06.526Z,2022-08-10T17:31:02.702Z,2022-09-04T17:31:10.818Z
chip_127_483,16TFP,2022-05-07T16:41:19.793Z,2022-06-16T16:41:27.310Z,2022-09-09T16:41:34.405Z
chip_134_482,16TFN,2022-04-12T16:41:40.271Z,2022-06-16T16:41:41.717Z,2022-06-21T16:41:49.903Z
chip_054_202,12TXT,2022-06-16T18:21:07.814Z,2022-07-21T18:21:15.165Z,2022-08-30T18:21:16.286Z
chip_150_468,16TEM,2022-05-07T16:41:52.147Z,2022-06-16T16:41:59.644Z,2022-07-21T16:42:07.033Z
chip_360_323,14RPU,2022-03-12T17:15:32.222Z,2022-05-16T17:15:27.391Z,2022-09-28T17:15:35.448Z
chip_115_440,16TCQ,2022-05-13T17:01:11.858Z,2022-06-27T17:01:26.198Z,2022-09-30T17:01:12.779Z
chip_350_560,17RMN,2022-03-04T16:15:18.389Z,2022-04-03T16:15:07.722Z,2022-04-08T16:15:11.443Z
chip_216_603,18SUF,2022-03-21T16:03:10.397Z,2022-06-19T16:03:18.846Z,2022-09-27T16:03:14.413Z
chip_130_170,12TVN,2022-05-15T18:32:24.503Z,2022-08-08T18:32:23.858Z,2022-09-27T18:32:19.984Z
chip_251_425,15SYA,2022-06-04T16:53:39.267Z,2022-06-29T16:53:36.540Z,2022-09-12T16:53:41.662Z
chip_170_264,13TFF,2022-03-19T17:52:35.615Z,2022-06-27T17:52:42.688Z,2022-09-20T17:52:45.240Z
chip_186_489,16TFK,2022-04-17T16:42:17.192Z,2022-06-21T16:42:33.431Z,2022-07-21T16:42:32.636Z
chip_168_612,18SVJ,2022-03-11T16:02:24.161Z,2022-06-19T16:02:31.799Z,2022-09-27T16:02:27.348Z
chip_166_260,13TFF,2022-03-19T17:52:35.615Z,2022-06-27T17:52:42.688Z,2022-09-20T17:52:45.240Z
chip_226_591,18STF,2022-03-21T16:03:14.110Z,2022-07-24T16:03:15.896Z,2022-09-27T16:03:18.121Z
chip_218_324,14SNH,2022-03-03T17:33:10.094Z,2022-03-28T17:33:15.559Z,2022-09-04T17:33:24.834Z
chip_181_413,15TXE,2022-07-12T17:02:37.322Z,2022-09-20T17:02:34.300Z,2022-09-30T17:02:32.251Z
chip_151_477,16TFM,2022-04-12T16:41:54.888Z,2022-06-16T16:41:56.352Z,2022-09-14T16:41:54.418Z
chip_241_598,18STE,2022-03-21T16:03:28.606Z,2022-04-25T16:03:19.048Z,2022-08-03T16:03:29.936Z
chip_173_405,15TXF,2022-05-13T17:02:16.723Z,2022-07-12T17:02:22.720Z,2022-09-30T17:02:17.640Z
chip_325_505,16RFV,2022-03-05T16:34:47.816Z,2022-04-04T16:34:47.229Z,2022-04-19T16:34:54.650Z
chip_197_291,14SLJ,2022-03-01T17:43:05.716Z,2022-07-19T17:43:13.994Z,2022-09-27T17:43:09.561Z
chip_244_451,16SCF,2022-03-01T16:53:22.784Z,2022-06-19T16:53:30.476Z,2022-09-27T16:53:26.267Z
chip_106_407,15TXK,2022-06-20T17:11:28.687Z,2022-09-03T17:11:18.203Z,2022-09-13T17:11:18.766Z
chip_179_341,14TPL,2022-03-08T17:32:29.975Z,2022-07-21T17:32:30.951Z,2022-09-29T17:32:25.582Z
chip_133_481,16TFN,2022-04-12T16:41:40.271Z,2022-06-16T16:41:41.717Z,2022-06-21T16:41:49.903Z
chip_137_492,16TGN,2022-04-12T16:41:36.737Z,2022-06-16T16:41:38.174Z,2022-06-21T16:41:39.287Z
chip_281_402,15SWU,2022-03-04T17:04:00.648Z,2022-07-12T17:04:07.840Z,2022-09-30T17:04:02.779Z
chip_063_116,11TNM,2022-06-25T18:51:35.051Z,2022-07-25T18:51:35.110Z,2022-08-29T18:51:42.486Z
chip_242_469,16SDF,2022-03-03T16:43:29.996Z,2022-06-21T16:43:38.389Z,2022-09-29T16:43:33.623Z
chip_151_487,16TFM,2022-04-12T16:41:54.888Z,2022-06-16T16:41:56.352Z,2022-09-14T16:41:54.418Z
chip_131_470,16TEN,2022-04-17T16:41:37.040Z,2022-06-21T16:41:53.301Z,2022-09-19T16:41:49.278Z
chip_182_502,17TKE,2022-05-09T16:32:25.289Z,2022-06-18T16:32:32.848Z,2022-07-03T16:32:26.460Z
chip_119_444,16TDP,2022-06-09T16:51:29.385Z,2022-07-09T16:51:32.085Z,2022-07-14T16:51:39.868Z
chip_237_364,15SUB,2022-03-02T17:13:26.997Z,2022-06-30T17:13:36.411Z,2022-09-28T17:13:30.731Z
chip_151_240,13TDG,2022-05-26T18:02:34.074Z,2022-07-20T18:02:31.616Z,2022-09-03T18:02:38.592Z
chip_126_303,14TMP,2022-06-19T17:41:58.347Z,2022-07-09T17:41:59.588Z,2022-07-19T17:41:58.325Z
chip_159_481,16TFL,2022-04-17T16:42:02.666Z,2022-06-21T16:42:18.902Z,2022-09-14T16:42:08.803Z
chip_134_364,15TUJ,2022-06-23T17:21:51.496Z,2022-07-13T17:21:51.820Z,2022-08-02T17:21:49.673Z
chip_110_421,15TYK,2022-05-13T17:01:15.357Z,2022-06-27T17:01:29.706Z,2022-08-31T17:01:17.915Z
chip_230_311,14SMG,2022-03-03T17:33:28.163Z,2022-05-27T17:33:38.640Z,2022-09-04T17:33:42.905Z
chip_317_532,17SLR,2022-03-27T16:24:33.268Z,2022-05-11T16:24:28.467Z,2022-06-20T16:24:35.156Z
chip_089_215,12TYR,2022-03-30T18:11:35.093Z,2022-07-21T18:21:40.185Z,2022-09-26T18:11:39.990Z
chip_119_351,14TQQ,2022-05-27T17:31:32.072Z,2022-08-05T17:31:35.657Z,2022-09-04T17:31:36.337Z
chip_121_499,16TGP,2022-05-07T16:41:16.393Z,2022-06-21T16:41:31.935Z,2022-09-09T16:41:30.995Z
chip_221_335,14SPH,2022-03-15T17:23:17.097Z,2022-06-28T17:23:18.300Z,2022-09-26T17:23:13.550Z
chip_357_363,15RTP,2022-03-12T17:15:26.272Z,2022-03-27T17:15:19.384Z,2022-04-01T17:15:24.259Z
chip_330_516,16RGV,2022-03-02T16:24:48.107Z,2022-04-01T16:24:47.778Z,2022-09-23T16:24:58.240Z
chip_059_091,11TLM,2022-04-24T19:01:39.653Z,2022-08-07T19:01:38.839Z,2022-09-26T19:01:35.051Z
chip_237_290,14SLG,2022-03-01T17:43:34.008Z,2022-06-24T17:43:35.491Z,2022-09-27T17:43:37.853Z
chip_187_414,15TXE,2022-07-12T17:02:37.322Z,2022-09-20T17:02:34.300Z,2022-09-30T17:02:32.251Z
chip_249_427,15SYA,2022-06-04T16:53:39.267Z,2022-06-29T16:53:36.540Z,2022-09-12T16:53:41.662Z
chip_210_277,14SKH,2022-03-01T17:43:24.108Z,2022-06-14T17:43:24.122Z,2022-09-27T17:43:27.953Z
chip_194_493,16SFJ,2022-04-27T16:42:28.719Z,2022-05-17T16:42:35.165Z,2022-06-21T16:42:47.768Z
chip_149_491,17TKG,2022-03-20T16:31:56.041Z,2022-06-21T16:42:00.635Z,2022-09-14T16:41:50.538Z
chip_233_273,14SKG,2022-03-01T17:43:38.485Z,2022-05-30T17:43:42.836Z,2022-09-27T17:43:42.329Z
chip_146_497,17TKG,2022-03-20T16:31:56.041Z,2022-06-21T16:42:00.635Z,2022-09-14T16:41:50.538Z
chip_305_300,14SMB,2022-03-03T17:34:39.907Z,2022-06-11T17:34:45.502Z,2022-09-29T17:34:42.488Z
chip_042_092,11TLN,2022-03-05T19:01:24.297Z,2022-08-02T19:01:30.966Z,2022-09-06T19:01:22.169Z
chip_182_401,15TWE,2022-04-16T17:12:28.395Z,2022-07-05T17:12:37.457Z,2022-09-28T17:12:39.688Z
chip_163_250,13TEF,2022-03-19T17:52:38.988Z,2022-07-02T17:52:54.018Z,2022-09-05T17:52:42.622Z
chip_087_269,13TFM,2022-05-26T18:01:14.490Z,2022-08-29T18:01:07.733Z,2022-09-03T18:01:19.018Z
chip_238_331,14SPG,2022-04-09T17:23:24.690Z,2022-04-14T17:23:30.941Z,2022-07-13T17:23:40.575Z
chip_129_507,17TLH,2022-04-14T16:31:30.600Z,2022-06-18T16:31:45.821Z,2022-09-01T16:31:35.443Z
chip_208_383,15SVD,2022-04-26T17:12:44.200Z,2022-06-30T17:13:03.832Z,2022-09-28T17:12:58.154Z
chip_252_284,14SLF,2022-03-03T17:33:46.260Z,2022-06-06T17:33:57.153Z,2022-09-19T17:33:50.715Z
chip_189_260,13TFE,2022-03-19T17:52:50.140Z,2022-07-07T17:52:57.049Z,2022-09-30T17:52:59.389Z
chip_231_332,14SPG,2022-04-09T17:23:24.690Z,2022-04-14T17:23:30.941Z,2022-07-13T17:23:40.575Z
chip_114_421,15TYK,2022-05-13T17:01:15.357Z,2022-06-27T17:01:29.706Z,2022-08-31T17:01:17.915Z
chip_128_431,16TCP,2022-06-17T17:01:39.034Z,2022-06-22T17:01:32.473Z,2022-06-27T17:01:40.491Z
chip_064_352,14TQT,2022-04-27T17:30:46.503Z,2022-06-06T17:30:49.308Z,2022-08-30T17:30:39.524Z
chip_194_409,15TXE,2022-07-12T17:02:37.322Z,2022-09-20T17:02:34.300Z,2022-09-30T17:02:32.251Z
chip_163_455,16TDL,2022-03-21T16:52:08.313Z,2022-07-09T16:52:15.202Z,2022-08-18T16:52:12.424Z
chip_222_185,12SXG,2022-04-29T18:13:52.310Z,2022-06-08T18:13:55.834Z,2022-07-13T18:13:51.418Z
chip_150_469,16TEM,2022-05-07T16:41:52.147Z,2022-06-16T16:41:59.644Z,2022-07-21T16:42:07.033Z
chip_131_302,14TMP,2022-06-19T17:41:58.347Z,2022-07-09T17:41:59.588Z,2022-07-19T17:41:58.325Z
chip_183_501,16TGK,2022-04-14T16:32:17.972Z,2022-06-03T16:32:21.565Z,2022-07-03T16:32:26.822Z
chip_102_330,14TNR,2022-03-26T17:41:11.193Z,2022-08-08T17:41:25.525Z,2022-09-12T17:41:15.871Z
chip_218_336,14SPH,2022-03-15T17:23:17.097Z,2022-06-28T17:23:18.300Z,2022-09-26T17:23:13.550Z
chip_041_099,11TLN,2022-03-05T19:01:24.297Z,2022-08-02T19:01:30.966Z,2022-09-06T19:01:22.169Z
chip_115_447,16TDQ,2022-05-15T16:51:17.294Z,2022-07-09T16:51:17.462Z,2022-07-14T16:51:25.242Z
chip_158_393,15TWG,2022-03-27T17:12:00.874Z,2022-04-26T17:11:57.037Z,2022-06-20T17:12:15.595Z
chip_161_377,15TVG,2022-03-27T17:12:04.470Z,2022-06-20T17:12:19.206Z,2022-09-08T17:12:18.465Z
chip_169_387,15TVF,2022-04-16T17:12:17.935Z,2022-07-20T17:12:33.442Z,2022-09-28T17:12:29.240Z
chip_181_264,13TFE,2022-03-19T17:52:50.140Z,2022-07-07T17:52:57.049Z,2022-09-30T17:52:59.389Z
chip_117_323,14TNQ,2022-03-01T17:41:31.513Z,2022-07-19T17:41:39.786Z,2022-09-12T17:41:30.070Z
chip_249_446,16SCF,2022-03-01T16:53:22.784Z,2022-06-19T16:53:30.476Z,2022-09-27T16:53:26.267Z
chip_127_427,15TYJ,2022-05-13T17:01:29.790Z,2022-07-12T17:01:35.794Z,2022-09-30T17:01:30.715Z
chip_286_552,17SMS,2022-03-04T16:14:20.323Z,2022-06-02T16:14:24.437Z,2022-09-25T16:14:17.152Z
chip_134_499,16TGN,2022-04-12T16:41:36.737Z,2022-06-16T16:41:38.174Z,2022-06-21T16:41:39.287Z
chip_256_557,17SNU,2022-03-04T16:13:47.961Z,2022-04-28T16:13:36.781Z,2022-06-17T16:13:48.250Z
chip_314_342,14SQB,2022-03-12T17:14:45.222Z,2022-06-20T17:14:53.058Z,2022-09-28T17:14:48.451Z
chip_194_315,14TNK,2022-03-28T17:32:46.713Z,2022-08-05T17:32:55.308Z,2022-09-24T17:32:45.242Z
chip_124_419,15TYJ,2022-05-13T17:01:29.790Z,2022-07-12T17:01:35.794Z,2022-09-30T17:01:30.715Z
chip_089_369,15TUM,2022-04-27T17:30:57.572Z,2022-06-23T17:21:08.406Z,2022-09-11T17:21:06.574Z
chip_172_577,18TTK,2022-03-04T16:12:13.645Z,2022-03-29T16:12:06.725Z,2022-04-28T16:12:02.492Z
chip_281_265,13SGU,2022-03-01T17:44:23.180Z,2022-05-30T17:44:27.524Z,2022-09-07T17:44:31.086Z
chip_228_466,16SDG,2022-04-27T16:43:04.721Z,2022-06-21T16:43:23.790Z,2022-07-21T16:43:22.995Z
chip_152_494,17TKG,2022-03-20T16:31:56.041Z,2022-06-21T16:42:00.635Z,2022-09-14T16:41:50.538Z
chip_189_403,15TWE,2022-04-16T17:12:28.395Z,2022-07-05T17:12:37.457Z,2022-09-28T17:12:39.688Z
chip_134_508,17TLH,2022-04-14T16:31:30.600Z,2022-06-18T16:31:45.821Z,2022-09-01T16:31:35.443Z
chip_243_270,13SGA,2022-03-01T17:43:54.149Z,2022-05-30T17:43:58.495Z,2022-09-17T17:43:59.457Z
chip_082_104,11TMK,2022-07-20T18:52:14.123Z,2022-07-25T18:52:07.708Z,2022-09-23T18:52:03.589Z
chip_203_401,15SWD,2022-07-12T17:02:55.186Z,2022-08-31T17:02:51.751Z,2022-09-30T17:02:50.103Z
chip_206_401,15SWD,2022-07-12T17:02:55.186Z,2022-08-31T17:02:51.751Z,2022-09-30T17:02:50.103Z
chip_181_484,16TFK,2022-04-17T16:42:17.192Z,2022-06-21T16:42:33.431Z,2022-07-21T16:42:32.636Z
chip_220_309,14SMH,2022-03-28T17:33:19.183Z,2022-06-11T17:33:19.319Z,2022-09-29T17:33:16.289Z
chip_134_320,14TNP,2022-04-02T17:31:42.748Z,2022-07-31T17:31:50.927Z,2022-09-04T17:31:57.900Z
chip_186_265,13TFE,2022-03-19T17:52:50.140Z,2022-07-07T17:52:57.049Z,2022-09-30T17:52:59.389Z
chip_091_364,15TUM,2022-04-27T17:30:57.572Z,2022-06-23T17:21:08.406Z,2022-09-11T17:21:06.574Z
chip_200_319,14SNJ,2022-04-17T17:33:02.364Z,2022-07-21T17:33:03.559Z,2022-09-29T17:32:58.191Z
chip_187_400,15TWE,2022-04-16T17:12:28.395Z,2022-07-05T17:12:37.457Z,2022-09-28T17:12:39.688Z
chip_032_111,11UMP,2022-06-23T19:01:14.192Z,2022-08-17T19:01:04.074Z,2022-09-26T19:01:00.235Z
chip_148_413,15TXH,2022-06-17T17:02:00.485Z,2022-08-16T17:02:01.701Z,2022-09-30T17:01:48.511Z
chip_168_382,15TVF,2022-04-16T17:12:17.935Z,2022-07-20T17:12:33.442Z,2022-09-28T17:12:29.240Z
chip_164_392,15TWG,2022-03-27T17:12:00.874Z,2022-04-26T17:11:57.037Z,2022-06-20T17:12:15.595Z
chip_164_444,16TCL,2022-03-21T16:52:12.131Z,2022-06-29T16:52:19.405Z,2022-07-14T16:52:26.805Z
chip_176_510,17TLE,2022-05-09T16:32:21.253Z,2022-06-03T16:32:17.171Z,2022-06-18T16:32:28.798Z
chip_318_540,17RLQ,2022-03-02T16:24:41.634Z,2022-04-11T16:24:41.412Z,2022-09-23T16:24:51.764Z
chip_268_446,16SCD,2022-03-03T16:44:02.557Z,2022-06-16T16:43:55.520Z,2022-09-29T16:44:06.182Z
chip_267_437,16SBE,2022-03-01T16:53:41.246Z,2022-06-24T16:53:57.039Z,2022-09-27T16:53:44.735Z
chip_177_264,13TFF,2022-03-19T17:52:35.615Z,2022-06-27T17:52:42.688Z,2022-09-20T17:52:45.240Z
chip_240_594,18STE,2022-03-21T16:03:28.606Z,2022-04-25T16:03:19.048Z,2022-08-03T16:03:29.936Z
chip_131_496,16TGN,2022-04-12T16:41:36.737Z,2022-06-16T16:41:38.174Z,2022-06-21T16:41:39.287Z
chip_111_595,18TVN,2022-04-30T16:01:27.465Z,2022-06-04T16:01:22.735Z,2022-09-02T16:01:23.606Z
chip_181_427,16TBK,2022-03-14T17:02:27.034Z,2022-07-12T17:02:33.318Z,2022-09-30T17:02:28.248Z
chip_128_051,10TGL,2022-04-09T19:03:01.585Z,2022-07-28T19:03:09.781Z,2022-09-16T19:03:06.612Z
chip_331_509,16RGV,2022-03-02T16:24:48.107Z,2022-04-01T16:24:47.778Z,2022-09-23T16:24:58.240Z
chip_365_345,14RQT,2022-03-02T17:15:43.242Z,2022-03-12T17:15:43.754Z,2022-05-16T17:15:38.928Z
chip_230_280,14SKG,2022-03-01T17:43:38.485Z,2022-05-30T17:43:42.836Z,2022-09-27T17:43:42.329Z
chip_176_426,16TBL,2022-05-13T17:02:13.233Z,2022-07-12T17:02:19.231Z,2022-09-30T17:02:14.155Z
chip_220_444,16SCH,2022-03-16T16:53:01.377Z,2022-06-19T16:53:01.903Z,2022-09-12T16:53:07.791Z
chip_155_484,16TFM,2022-04-12T16:41:54.888Z,2022-06-16T16:41:56.352Z,2022-09-14T16:41:54.418Z
chip_207_334,14SPJ,2022-03-15T17:23:02.636Z,2022-06-28T17:23:03.833Z,2022-09-16T17:23:00.524Z
chip_296_352,15STT,2022-03-02T17:14:28.402Z,2022-05-06T17:14:20.844Z,2022-09-28T17:14:32.136Z
chip_365_319,14RNT,2022-03-15T17:25:45.807Z,2022-03-30T17:25:38.517Z,2022-05-14T17:25:46.104Z
chip_229_293,14SLG,2022-03-01T17:43:34.008Z,2022-06-24T17:43:35.491Z,2022-09-27T17:43:37.853Z
chip_166_471,16TEL,2022-04-27T16:42:03.179Z,2022-06-21T16:42:22.255Z,2022-09-14T16:42:12.150Z
chip_114_433,16TCQ,2022-05-13T17:01:11.858Z,2022-06-27T17:01:26.198Z,2022-09-30T17:01:12.779Z
chip_189_360,15TUE,2022-03-15T17:22:39.962Z,2022-06-03T17:22:43.933Z,2022-09-26T17:22:36.421Z
chip_156_500,16TGM,2022-03-20T16:31:55.982Z,2022-06-18T16:32:04.108Z,2022-09-01T16:31:53.729Z
chip_306_527,17SKR,2022-03-02T16:24:31.364Z,2022-05-11T16:24:32.306Z,2022-06-20T16:24:39.002Z
chip_209_285,14SLJ,2022-03-01T17:43:05.716Z,2022-07-19T17:43:13.994Z,2022-09-27T17:43:09.561Z
chip_153_485,16TFM,2022-04-12T16:41:54.888Z,2022-06-16T16:41:56.352Z,2022-09-14T16:41:54.418Z
chip_205_342,14SPJ,2022-03-15T17:23:02.636Z,2022-06-28T17:23:03.833Z,2022-09-16T17:23:00.524Z
chip_244_446,16SCF,2022-03-01T16:53:22.784Z,2022-06-19T16:53:30.476Z,2022-09-27T16:53:26.267Z
chip_124_483,16TFP,2022-05-07T16:41:19.793Z,2022-06-16T16:41:27.310Z,2022-09-09T16:41:34.405Z
chip_176_604,18SVJ,2022-03-11T16:02:24.161Z,2022-06-19T16:02:31.799Z,2022-09-27T16:02:27.348Z
chip_194_329,14TPK,2022-03-03T17:32:37.196Z,2022-06-21T17:32:44.758Z,2022-09-29T17:32:39.763Z
chip_236_271,13SGB,2022-03-01T17:43:39.643Z,2022-06-14T17:43:39.653Z,2022-09-17T17:43:44.945Z
chip_157_483,16TFM,2022-04-12T16:41:54.888Z,2022-06-16T16:41:56.352Z,2022-09-14T16:41:54.418Z
chip_208_390,15SWD,2022-07-12T17:02:55.186Z,2022-08-31T17:02:51.751Z,2022-09-30T17:02:50.103Z
chip_233_331,14SPG,2022-04-09T17:23:24.690Z,2022-04-14T17:23:30.941Z,2022-07-13T17:23:40.575Z
chip_148_483,16TFM,2022-04-12T16:41:54.888Z,2022-06-16T16:41:56.352Z,2022-09-14T16:41:54.418Z
chip_137_496,16TGN,2022-04-12T16:41:36.737Z,2022-06-16T16:41:38.174Z,2022-06-21T16:41:39.287Z
chip_120_323,14TNQ,2022-03-01T17:41:31.513Z,2022-07-19T17:41:39.786Z,2022-09-12T17:41:30.070Z
chip_103_307,14TMR,2022-03-26T17:41:15.079Z,2022-08-03T17:41:22.356Z,2022-09-12T17:41:19.761Z
chip_151_488,16TFM,2022-04-12T16:41:54.888Z,2022-06-16T16:41:56.352Z,2022-09-14T16:41:54.418Z
chip_233_355,15STB,2022-03-15T17:23:27.161Z,2022-07-13T17:23:35.884Z,2022-09-26T17:23:23.622Z
chip_102_201,12TXQ,2022-04-07T18:21:44.178Z,2022-07-21T18:21:58.564Z,2022-09-19T18:21:55.335Z
chip_113_493,16TGP,2022-05-07T16:41:16.393Z,2022-06-21T16:41:31.935Z,2022-09-09T16:41:30.995Z
chip_297_353,15STT,2022-03-02T17:14:28.402Z,2022-05-06T17:14:20.844Z,2022-09-28T17:14:32.136Z
chip_201_409,15SXD,2022-06-17T17:02:58.727Z,2022-06-27T17:03:00.170Z,2022-07-12T17:02:51.831Z
chip_104_320,14TNR,2022-03-26T17:41:11.193Z,2022-08-08T17:41:25.525Z,2022-09-12T17:41:15.871Z
chip_327_500,16RFV,2022-03-05T16:34:47.816Z,2022-04-04T16:34:47.229Z,2022-04-19T16:34:54.650Z
chip_215_452,16SDH,2022-03-13T16:43:01.398Z,2022-07-21T16:43:08.614Z,2022-09-24T16:42:58.140Z
chip_128_507,17TLH,2022-04-14T16:31:30.600Z,2022-06-18T16:31:45.821Z,2022-09-01T16:31:35.443Z
chip_207_438,16SCJ,2022-03-16T16:52:46.984Z,2022-06-14T16:52:47.987Z,2022-06-29T16:52:48.285Z
chip_143_488,16TFM,2022-04-12T16:41:54.888Z,2022-06-16T16:41:56.352Z,2022-09-14T16:41:54.418Z
chip_166_386,15TVF,2022-04-16T17:12:17.935Z,2022-07-20T17:12:33.442Z,2022-09-28T17:12:29.240Z
chip_112_246,13TEK,2022-07-10T18:01:44.387Z,2022-08-29T18:01:40.373Z,2022-09-03T18:01:51.666Z
chip_238_469,16SEF,2022-03-03T16:43:26.432Z,2022-05-17T16:43:22.211Z,2022-09-29T16:43:30.061Z
chip_341_499,16RFU,2022-03-05T16:35:02.106Z,2022-04-04T16:35:01.522Z,2022-08-17T16:35:17.299Z
chip_171_049,11SKD,2022-03-12T18:53:40.832Z,2022-06-25T18:53:41.756Z,2022-09-23T18:53:37.709Z
chip_245_593,18STE,2022-03-21T16:03:28.606Z,2022-04-25T16:03:19.048Z,2022-08-03T16:03:29.936Z
chip_136_434,16TCN,2022-05-13T17:01:40.144Z,2022-06-27T17:01:54.466Z,2022-09-30T17:01:41.069Z
chip_214_401,15SWC,2022-04-03T17:03:01.933Z,2022-08-31T17:03:06.199Z,2022-09-25T17:03:12.364Z
chip_323_314,14SNA,2022-03-10T17:24:56.332Z,2022-05-14T17:25:02.591Z,2022-09-26T17:24:58.773Z
chip_130_510,17TLH,2022-04-14T16:31:30.600Z,2022-06-18T16:31:45.821Z,2022-09-01T16:31:35.443Z
chip_131_474,16TFN,2022-04-12T16:41:40.271Z,2022-06-16T16:41:41.717Z,2022-06-21T16:41:49.903Z
chip_134_493,16TGN,2022-04-12T16:41:36.737Z,2022-06-16T16:41:38.174Z,2022-06-21T16:41:39.287Z
chip_137_309,14TMN,2022-04-20T17:42:05.275Z,2022-07-19T17:42:12.577Z,2022-08-18T17:42:13.503Z
chip_234_332,14SPG,2022-04-09T17:23:24.690Z,2022-04-14T17:23:30.941Z,2022-07-13T17:23:40.575Z
chip_142_470,16TEN,2022-04-17T16:41:37.040Z,2022-06-21T16:41:53.301Z,2022-09-19T16:41:49.278Z
chip_243_445,16SCF,2022-03-01T16:53:22.784Z,2022-06-19T16:53:30.476Z,2022-09-27T16:53:26.267Z
chip_234_295,14SLG,2022-03-01T17:43:34.008Z,2022-06-24T17:43:35.491Z,2022-09-27T17:43:37.853Z
chip_142_427,15TYH,2022-05-13T17:01:44.460Z,2022-06-22T17:01:50.779Z,2022-09-30T17:01:45.385Z
chip_194_406,15TXE,2022-07-12T17:02:37.322Z,2022-09-20T17:02:34.300Z,2022-09-30T17:02:32.251Z
chip_239_595,18STE,2022-03-21T16:03:28.606Z,2022-04-25T16:03:19.048Z,2022-08-03T16:03:29.936Z
chip_159_403,15TXG,2022-06-02T17:02:03.203Z,2022-06-27T17:02:16.391Z,2022-09-30T17:02:02.980Z
chip_202_017,10SFF,2022-03-10T19:04:18.391Z,2022-06-13T19:04:30.750Z,2022-09-16T19:04:22.258Z
chip_196_458,16SDJ,2022-03-16T16:52:42.739Z,2022-06-29T16:52:44.029Z,2022-09-27T16:52:39.052Z
chip_051_172,12TVT,2022-07-14T18:31:19.339Z,2022-08-08T18:31:12.166Z,2022-09-02T18:31:20.226Z
chip_259_414,15SXV,2022-03-04T17:03:42.371Z,2022-07-22T17:03:50.165Z,2022-09-30T17:03:44.502Z
chip_071_347,14TQT,2022-04-27T17:30:46.503Z,2022-06-06T17:30:49.308Z,2022-08-30T17:30:39.524Z
chip_281_272,14SKD,2022-03-01T17:44:21.216Z,2022-06-24T17:44:22.693Z,2022-09-27T17:44:25.062Z
chip_253_257,13SFV,2022-03-01T17:44:11.795Z,2022-06-29T17:44:21.279Z,2022-09-27T17:44:15.640Z
chip_210_389,15SVD,2022-04-26T17:12:44.200Z,2022-06-30T17:13:03.832Z,2022-09-28T17:12:58.154Z
chip_101_343,14TPR,2022-05-27T17:31:21.247Z,2022-08-10T17:31:17.428Z,2022-09-04T17:31:25.536Z
chip_044_169,12UVU,2022-03-11T18:30:51.732Z,2022-08-01T18:40:54.806Z,2022-09-27T18:30:53.829Z
chip_130_504,17TLH,2022-04-14T16:31:30.600Z,2022-06-18T16:31:45.821Z,2022-09-01T16:31:35.443Z
chip_107_440,16TCQ,2022-05-13T17:01:11.858Z,2022-06-27T17:01:26.198Z,2022-09-30T17:01:12.779Z
chip_086_336,14TPS,2022-05-27T17:31:06.526Z,2022-08-10T17:31:02.702Z,2022-09-04T17:31:10.818Z
chip_282_128,12SUB,2022-03-18T18:25:04.097Z,2022-06-11T18:25:15.728Z,2022-06-16T18:25:09.917Z
chip_125_504,17TLJ,2022-04-29T16:31:24.943Z,2022-06-23T16:31:24.610Z,2022-09-01T16:31:20.910Z
chip_343_532,17RKP,2022-03-02T16:25:00.171Z,2022-04-11T16:24:59.947Z,2022-09-23T16:25:10.300Z
chip_231_275,14SKG,2022-03-01T17:43:38.485Z,2022-05-30T17:43:42.836Z,2022-09-27T17:43:42.329Z
chip_102_326,14TNR,2022-03-26T17:41:11.193Z,2022-08-08T17:41:25.525Z,2022-09-12T17:41:15.871Z
chip_163_524,17TMF,2022-03-02T16:21:59.411Z,2022-06-30T16:22:07.704Z,2022-07-10T16:22:07.211Z
chip_267_453,16SCD,2022-03-03T16:44:02.557Z,2022-06-16T16:43:55.520Z,2022-09-29T16:44:06.182Z
chip_354_327,14RPU,2022-03-12T17:15:32.222Z,2022-05-16T17:15:27.391Z,2022-09-28T17:15:35.448Z
chip_370_342,14RQT,2022-03-02T17:15:43.242Z,2022-03-12T17:15:43.754Z,2022-05-16T17:15:38.928Z
chip_224_440,16SCG,2022-03-26T16:53:14.506Z,2022-05-20T16:53:11.761Z,2022-08-13T16:53:24.156Z
chip_255_447,16SCE,2022-03-01T16:53:36.816Z,2022-06-19T16:53:44.502Z,2022-09-27T16:53:40.300Z
chip_309_470,16SDB,2022-03-13T16:44:28.205Z,2022-04-27T16:44:17.148Z,2022-09-24T16:44:24.956Z
chip_128_480,16TFP,2022-05-07T16:41:19.793Z,2022-06-16T16:41:27.310Z,2022-09-09T16:41:34.405Z
chip_275_406,15SWU,2022-03-04T17:04:00.648Z,2022-07-12T17:04:07.840Z,2022-09-30T17:04:02.779Z
chip_176_580,18STJ,2022-03-04T16:12:27.950Z,2022-03-29T16:12:21.025Z,2022-04-28T16:12:16.790Z
chip_113_449,16TDQ,2022-05-15T16:51:17.294Z,2022-07-09T16:51:17.462Z,2022-07-14T16:51:25.242Z
chip_161_403,15TXG,2022-06-02T17:02:03.203Z,2022-06-27T17:02:16.391Z,2022-09-30T17:02:02.980Z
chip_228_297,14SLG,2022-03-01T17:43:34.008Z,2022-06-24T17:43:35.491Z,2022-09-27T17:43:37.853Z
chip_207_424,15SYD,2022-03-09T17:02:47.765Z,2022-07-22T17:02:48.745Z,2022-09-30T17:02:43.072Z
chip_208_416,15SXD,2022-06-17T17:02:58.727Z,2022-06-27T17:03:00.170Z,2022-07-12T17:02:51.831Z
chip_050_174,12TVT,2022-07-14T18:31:19.339Z,2022-08-08T18:31:12.166Z,2022-09-02T18:31:20.226Z
chip_223_483,16SFG,2022-03-20T16:33:12.005Z,2022-07-23T16:33:13.462Z,2022-09-26T16:33:15.835Z
chip_213_449,16SCH,2022-03-16T16:53:01.377Z,2022-06-19T16:53:01.903Z,2022-09-12T16:53:07.791Z
chip_163_454,16TDL,2022-03-21T16:52:08.313Z,2022-07-09T16:52:15.202Z,2022-08-18T16:52:12.424Z
chip_054_098,11TMM,2022-04-06T18:51:30.646Z,2022-07-30T18:51:43.645Z,2022-09-26T19:01:30.525Z
chip_165_520,17TLF,2022-04-14T16:31:59.291Z,2022-06-18T16:32:14.503Z,2022-07-03T16:32:08.113Z
chip_216_426,15SYC,2022-03-01T16:52:58.989Z,2022-06-19T16:53:06.682Z,2022-09-27T16:53:02.464Z
chip_108_414,15TXK,2022-06-20T17:11:28.687Z,2022-09-03T17:11:18.203Z,2022-09-13T17:11:18.766Z
chip_114_320,14TNQ,2022-03-01T17:41:31.513Z,2022-07-19T17:41:39.786Z,2022-09-12T17:41:30.070Z
chip_202_392,15SWD,2022-07-12T17:02:55.186Z,2022-08-31T17:02:51.751Z,2022-09-30T17:02:50.103Z
chip_257_277,14SKE,2022-03-01T17:44:07.088Z,2022-05-30T17:44:11.442Z,2022-09-27T17:44:10.935Z
chip_185_244,13TEE,2022-04-18T17:52:50.986Z,2022-07-02T17:53:08.431Z,2022-09-05T17:52:57.041Z
chip_110_041,10TFM,2022-06-28T19:02:58.648Z,2022-08-22T19:03:06.191Z,2022-09-26T19:02:53.871Z
chip_329_512,16RGV,2022-03-02T16:24:48.107Z,2022-04-01T16:24:47.778Z,2022-09-23T16:24:58.240Z
chip_204_402,15SWD,2022-07-12T17:02:55.186Z,2022-08-31T17:02:51.751Z,2022-09-30T17:02:50.103Z
chip_209_433,16SBH,2022-03-16T16:53:05.142Z,2022-03-26T16:53:03.963Z,2022-06-19T16:53:05.668Z
chip_085_592,18TVQ,2022-03-29T16:10:46.721Z,2022-07-02T16:11:02.903Z,2022-09-10T16:11:00.610Z
chip_151_501,16TGM,2022-03-20T16:31:55.982Z,2022-06-18T16:32:04.108Z,2022-09-01T16:31:53.729Z
chip_239_597,18STE,2022-03-21T16:03:28.606Z,2022-04-25T16:03:19.048Z,2022-08-03T16:03:29.936Z
chip_159_593,18TUK,2022-03-16T16:02:07.538Z,2022-06-19T16:02:21.115Z,2022-08-18T16:02:22.029Z
chip_251_261,13SFA,2022-06-29T17:44:06.773Z,2022-08-28T17:44:06.360Z,2022-09-17T17:44:02.588Z
chip_210_310,14SMJ,2022-04-02T17:32:58.694Z,2022-06-16T17:33:13.142Z,2022-09-04T17:33:13.848Z
chip_061_061,10TFR,2022-06-21T19:11:56.739Z,2022-08-10T19:11:55.798Z,2022-09-24T19:11:59.184Z
chip_199_275,14SKJ,2022-03-01T17:43:09.691Z,2022-06-14T17:43:09.715Z,2022-09-17T17:43:15.004Z
chip_192_409,15TXE,2022-07-12T17:02:37.322Z,2022-09-20T17:02:34.300Z,2022-09-30T17:02:32.251Z
chip_087_216,12TYR,2022-03-30T18:11:35.093Z,2022-07-21T18:21:40.185Z,2022-09-26T18:11:39.990Z
chip_114_596,18TVN,2022-04-30T16:01:27.465Z,2022-06-04T16:01:22.735Z,2022-09-02T16:01:23.606Z
chip_054_199,12TXT,2022-06-16T18:21:07.814Z,2022-07-21T18:21:15.165Z,2022-08-30T18:21:16.286Z
chip_109_158,12TUP,2022-07-19T18:32:14.642Z,2022-08-08T18:32:13.732Z,2022-09-02T18:32:16.857Z
chip_164_266,13TFF,2022-03-19T17:52:35.615Z,2022-06-27T17:52:42.688Z,2022-09-20T17:52:45.240Z
chip_054_200,12TXT,2022-06-16T18:21:07.814Z,2022-07-21T18:21:15.165Z,2022-08-30T18:21:16.286Z
chip_176_027,10SFH,2022-03-20T19:03:49.540Z,2022-04-24T19:03:56.550Z,2022-08-12T19:04:03.819Z
chip_345_470,16RDU,2022-03-20T16:35:14.943Z,2022-04-04T16:35:08.327Z,2022-08-17T16:35:24.130Z
chip_165_523,17TMF,2022-03-02T16:21:59.411Z,2022-06-30T16:22:07.704Z,2022-07-10T16:22:07.211Z
chip_252_285,14SLF,2022-03-03T17:33:46.260Z,2022-06-06T17:33:57.153Z,2022-09-19T17:33:50.715Z
chip_389_324,14RPS,2022-03-12T17:16:01.235Z,2022-05-26T17:15:57.325Z,2022-09-28T17:16:04.455Z
chip_131_315,14TNP,2022-04-02T17:31:42.748Z,2022-07-31T17:31:50.927Z,2022-09-04T17:31:57.900Z
chip_112_423,15TYK,2022-05-13T17:01:15.357Z,2022-06-27T17:01:29.706Z,2022-08-31T17:01:17.915Z
chip_054_107,11TMM,2022-04-06T18:51:30.646Z,2022-07-30T18:51:43.645Z,2022-09-26T19:01:30.525Z
chip_117_486,16TFP,2022-05-07T16:41:19.793Z,2022-06-16T16:41:27.310Z,2022-09-09T16:41:34.405Z
chip_112_587,18TVN,2022-04-30T16:01:27.465Z,2022-06-04T16:01:22.735Z,2022-09-02T16:01:23.606Z
chip_054_115,11TNM,2022-06-25T18:51:35.051Z,2022-07-25T18:51:35.110Z,2022-08-29T18:51:42.486Z
chip_200_365,15SUD,2022-03-02T17:12:57.262Z,2022-07-10T17:13:07.352Z,2022-09-28T17:13:01.736Z
chip_183_365,15TUE,2022-03-15T17:22:39.962Z,2022-06-03T17:22:43.933Z,2022-09-26T17:22:36.421Z
chip_241_475,16SEF,2022-03-03T16:43:26.432Z,2022-05-17T16:43:22.211Z,2022-09-29T16:43:30.061Z
chip_239_284,14SLG,2022-03-01T17:43:34.008Z,2022-06-24T17:43:35.491Z,2022-09-27T17:43:37.853Z
chip_227_295,14SLG,2022-03-01T17:43:34.008Z,2022-06-24T17:43:35.491Z,2022-09-27T17:43:37.853Z
chip_216_183,12SXG,2022-04-29T18:13:52.310Z,2022-06-08T18:13:55.834Z,2022-07-13T18:13:51.418Z
chip_286_301,14SMC,2022-03-18T17:34:32.355Z,2022-06-16T17:34:39.809Z,2022-09-29T17:34:28.358Z
chip_166_524,17TMF,2022-03-02T16:21:59.411Z,2022-06-30T16:22:07.704Z,2022-07-10T16:22:07.211Z
chip_421_326,14RPP,2022-03-22T17:16:44.088Z,2022-03-27T17:16:38.147Z,2022-05-21T17:16:47.528Z
chip_117_326,14TNQ,2022-03-01T17:41:31.513Z,2022-07-19T17:41:39.786Z,2022-09-12T17:41:30.070Z
chip_234_354,15STB,2022-03-15T17:23:27.161Z,2022-07-13T17:23:35.884Z,2022-09-26T17:23:23.622Z
chip_333_497,16RFV,2022-03-05T16:34:47.816Z,2022-04-04T16:34:47.229Z,2022-04-19T16:34:54.650Z
chip_163_593,18TUK,2022-03-16T16:02:07.538Z,2022-06-19T16:02:21.115Z,2022-08-18T16:02:22.029Z
chip_333_504,16RFV,2022-03-05T16:34:47.816Z,2022-04-04T16:34:47.229Z,2022-04-19T16:34:54.650Z
chip_373_294,14RMT,2022-03-10T17:25:43.318Z,2022-03-30T17:25:41.996Z,2022-06-08T17:25:47.148Z
chip_153_473,16TEM,2022-05-07T16:41:52.147Z,2022-06-16T16:41:59.644Z,2022-07-21T16:42:07.033Z
chip_125_420,15TYJ,2022-05-13T17:01:29.790Z,2022-07-12T17:01:35.794Z,2022-09-30T17:01:30.715Z
chip_320_544,17RLQ,2022-03-02T16:24:41.634Z,2022-04-11T16:24:41.412Z,2022-09-23T16:24:51.764Z
chip_233_477,16SEG,2022-03-03T16:43:11.989Z,2022-05-17T16:43:07.763Z,2022-07-21T16:43:19.572Z
chip_327_511,16RGV,2022-03-02T16:24:48.107Z,2022-04-01T16:24:47.778Z,2022-09-23T16:24:58.240Z
chip_148_495,17TKG,2022-03-20T16:31:56.041Z,2022-06-21T16:42:00.635Z,2022-09-14T16:41:50.538Z
chip_144_472,16TEN,2022-04-17T16:41:37.040Z,2022-06-21T16:41:53.301Z,2022-09-19T16:41:49.278Z
chip_313_341,14SQB,2022-03-12T17:14:45.222Z,2022-06-20T17:14:53.058Z,2022-09-28T17:14:48.451Z
chip_162_600,18TVK,2022-03-16T16:02:03.926Z,2022-06-19T16:02:17.493Z,2022-08-18T16:02:18.409Z
chip_132_508,17TLH,2022-04-14T16:31:30.600Z,2022-06-18T16:31:45.821Z,2022-09-01T16:31:35.443Z
chip_121_445,16TDP,2022-06-09T16:51:29.385Z,2022-07-09T16:51:32.085Z,2022-07-14T16:51:39.868Z
chip_242_451,16SCF,2022-03-01T16:53:22.784Z,2022-06-19T16:53:30.476Z,2022-09-27T16:53:26.267Z
chip_191_331,14TPK,2022-03-03T17:32:37.196Z,2022-06-21T17:32:44.758Z,2022-09-29T17:32:39.763Z
chip_057_194,12TWT,2022-07-14T18:31:16.736Z,2022-08-08T18:31:08.262Z,2022-09-27T18:31:04.383Z
chip_248_427,15SYA,2022-06-04T16:53:39.267Z,2022-06-29T16:53:36.540Z,2022-09-12T16:53:41.662Z
chip_128_501,16TGN,2022-04-12T16:41:36.737Z,2022-06-16T16:41:38.174Z,2022-06-21T16:41:39.287Z
chip_192_583,18STH,2022-03-04T16:12:41.946Z,2022-04-28T16:12:30.813Z,2022-05-18T16:12:37.806Z
chip_236_448,16SCG,2022-03-26T16:53:14.506Z,2022-05-20T16:53:11.761Z,2022-08-13T16:53:24.156Z
chip_196_330,14SPJ,2022-03-15T17:23:02.636Z,2022-06-28T17:23:03.833Z,2022-09-16T17:23:00.524Z
chip_226_272,13SGB,2022-03-01T17:43:39.643Z,2022-06-14T17:43:39.653Z,2022-09-17T17:43:44.945Z
chip_215_438,16SCH,2022-03-16T16:53:01.377Z,2022-06-19T16:53:01.903Z,2022-09-12T16:53:07.791Z
chip_108_353,14TQQ,2022-05-27T17:31:32.072Z,2022-08-05T17:31:35.657Z,2022-09-04T17:31:36.337Z
chip_162_377,15TVG,2022-03-27T17:12:04.470Z,2022-06-20T17:12:19.206Z,2022-09-08T17:12:18.465Z
chip_245_332,14SPF,2022-03-15T17:23:46.321Z,2022-07-18T17:23:47.230Z,2022-09-26T17:23:42.780Z
chip_245_596,18STE,2022-03-21T16:03:28.606Z,2022-04-25T16:03:19.048Z,2022-08-03T16:03:29.936Z
chip_111_407,15TXK,2022-06-20T17:11:28.687Z,2022-09-03T17:11:18.203Z,2022-09-13T17:11:18.766Z
chip_264_482,16SEE,2022-03-03T16:43:40.806Z,2022-05-17T16:43:36.583Z,2022-09-29T16:43:44.436Z
chip_150_495,17TKG,2022-03-20T16:31:56.041Z,2022-06-21T16:42:00.635Z,2022-09-14T16:41:50.538Z
chip_133_484,16TFN,2022-04-12T16:41:40.271Z,2022-06-16T16:41:41.717Z,2022-06-21T16:41:49.903Z
chip_182_579,18STJ,2022-03-04T16:12:27.950Z,2022-03-29T16:12:21.025Z,2022-04-28T16:12:16.790Z
chip_207_388,15SVD,2022-04-26T17:12:44.200Z,2022-06-30T17:13:03.832Z,2022-09-28T17:12:58.154Z
chip_132_490,16TGN,2022-04-12T16:41:36.737Z,2022-06-16T16:41:38.174Z,2022-06-21T16:41:39.287Z
chip_349_542,17RLN,2022-03-04T16:15:21.845Z,2022-04-03T16:15:19.738Z,2022-04-08T16:15:14.899Z
chip_239_277,14SKG,2022-03-01T17:43:38.485Z,2022-05-30T17:43:42.836Z,2022-09-27T17:43:42.329Z
chip_282_558,17SNT,2022-03-04T16:14:02.379Z,2022-05-18T16:13:58.236Z,2022-09-20T16:14:06.282Z
chip_218_379,15SVC,2022-04-26T17:12:58.474Z,2022-07-20T17:13:16.619Z,2022-09-13T17:13:07.127Z
chip_130_411,15TXJ,2022-03-12T17:11:35.083Z,2022-04-21T17:11:35.596Z,2022-09-28T17:11:38.311Z
chip_051_176,12TVT,2022-07-14T18:31:19.339Z,2022-08-08T18:31:12.166Z,2022-09-02T18:31:20.226Z
chip_162_481,16TFL,2022-04-17T16:42:02.666Z,2022-06-21T16:42:18.902Z,2022-09-14T16:42:08.803Z
chip_195_407,15SXD,2022-06-17T17:02:58.727Z,2022-06-27T17:03:00.170Z,2022-07-12T17:02:51.831Z
chip_226_328,14SPG,2022-04-09T17:23:24.690Z,2022-04-14T17:23:30.941Z,2022-07-13T17:23:40.575Z
chip_281_267,13SGU,2022-03-01T17:44:23.180Z,2022-05-30T17:44:27.524Z,2022-09-07T17:44:31.086Z
chip_074_096,11TML,2022-07-20T18:51:59.584Z,2022-07-25T18:51:53.164Z,2022-09-08T18:51:59.250Z
chip_122_559,17TPH,2022-06-25T16:21:39.084Z,2022-06-30T16:21:31.673Z,2022-07-10T16:21:31.182Z
chip_155_254,13TEG,2022-03-27T18:02:25.325Z,2022-07-25T18:02:32.901Z,2022-09-23T18:02:29.719Z
chip_218_318,14SNH,2022-03-03T17:33:10.094Z,2022-03-28T17:33:15.559Z,2022-09-04T17:33:24.834Z
chip_155_474,16TEM,2022-05-07T16:41:52.147Z,2022-06-16T16:41:59.644Z,2022-07-21T16:42:07.033Z
chip_105_407,15TXK,2022-06-20T17:11:28.687Z,2022-09-03T17:11:18.203Z,2022-09-13T17:11:18.766Z
chip_249_449,16SCF,2022-03-01T16:53:22.784Z,2022-06-19T16:53:30.476Z,2022-09-27T16:53:26.267Z
chip_202_419,15SYD,2022-03-09T17:02:47.765Z,2022-07-22T17:02:48.745Z,2022-09-30T17:02:43.072Z
chip_177_608,18SVJ,2022-03-11T16:02:24.161Z,2022-06-19T16:02:31.799Z,2022-09-27T16:02:27.348Z
chip_332_503,16RFV,2022-03-05T16:34:47.816Z,2022-04-04T16:34:47.229Z,2022-04-19T16:34:54.650Z
chip_140_470,16TEN,2022-04-17T16:41:37.040Z,2022-06-21T16:41:53.301Z,2022-09-19T16:41:49.278Z
chip_121_506,17TLJ,2022-04-29T16:31:24.943Z,2022-06-23T16:31:24.610Z,2022-09-01T16:31:20.910Z
chip_213_335,14SPH,2022-03-15T17:23:17.097Z,2022-06-28T17:23:18.300Z,2022-09-26T17:23:13.550Z
chip_084_175,12TVR,2022-07-19T18:31:41.939Z,2022-08-08T18:31:41.031Z,2022-09-02T18:31:49.082Z
chip_246_593,18STE,2022-03-21T16:03:28.606Z,2022-04-25T16:03:19.048Z,2022-08-03T16:03:29.936Z
chip_222_328,14SPH,2022-03-15T17:23:17.097Z,2022-06-28T17:23:18.300Z,2022-09-26T17:23:13.550Z
chip_132_133,12TTM,2022-05-15T18:32:47.026Z,2022-07-24T18:32:52.837Z,2022-09-27T18:32:42.507Z
chip_318_517,16SGA,2022-03-02T16:24:33.589Z,2022-05-11T16:24:34.530Z,2022-06-20T16:24:41.224Z
chip_273_464,16SDD,2022-03-03T16:43:58.991Z,2022-04-27T16:43:48.302Z,2022-06-16T16:43:53.974Z
chip_125_433,16TCP,2022-06-17T17:01:39.034Z,2022-06-22T17:01:32.473Z,2022-06-27T17:01:40.491Z
chip_066_090,11TLL,2022-05-04T19:01:53.798Z,2022-08-12T19:02:01.232Z,2022-09-26T19:01:49.367Z
chip_231_280,14SKG,2022-03-01T17:43:38.485Z,2022-05-30T17:43:42.836Z,2022-09-27T17:43:42.329Z
chip_109_419,15TYK,2022-05-13T17:01:15.357Z,2022-06-27T17:01:29.706Z,2022-08-31T17:01:17.915Z
chip_065_354,14TQT,2022-04-27T17:30:46.503Z,2022-06-06T17:30:49.308Z,2022-08-30T17:30:39.524Z
chip_236_375,15SUB,2022-03-02T17:13:26.997Z,2022-06-30T17:13:36.411Z,2022-09-28T17:13:30.731Z
chip_324_509,16RGV,2022-03-02T16:24:48.107Z,2022-04-01T16:24:47.778Z,2022-09-23T16:24:58.240Z
chip_336_500,16RFV,2022-03-05T16:34:47.816Z,2022-04-04T16:34:47.229Z,2022-04-19T16:34:54.650Z
chip_059_193,12TWT,2022-07-14T18:31:16.736Z,2022-08-08T18:31:08.262Z,2022-09-27T18:31:04.383Z
chip_130_486,16TFN,2022-04-12T16:41:40.271Z,2022-06-16T16:41:41.717Z,2022-06-21T16:41:49.903Z
chip_197_366,15SUD,2022-03-02T17:12:57.262Z,2022-07-10T17:13:07.352Z,2022-09-28T17:13:01.736Z
chip_110_450,16TDQ,2022-05-15T16:51:17.294Z,2022-07-09T16:51:17.462Z,2022-07-14T16:51:25.242Z
chip_210_393,15SWC,2022-04-03T17:03:01.933Z,2022-08-31T17:03:06.199Z,2022-09-25T17:03:12.364Z
chip_045_243,13UDP,2022-06-23T18:10:47.473Z,2022-08-27T18:10:55.179Z,2022-09-21T18:10:43.877Z
chip_126_396,15TWJ,2022-03-12T17:11:38.882Z,2022-09-03T17:11:36.239Z,2022-09-28T17:11:42.108Z
chip_266_434,16SBE,2022-03-01T16:53:41.246Z,2022-06-24T16:53:57.039Z,2022-09-27T16:53:44.735Z
chip_227_432,16SBG,2022-03-16T16:53:19.615Z,2022-06-29T16:53:20.916Z,2022-09-12T16:53:26.044Z
chip_182_399,15TWE,2022-04-16T17:12:28.395Z,2022-07-05T17:12:37.457Z,2022-09-28T17:12:39.688Z
chip_387_325,14RPS,2022-03-12T17:16:01.235Z,2022-05-26T17:15:57.325Z,2022-09-28T17:16:04.455Z
chip_308_293,14SLB,2022-03-03T17:34:44.107Z,2022-05-27T17:34:54.578Z,2022-09-29T17:34:46.691Z
chip_122_446,16TDP,2022-06-09T16:51:29.385Z,2022-07-09T16:51:32.085Z,2022-07-14T16:51:39.868Z
chip_144_478,16TFM,2022-04-12T16:41:54.888Z,2022-06-16T16:41:56.352Z,2022-09-14T16:41:54.418Z
chip_220_448,16SCH,2022-03-16T16:53:01.377Z,2022-06-19T16:53:01.903Z,2022-09-12T16:53:07.791Z
chip_338_432,15RYQ,2022-03-01T16:54:55.498Z,2022-04-10T16:54:55.547Z,2022-09-27T16:54:58.990Z
chip_250_583,17SQU,2022-03-21T16:03:44.609Z,2022-04-20T16:03:45.747Z,2022-04-25T16:03:35.059Z
chip_155_408,15TXG,2022-06-02T17:02:03.203Z,2022-06-27T17:02:16.391Z,2022-09-30T17:02:02.980Z
chip_120_505,17TLJ,2022-04-29T16:31:24.943Z,2022-06-23T16:31:24.610Z,2022-09-01T16:31:20.910Z
chip_175_238,13TDF,2022-04-21T18:02:36.083Z,2022-08-29T18:02:41.860Z,2022-09-23T18:02:48.196Z
chip_242_467,16SDF,2022-03-03T16:43:29.996Z,2022-06-21T16:43:38.389Z,2022-09-29T16:43:33.623Z
chip_194_485,16SFJ,2022-04-27T16:42:28.719Z,2022-05-17T16:42:35.165Z,2022-06-21T16:42:47.768Z
chip_236_369,15SUB,2022-03-02T17:13:26.997Z,2022-06-30T17:13:36.411Z,2022-09-28T17:13:30.731Z
chip_181_610,18SVJ,2022-03-11T16:02:24.161Z,2022-06-19T16:02:31.799Z,2022-09-27T16:02:27.348Z
chip_359_558,17RMN,2022-03-04T16:15:18.389Z,2022-04-03T16:15:07.722Z,2022-04-08T16:15:11.443Z
chip_089_267,13TFL,2022-03-27T18:01:23.974Z,2022-07-20T18:01:26.334Z,2022-09-03T18:01:33.293Z
chip_151_375,15TVG,2022-03-27T17:12:04.470Z,2022-06-20T17:12:19.206Z,2022-09-08T17:12:18.465Z
chip_031_195,12UWV,2022-07-19T18:30:40.423Z,2022-08-18T18:30:37.469Z,2022-09-27T18:30:35.632Z
chip_208_299,14SMJ,2022-04-02T17:32:58.694Z,2022-06-16T17:33:13.142Z,2022-09-04T17:33:13.848Z
chip_215_305,14SMH,2022-03-28T17:33:19.183Z,2022-06-11T17:33:19.319Z,2022-09-29T17:33:16.289Z
chip_169_258,13TFF,2022-03-19T17:52:35.615Z,2022-06-27T17:52:42.688Z,2022-09-20T17:52:45.240Z
chip_165_376,15TVG,2022-03-27T17:12:04.470Z,2022-06-20T17:12:19.206Z,2022-09-08T17:12:18.465Z
chip_215_329,14SPH,2022-03-15T17:23:17.097Z,2022-06-28T17:23:18.300Z,2022-09-26T17:23:13.550Z
chip_264_467,16SDE,2022-03-03T16:43:44.494Z,2022-03-13T16:43:44.860Z,2022-09-29T16:43:47.776Z
chip_265_277,14SKE,2022-03-01T17:44:07.088Z,2022-05-30T17:44:11.442Z,2022-09-27T17:44:10.935Z
chip_057_087,11TLM,2022-04-24T19:01:39.653Z,2022-08-07T19:01:38.839Z,2022-09-26T19:01:35.051Z
chip_346_428,15RYP,2022-03-26T16:55:15.764Z,2022-04-10T16:55:09.826Z,2022-09-27T16:55:13.267Z
chip_069_353,14TQT,2022-04-27T17:30:46.503Z,2022-06-06T17:30:49.308Z,2022-08-30T17:30:39.524Z
chip_077_295,14TLS,2022-03-19T17:51:02.214Z,2022-06-22T17:51:16.393Z,2022-08-31T17:51:16.448Z
chip_064_117,11TNM,2022-06-25T18:51:35.051Z,2022-07-25T18:51:35.110Z,2022-08-29T18:51:42.486Z
chip_149_489,16TFM,2022-04-12T16:41:54.888Z,2022-06-16T16:41:56.352Z,2022-09-14T16:41:54.418Z
chip_197_393,15SWD,2022-07-12T17:02:55.186Z,2022-08-31T17:02:51.751Z,2022-09-30T17:02:50.103Z
chip_124_508,17TLJ,2022-04-29T16:31:24.943Z,2022-06-23T16:31:24.610Z,2022-09-01T16:31:20.910Z
chip_173_586,18SUJ,2022-03-11T16:02:27.937Z,2022-06-19T16:02:35.577Z,2022-09-17T16:02:32.618Z
chip_128_426,15TYJ,2022-05-13T17:01:29.790Z,2022-07-12T17:01:35.794Z,2022-09-30T17:01:30.715Z
chip_326_522,17RKQ,2022-03-27T16:24:51.448Z,2022-05-11T16:24:46.643Z,2022-09-23T16:24:55.833Z
chip_211_283,14SLH,2022-03-01T17:43:20.009Z,2022-06-29T17:43:29.475Z,2022-09-27T17:43:23.855Z
chip_055_202,12TXT,2022-06-16T18:21:07.814Z,2022-07-21T18:21:15.165Z,2022-08-30T18:21:16.286Z
chip_206_337,14SPJ,2022-03-15T17:23:02.636Z,2022-06-28T17:23:03.833Z,2022-09-16T17:23:00.524Z
chip_135_361,15TUJ,2022-06-23T17:21:51.496Z,2022-07-13T17:21:51.820Z,2022-08-02T17:21:49.673Z
chip_315_516,16SGA,2022-03-02T16:24:33.589Z,2022-05-11T16:24:34.530Z,2022-06-20T16:24:41.224Z
chip_121_446,16TDP,2022-06-09T16:51:29.385Z,2022-07-09T16:51:32.085Z,2022-07-14T16:51:39.868Z
chip_216_429,16SBH,2022-03-16T16:53:05.142Z,2022-03-26T16:53:03.963Z,2022-06-19T16:53:05.668Z
chip_062_082,10TGR,2022-06-28T19:01:57.264Z,2022-08-17T19:01:54.352Z,2022-09-26T19:01:52.484Z
chip_223_372,15SUC,2022-04-26T17:13:02.159Z,2022-07-10T17:13:21.748Z,2022-09-13T17:13:10.818Z
chip_254_421,15SYA,2022-06-04T16:53:39.267Z,2022-06-29T16:53:36.540Z,2022-09-12T16:53:41.662Z
chip_219_288,14SLH,2022-03-01T17:43:20.009Z,2022-06-29T17:43:29.475Z,2022-09-27T17:43:23.855Z
chip_420_326,14RPP,2022-03-22T17:16:44.088Z,2022-03-27T17:16:38.147Z,2022-05-21T17:16:47.528Z
chip_219_312,14SMH,2022-03-28T17:33:19.183Z,2022-06-11T17:33:19.319Z,2022-09-29T17:33:16.289Z
chip_248_589,17SQV,2022-03-21T16:03:30.091Z,2022-06-19T16:03:38.547Z,2022-09-27T16:03:34.104Z
chip_171_347,14TQL,2022-04-14T17:22:29.589Z,2022-06-28T17:22:31.670Z,2022-08-02T17:22:37.077Z
chip_159_592,18TUK,2022-03-16T16:02:07.538Z,2022-06-19T16:02:21.115Z,2022-08-18T16:02:22.029Z
chip_320_314,14SNA,2022-03-10T17:24:56.332Z,2022-05-14T17:25:02.591Z,2022-09-26T17:24:58.773Z
chip_154_346,15TTG,2022-05-09T17:22:08.996Z,2022-07-18T17:22:16.708Z,2022-08-02T17:22:22.395Z
chip_097_099,11TMJ,2022-04-06T18:52:13.908Z,2022-07-25T18:52:22.109Z,2022-09-23T18:52:17.991Z
chip_152_468,16TEM,2022-05-07T16:41:52.147Z,2022-06-16T16:41:59.644Z,2022-07-21T16:42:07.033Z
chip_108_405,15TXK,2022-06-20T17:11:28.687Z,2022-09-03T17:11:18.203Z,2022-09-13T17:11:18.766Z
chip_039_108,11TMN,2022-06-23T19:01:28.505Z,2022-08-07T19:01:20.304Z,2022-09-26T19:01:16.515Z
chip_175_588,18SUJ,2022-03-11T16:02:27.937Z,2022-06-19T16:02:35.577Z,2022-09-17T16:02:32.618Z
chip_174_407,15TXF,2022-05-13T17:02:16.723Z,2022-07-12T17:02:22.720Z,2022-09-30T17:02:17.640Z
chip_180_284,14TLK,2022-03-26T17:42:45.360Z,2022-07-09T17:43:01.000Z,2022-09-07T17:42:59.364Z
chip_209_334,14SPJ,2022-03-15T17:23:02.636Z,2022-06-28T17:23:03.833Z,2022-09-16T17:23:00.524Z
chip_249_291,14SLF,2022-03-03T17:33:46.260Z,2022-06-06T17:33:57.153Z,2022-09-19T17:33:50.715Z
chip_220_431,16SBH,2022-03-16T16:53:05.142Z,2022-03-26T16:53:03.963Z,2022-06-19T16:53:05.668Z
chip_250_584,17SQU,2022-03-21T16:03:44.609Z,2022-04-20T16:03:45.747Z,2022-04-25T16:03:35.059Z
chip_170_595,18TUK,2022-03-16T16:02:07.538Z,2022-06-19T16:02:21.115Z,2022-08-18T16:02:22.029Z
chip_181_504,17TKE,2022-05-09T16:32:25.289Z,2022-06-18T16:32:32.848Z,2022-07-03T16:32:26.460Z
chip_132_487,16TFN,2022-04-12T16:41:40.271Z,2022-06-16T16:41:41.717Z,2022-06-21T16:41:49.903Z
chip_080_229,13TCM,2022-06-23T18:11:20.233Z,2022-07-28T18:11:24.720Z,2022-09-11T18:11:17.384Z
chip_258_445,16SCE,2022-03-01T16:53:36.816Z,2022-06-19T16:53:44.502Z,2022-09-27T16:53:40.300Z
chip_188_349,14TQK,2022-04-14T17:22:44.046Z,2022-06-28T17:22:46.150Z,2022-08-02T17:22:51.532Z
chip_139_480,16TFN,2022-04-12T16:41:40.271Z,2022-06-16T16:41:41.717Z,2022-06-21T16:41:49.903Z
chip_353_328,14RPU,2022-03-12T17:15:32.222Z,2022-05-16T17:15:27.391Z,2022-09-28T17:15:35.448Z
chip_187_406,15TXE,2022-07-12T17:02:37.322Z,2022-09-20T17:02:34.300Z,2022-09-30T17:02:32.251Z
chip_126_133,11TQH,2022-03-24T18:42:21.471Z,2022-08-03T18:32:38.581Z,2022-09-27T18:32:27.968Z
chip_271_267,13SGU,2022-03-01T17:44:23.180Z,2022-05-30T17:44:27.524Z,2022-09-07T17:44:31.086Z
chip_198_365,15SUD,2022-03-02T17:12:57.262Z,2022-07-10T17:13:07.352Z,2022-09-28T17:13:01.736Z
chip_229_272,13SGB,2022-03-01T17:43:39.643Z,2022-06-14T17:43:39.653Z,2022-09-17T17:43:44.945Z
chip_198_593,18SUH,2022-03-11T16:02:42.442Z,2022-06-29T16:02:51.266Z,2022-09-17T16:02:47.117Z
chip_153_470,16TEM,2022-05-07T16:41:52.147Z,2022-06-16T16:41:59.644Z,2022-07-21T16:42:07.033Z
chip_351_540,17RLN,2022-03-04T16:15:21.845Z,2022-04-03T16:15:19.738Z,2022-04-08T16:15:14.899Z
chip_132_470,16TEN,2022-04-17T16:41:37.040Z,2022-06-21T16:41:53.301Z,2022-09-19T16:41:49.278Z
chip_257_271,14SKE,2022-03-01T17:44:07.088Z,2022-05-30T17:44:11.442Z,2022-09-27T17:44:10.935Z
chip_207_434,16SBJ,2022-03-01T16:52:43.726Z,2022-06-29T16:52:52.193Z,2022-09-27T16:52:47.199Z
chip_230_459,16SDG,2022-04-27T16:43:04.721Z,2022-06-21T16:43:23.790Z,2022-07-21T16:43:22.995Z
chip_221_443,16SCH,2022-03-16T16:53:01.377Z,2022-06-19T16:53:01.903Z,2022-09-12T16:53:07.791Z
chip_416_318,14RNQ,2022-03-12T17:16:33.571Z,2022-05-21T17:16:36.040Z,2022-08-04T17:16:33.979Z
chip_237_457,16SDF,2022-03-03T16:43:29.996Z,2022-06-21T16:43:38.389Z,2022-09-29T16:43:33.623Z
chip_326_316,14SNA,2022-03-10T17:24:56.332Z,2022-05-14T17:25:02.591Z,2022-09-26T17:24:58.773Z
chip_283_431,15SYU,2022-06-29T16:54:05.735Z,2022-08-13T16:54:12.905Z,2022-09-12T16:54:10.858Z
chip_376_349,14RQT,2022-03-02T17:15:43.242Z,2022-03-12T17:15:43.754Z,2022-05-16T17:15:38.928Z
chip_226_333,14SPG,2022-04-09T17:23:24.690Z,2022-04-14T17:23:30.941Z,2022-07-13T17:23:40.575Z
chip_193_431,16TBK,2022-03-14T17:02:27.034Z,2022-07-12T17:02:33.318Z,2022-09-30T17:02:28.248Z
chip_186_511,17SLD,2022-05-09T16:32:35.471Z,2022-06-18T16:32:43.002Z,2022-06-23T16:32:36.304Z
chip_267_383,15SVV,2022-03-02T17:13:51.526Z,2022-04-26T17:13:41.322Z,2022-09-30T17:03:51.596Z
chip_100_102,11TMJ,2022-04-06T18:52:13.908Z,2022-07-25T18:52:22.109Z,2022-09-23T18:52:17.991Z
chip_129_442,16TCP,2022-06-17T17:01:39.034Z,2022-06-22T17:01:32.473Z,2022-06-27T17:01:40.491Z
chip_228_314,14SNG,2022-03-13T17:33:25.476Z,2022-07-11T17:33:31.898Z,2022-09-09T17:33:29.312Z
chip_061_084,11TLL,2022-05-04T19:01:53.798Z,2022-08-12T19:02:01.232Z,2022-09-26T19:01:49.367Z
chip_166_265,13TFF,2022-03-19T17:52:35.615Z,2022-06-27T17:52:42.688Z,2022-09-20T17:52:45.240Z
chip_269_270,13SGV,2022-03-26T17:44:02.711Z,2022-06-24T17:44:10.306Z,2022-09-27T17:44:12.666Z
chip_119_446,16TDP,2022-06-09T16:51:29.385Z,2022-07-09T16:51:32.085Z,2022-07-14T16:51:39.868Z
chip_332_507,16RFV,2022-03-05T16:34:47.816Z,2022-04-04T16:34:47.229Z,2022-04-19T16:34:54.650Z
chip_194_313,14TNK,2022-03-28T17:32:46.713Z,2022-08-05T17:32:55.308Z,2022-09-24T17:32:45.242Z
chip_213_313,14SNH,2022-03-03T17:33:10.094Z,2022-03-28T17:33:15.559Z,2022-09-04T17:33:24.834Z
chip_267_434,16SBE,2022-03-01T16:53:41.246Z,2022-06-24T16:53:57.039Z,2022-09-27T16:53:44.735Z
chip_379_348,14RQS,2022-03-12T17:15:58.161Z,2022-03-22T17:15:57.186Z,2022-09-28T17:16:01.382Z
chip_168_385,15TVF,2022-04-16T17:12:17.935Z,2022-07-20T17:12:33.442Z,2022-09-28T17:12:29.240Z
chip_149_490,16TFM,2022-04-12T16:41:54.888Z,2022-06-16T16:41:56.352Z,2022-09-14T16:41:54.418Z
chip_133_478,16TFN,2022-04-12T16:41:40.271Z,2022-06-16T16:41:41.717Z,2022-06-21T16:41:49.903Z
chip_168_393,15TWF,2022-03-27T17:12:15.375Z,2022-04-16T17:12:14.188Z,2022-08-04T17:12:22.692Z
chip_179_506,17TKE,2022-05-09T16:32:25.289Z,2022-06-18T16:32:32.848Z,2022-07-03T16:32:26.460Z
chip_227_276,14SKG,2022-03-01T17:43:38.485Z,2022-05-30T17:43:42.836Z,2022-09-27T17:43:42.329Z
chip_106_026,10TDM,2022-04-07T19:12:57.888Z,2022-07-26T19:13:07.113Z,2022-09-24T19:13:04.333Z
chip_323_507,16RGV,2022-03-02T16:24:48.107Z,2022-04-01T16:24:47.778Z,2022-09-23T16:24:58.240Z
chip_255_275,14SKE,2022-03-01T17:44:07.088Z,2022-05-30T17:44:11.442Z,2022-09-27T17:44:10.935Z
chip_106_106,11TNJ,2022-06-15T18:52:16.782Z,2022-06-30T18:52:26.053Z,2022-09-08T18:52:24.230Z
chip_283_558,17SNT,2022-03-04T16:14:02.379Z,2022-05-18T16:13:58.236Z,2022-09-20T16:14:06.282Z
chip_217_328,14SPH,2022-03-15T17:23:17.097Z,2022-06-28T17:23:18.300Z,2022-09-26T17:23:13.550Z
chip_226_484,16SFG,2022-03-20T16:33:12.005Z,2022-07-23T16:33:13.462Z,2022-09-26T16:33:15.835Z
chip_210_482,16SFH,2022-03-28T16:42:46.931Z,2022-05-17T16:42:49.347Z,2022-09-19T16:42:57.943Z
chip_117_503,17TLJ,2022-04-29T16:31:24.943Z,2022-06-23T16:31:24.610Z,2022-09-01T16:31:20.910Z
chip_238_593,18STE,2022-03-21T16:03:28.606Z,2022-04-25T16:03:19.048Z,2022-08-03T16:03:29.936Z
chip_175_401,15TWF,2022-03-27T17:12:15.375Z,2022-04-16T17:12:14.188Z,2022-08-04T17:12:22.692Z
chip_198_395,15SWD,2022-07-12T17:02:55.186Z,2022-08-31T17:02:51.751Z,2022-09-30T17:02:50.103Z
chip_275_475,16SED,2022-03-03T16:43:54.952Z,2022-04-27T16:43:44.290Z,2022-09-19T16:43:59.325Z
chip_202_367,15SUD,2022-03-02T17:12:57.262Z,2022-07-10T17:13:07.352Z,2022-09-28T17:13:01.736Z
chip_292_553,17SMS,2022-03-04T16:14:20.323Z,2022-06-02T16:14:24.437Z,2022-09-25T16:14:17.152Z
chip_163_371,15TUG,2022-03-15T17:22:11.718Z,2022-06-03T17:22:15.683Z,2022-06-28T17:22:12.925Z
chip_207_324,14SNJ,2022-04-17T17:33:02.364Z,2022-07-21T17:33:03.559Z,2022-09-29T17:32:58.191Z
chip_137_495,16TGN,2022-04-12T16:41:36.737Z,2022-06-16T16:41:38.174Z,2022-06-21T16:41:39.287Z
chip_256_356,15STA,2022-03-02T17:13:45.161Z,2022-06-30T17:13:54.581Z,2022-09-28T17:13:48.899Z
chip_325_524,17RKQ,2022-03-27T16:24:51.448Z,2022-05-11T16:24:46.643Z,2022-09-23T16:24:55.833Z
chip_251_445,16SCF,2022-03-01T16:53:22.784Z,2022-06-19T16:53:30.476Z,2022-09-27T16:53:26.267Z
chip_183_378,15TVE,2022-04-16T17:12:32.293Z,2022-08-04T17:12:40.798Z,2022-09-28T17:12:43.597Z
chip_211_308,14SMH,2022-03-28T17:33:19.183Z,2022-06-11T17:33:19.319Z,2022-09-29T17:33:16.289Z
chip_247_590,17SQV,2022-03-21T16:03:30.091Z,2022-06-19T16:03:38.547Z,2022-09-27T16:03:34.104Z
chip_305_343,14SQB,2022-03-12T17:14:45.222Z,2022-06-20T17:14:53.058Z,2022-09-28T17:14:48.451Z
chip_108_352,14TQQ,2022-05-27T17:31:32.072Z,2022-08-05T17:31:35.657Z,2022-09-04T17:31:36.337Z
chip_174_017,10SEH,2022-03-10T19:03:52.873Z,2022-06-23T19:04:07.278Z,2022-09-16T19:03:56.733Z
chip_230_315,14SNG,2022-03-13T17:33:25.476Z,2022-07-11T17:33:31.898Z,2022-09-09T17:33:29.312Z
chip_239_333,14SPG,2022-04-09T17:23:24.690Z,2022-04-14T17:23:30.941Z,2022-07-13T17:23:40.575Z
chip_301_382,15SVS,2022-03-19T17:04:39.346Z,2022-05-28T17:04:43.440Z,2022-09-30T17:04:35.176Z
chip_154_252,13TEG,2022-03-27T18:02:25.325Z,2022-07-25T18:02:32.901Z,2022-09-23T18:02:29.719Z
chip_269_297,14SME,2022-03-03T17:33:57.047Z,2022-05-22T17:34:00.079Z,2022-09-09T17:34:01.941Z
chip_128_317,14TNP,2022-04-02T17:31:42.748Z,2022-07-31T17:31:50.927Z,2022-09-04T17:31:57.900Z
chip_106_415,15TXK,2022-06-20T17:11:28.687Z,2022-09-03T17:11:18.203Z,2022-09-13T17:11:18.766Z
chip_180_238,13TDE,2022-04-21T18:02:50.356Z,2022-06-15T18:03:06.327Z,2022-09-23T18:03:02.472Z
chip_324_334,14SPA,2022-03-10T17:24:52.655Z,2022-05-19T17:24:54.500Z,2022-09-26T17:24:55.094Z
chip_166_459,16TDL,2022-03-21T16:52:08.313Z,2022-07-09T16:52:15.202Z,2022-08-18T16:52:12.424Z
chip_229_292,14SLG,2022-03-01T17:43:34.008Z,2022-06-24T17:43:35.491Z,2022-09-27T17:43:37.853Z
chip_236_335,14SPG,2022-04-09T17:23:24.690Z,2022-04-14T17:23:30.941Z,2022-07-13T17:23:40.575Z
chip_116_447,16TDQ,2022-05-15T16:51:17.294Z,2022-07-09T16:51:17.462Z,2022-07-14T16:51:25.242Z
chip_249_284,14SLF,2022-03-03T17:33:46.260Z,2022-06-06T17:33:57.153Z,2022-09-19T17:33:50.715Z
chip_206_297,14SLJ,2022-03-01T17:43:05.716Z,2022-07-19T17:43:13.994Z,2022-09-27T17:43:09.561Z
chip_038_239,13UDQ,2022-03-30T18:10:30.664Z,2022-08-12T18:10:31.689Z,2022-09-11T18:10:30.322Z
chip_185_483,16TFK,2022-04-17T16:42:17.192Z,2022-06-21T16:42:33.431Z,2022-07-21T16:42:32.636Z
chip_177_408,15TXF,2022-05-13T17:02:16.723Z,2022-07-12T17:02:22.720Z,2022-09-30T17:02:17.640Z
chip_115_338,14TPQ,2022-05-27T17:31:35.657Z,2022-08-05T17:31:39.243Z,2022-09-04T17:31:39.935Z
chip_254_272,14SKF,2022-03-01T17:43:52.746Z,2022-05-30T17:43:57.094Z,2022-09-27T17:43:56.593Z
chip_273_472,16SDD,2022-03-03T16:43:58.991Z,2022-04-27T16:43:48.302Z,2022-06-16T16:43:53.974Z
chip_148_488,16TFM,2022-04-12T16:41:54.888Z,2022-06-16T16:41:56.352Z,2022-09-14T16:41:54.418Z
chip_092_336,14TPR,2022-05-27T17:31:21.247Z,2022-08-10T17:31:17.428Z,2022-09-04T17:31:25.536Z
chip_124_504,17TLJ,2022-04-29T16:31:24.943Z,2022-06-23T16:31:24.610Z,2022-09-01T16:31:20.910Z
chip_056_058,10TFR,2022-06-21T19:11:56.739Z,2022-08-10T19:11:55.798Z,2022-09-24T19:11:59.184Z
chip_205_338,14SPJ,2022-03-15T17:23:02.636Z,2022-06-28T17:23:03.833Z,2022-09-16T17:23:00.524Z
chip_041_089,11TLN,2022-03-05T19:01:24.297Z,2022-08-02T19:01:30.966Z,2022-09-06T19:01:22.169Z
chip_218_437,16SBH,2022-03-16T16:53:05.142Z,2022-03-26T16:53:03.963Z,2022-06-19T16:53:05.668Z
chip_276_565,17SNT,2022-03-04T16:14:02.379Z,2022-05-18T16:13:58.236Z,2022-09-20T16:14:06.282Z
chip_206_287,14SLJ,2022-03-01T17:43:05.716Z,2022-07-19T17:43:13.994Z,2022-09-27T17:43:09.561Z
chip_049_114,11TNN,2022-06-25T18:51:20.586Z,2022-07-30T18:51:25.451Z,2022-08-29T18:51:28.016Z
chip_151_592,18TUL,2022-03-04T16:11:54.772Z,2022-04-30T16:02:00.234Z,2022-09-17T16:02:03.854Z
chip_319_525,17SKR,2022-03-02T16:24:31.364Z,2022-05-11T16:24:32.306Z,2022-06-20T16:24:39.002Z
chip_201_361,15SUD,2022-03-02T17:12:57.262Z,2022-07-10T17:13:07.352Z,2022-09-28T17:13:01.736Z
chip_204_506,17SKC,2022-03-05T16:32:47.451Z,2022-06-23T16:32:54.898Z,2022-09-16T16:32:59.149Z
chip_226_308,14SMG,2022-03-03T17:33:28.163Z,2022-05-27T17:33:38.640Z,2022-09-04T17:33:42.905Z
chip_234_373,15SUB,2022-03-02T17:13:26.997Z,2022-06-30T17:13:36.411Z,2022-09-28T17:13:30.731Z
chip_256_445,16SCE,2022-03-01T16:53:36.816Z,2022-06-19T16:53:44.502Z,2022-09-27T16:53:40.300Z
chip_010_063,10UEU,2022-06-24T19:21:14.054Z,2022-07-29T19:21:18.732Z,2022-09-27T19:21:16.397Z
chip_225_335,14SPH,2022-03-15T17:23:17.097Z,2022-06-28T17:23:18.300Z,2022-09-26T17:23:13.550Z
chip_059_190,12TWT,2022-07-14T18:31:16.736Z,2022-08-08T18:31:08.262Z,2022-09-27T18:31:04.383Z
chip_235_331,14SPG,2022-04-09T17:23:24.690Z,2022-04-14T17:23:30.941Z,2022-07-13T17:23:40.575Z
chip_210_309,14SMJ,2022-04-02T17:32:58.694Z,2022-06-16T17:33:13.142Z,2022-09-04T17:33:13.848Z
chip_184_261,13TFE,2022-03-19T17:52:50.140Z,2022-07-07T17:52:57.049Z,2022-09-30T17:52:59.389Z
chip_262_433,16SBE,2022-03-01T16:53:41.246Z,2022-06-24T16:53:57.039Z,2022-09-27T16:53:44.735Z
chip_304_528,17SKS,2022-03-02T16:24:16.787Z,2022-05-11T16:24:17.732Z,2022-09-23T16:24:26.923Z
chip_327_523,17RKQ,2022-03-27T16:24:51.448Z,2022-05-11T16:24:46.643Z,2022-09-23T16:24:55.833Z
chip_145_393,15TWH,2022-03-27T17:11:46.585Z,2022-04-21T17:11:53.976Z,2022-06-20T17:12:01.314Z
chip_240_587,17SQV,2022-03-21T16:03:30.091Z,2022-06-19T16:03:38.547Z,2022-09-27T16:03:34.104Z
chip_204_417,15SXD,2022-06-17T17:02:58.727Z,2022-06-27T17:03:00.170Z,2022-07-12T17:02:51.831Z
chip_194_400,15TWE,2022-04-16T17:12:28.395Z,2022-07-05T17:12:37.457Z,2022-09-28T17:12:39.688Z
chip_179_579,18STJ,2022-03-04T16:12:27.950Z,2022-03-29T16:12:21.025Z,2022-04-28T16:12:16.790Z
chip_105_332,14TPR,2022-05-27T17:31:21.247Z,2022-08-10T17:31:17.428Z,2022-09-04T17:31:25.536Z
chip_124_302,14TMP,2022-06-19T17:41:58.347Z,2022-07-09T17:41:59.588Z,2022-07-19T17:41:58.325Z
chip_334_505,16RFV,2022-03-05T16:34:47.816Z,2022-04-04T16:34:47.229Z,2022-04-19T16:34:54.650Z
chip_216_337,14SPH,2022-03-15T17:23:17.097Z,2022-06-28T17:23:18.300Z,2022-09-26T17:23:13.550Z
chip_063_120,11TNM,2022-06-25T18:51:35.051Z,2022-07-25T18:51:35.110Z,2022-08-29T18:51:42.486Z
chip_097_327,14TNR,2022-03-26T17:41:11.193Z,2022-08-08T17:41:25.525Z,2022-09-12T17:41:15.871Z
chip_219_478,16SEH,2022-03-13T16:42:57.934Z,2022-06-21T16:43:05.949Z,2022-09-19T16:43:01.935Z
chip_287_453,16SCC,2022-03-03T16:44:16.894Z,2022-04-27T16:44:06.210Z,2022-09-29T16:44:20.521Z
chip_236_289,14SLG,2022-03-01T17:43:34.008Z,2022-06-24T17:43:35.491Z,2022-09-27T17:43:37.853Z
chip_135_472,16TEN,2022-04-17T16:41:37.040Z,2022-06-21T16:41:53.301Z,2022-09-19T16:41:49.278Z
chip_252_274,14SKF,2022-03-01T17:43:52.746Z,2022-05-30T17:43:57.094Z,2022-09-27T17:43:56.593Z
chip_130_508,17TLH,2022-04-14T16:31:30.600Z,2022-06-18T16:31:45.821Z,2022-09-01T16:31:35.443Z
chip_195_366,15TUE,2022-03-15T17:22:39.962Z,2022-06-03T17:22:43.933Z,2022-09-26T17:22:36.421Z
chip_335_506,16RFV,2022-03-05T16:34:47.816Z,2022-04-04T16:34:47.229Z,2022-04-19T16:34:54.650Z
chip_182_412,15TXE,2022-07-12T17:02:37.322Z,2022-09-20T17:02:34.300Z,2022-09-30T17:02:32.251Z
chip_198_478,16SEJ,2022-05-17T16:42:38.775Z,2022-06-21T16:42:51.385Z,2022-07-21T16:42:50.590Z
chip_151_539,17TNF,2022-05-11T16:21:56.886Z,2022-06-30T16:22:04.256Z,2022-07-10T16:22:03.764Z
chip_130_381,15TVJ,2022-03-15T17:21:38.802Z,2022-07-18T17:21:39.721Z,2022-09-11T17:21:45.385Z
chip_263_288,14SLE,2022-03-03T17:34:00.597Z,2022-05-02T17:33:58.054Z,2022-09-09T17:34:05.488Z
chip_154_476,16TFM,2022-04-12T16:41:54.888Z,2022-06-16T16:41:56.352Z,2022-09-14T16:41:54.418Z
chip_054_201,12TXT,2022-06-16T18:21:07.814Z,2022-07-21T18:21:15.165Z,2022-08-30T18:21:16.286Z
chip_138_442,16TCN,2022-05-13T17:01:40.144Z,2022-06-27T17:01:54.466Z,2022-09-30T17:01:41.069Z
chip_262_413,15SXV,2022-03-04T17:03:42.371Z,2022-07-22T17:03:50.165Z,2022-09-30T17:03:44.502Z
chip_179_308,14TML,2022-03-01T17:42:32.803Z,2022-07-09T17:42:42.324Z,2022-09-27T17:42:36.645Z
chip_165_468,16TEL,2022-04-27T16:42:03.179Z,2022-06-21T16:42:22.255Z,2022-09-14T16:42:12.150Z
chip_216_467,16SEH,2022-03-13T16:42:57.934Z,2022-06-21T16:43:05.949Z,2022-09-19T16:43:01.935Z
chip_302_542,17SLR,2022-03-27T16:24:33.268Z,2022-05-11T16:24:28.467Z,2022-06-20T16:24:35.156Z
chip_347_343,14RQU,2022-04-06T17:15:21.916Z,2022-05-26T17:15:25.232Z,2022-09-28T17:15:32.364Z
chip_126_478,16TFP,2022-05-07T16:41:19.793Z,2022-06-16T16:41:27.310Z,2022-09-09T16:41:34.405Z
chip_165_419,15TYF,2022-03-09T17:02:19.067Z,2022-07-12T17:02:19.443Z,2022-09-30T17:02:14.367Z
chip_067_077,10TGR,2022-06-28T19:01:57.264Z,2022-08-17T19:01:54.352Z,2022-09-26T19:01:52.484Z
chip_106_107,11TNJ,2022-06-15T18:52:16.782Z,2022-06-30T18:52:26.053Z,2022-09-08T18:52:24.230Z
chip_231_287,14SLG,2022-03-01T17:43:34.008Z,2022-06-24T17:43:35.491Z,2022-09-27T17:43:37.853Z
chip_198_016,10SFF,2022-03-10T19:04:18.391Z,2022-06-13T19:04:30.750Z,2022-09-16T19:04:22.258Z
chip_217_427,15SYC,2022-03-01T16:52:58.989Z,2022-06-19T16:53:06.682Z,2022-09-27T16:53:02.464Z
chip_344_537,17RLP,2022-03-02T16:24:55.906Z,2022-03-27T16:25:01.647Z,2022-05-11T16:24:56.852Z
chip_177_339,14TPL,2022-03-08T17:32:29.975Z,2022-07-21T17:32:30.951Z,2022-09-29T17:32:25.582Z
chip_079_095,11TMK,2022-07-20T18:52:14.123Z,2022-07-25T18:52:07.708Z,2022-09-23T18:52:03.589Z
chip_239_363,15SUB,2022-03-02T17:13:26.997Z,2022-06-30T17:13:36.411Z,2022-09-28T17:13:30.731Z
chip_141_493,16TGN,2022-04-12T16:41:36.737Z,2022-06-16T16:41:38.174Z,2022-06-21T16:41:39.287Z
chip_316_514,16SGA,2022-03-02T16:24:33.589Z,2022-05-11T16:24:34.530Z,2022-06-20T16:24:41.224Z
chip_247_580,17SPV,2022-03-04T16:13:29.972Z,2022-04-23T16:13:31.045Z,2022-08-31T16:13:38.481Z
chip_150_481,16TFM,2022-04-12T16:41:54.888Z,2022-06-16T16:41:56.352Z,2022-09-14T16:41:54.418Z
chip_155_412,15TXG,2022-06-02T17:02:03.203Z,2022-06-27T17:02:16.391Z,2022-09-30T17:02:02.980Z
chip_079_235,13TDM,2022-03-30T18:11:13.610Z,2022-07-13T18:11:15.564Z,2022-09-26T18:11:18.500Z
chip_124_123,11TPH,2022-07-22T18:42:32.805Z,2022-09-10T18:42:29.750Z,2022-09-25T18:42:34.937Z
chip_241_469,16SDF,2022-03-03T16:43:29.996Z,2022-06-21T16:43:38.389Z,2022-09-29T16:43:33.623Z
chip_341_534,17RKP,2022-03-02T16:25:00.171Z,2022-04-11T16:24:59.947Z,2022-09-23T16:25:10.300Z
chip_068_351,14TQT,2022-04-27T17:30:46.503Z,2022-06-06T17:30:49.308Z,2022-08-30T17:30:39.524Z
chip_127_480,16TFP,2022-05-07T16:41:19.793Z,2022-06-16T16:41:27.310Z,2022-09-09T16:41:34.405Z
chip_238_463,16SDF,2022-03-03T16:43:29.996Z,2022-06-21T16:43:38.389Z,2022-09-29T16:43:33.623Z
chip_209_445,16SCH,2022-03-16T16:53:01.377Z,2022-06-19T16:53:01.903Z,2022-09-12T16:53:07.791Z
chip_212_296,14SLH,2022-03-01T17:43:20.009Z,2022-06-29T17:43:29.475Z,2022-09-27T17:43:23.855Z
chip_127_499,16TGN,2022-04-12T16:41:36.737Z,2022-06-16T16:41:38.174Z,2022-06-21T16:41:39.287Z
chip_093_104,11TNK,2022-03-12T18:52:02.885Z,2022-07-25T18:52:03.876Z,2022-09-23T18:51:59.759Z
chip_344_415,15RXQ,2022-03-26T16:55:04.786Z,2022-06-24T16:55:14.567Z,2022-09-27T16:55:02.277Z
chip_106_406,15TXK,2022-06-20T17:11:28.687Z,2022-09-03T17:11:18.203Z,2022-09-13T17:11:18.766Z
chip_274_466,16SDD,2022-03-03T16:43:58.991Z,2022-04-27T16:43:48.302Z,2022-06-16T16:43:53.974Z
chip_123_507,17TLJ,2022-04-29T16:31:24.943Z,2022-06-23T16:31:24.610Z,2022-09-01T16:31:20.910Z
chip_237_449,16SCG,2022-03-26T16:53:14.506Z,2022-05-20T16:53:11.761Z,2022-08-13T16:53:24.156Z
chip_165_404,15TXF,2022-05-13T17:02:16.723Z,2022-07-12T17:02:22.720Z,2022-09-30T17:02:17.640Z
chip_248_588,17SQV,2022-03-21T16:03:30.091Z,2022-06-19T16:03:38.547Z,2022-09-27T16:03:34.104Z
chip_115_604,18TWN,2022-04-30T16:01:23.795Z,2022-07-09T16:01:29.855Z,2022-09-02T16:01:19.940Z
chip_269_420,15SXV,2022-03-04T17:03:42.371Z,2022-07-22T17:03:50.165Z,2022-09-30T17:03:44.502Z
chip_220_479,16SEG,2022-03-03T16:43:11.989Z,2022-05-17T16:43:07.763Z,2022-07-21T16:43:19.572Z
chip_239_430,16SBF,2022-04-10T16:53:26.868Z,2022-06-19T16:53:34.519Z,2022-09-12T16:53:40.407Z
chip_186_348,14TQK,2022-04-14T17:22:44.046Z,2022-06-28T17:22:46.150Z,2022-08-02T17:22:51.532Z
chip_175_515,17TLE,2022-05-09T16:32:21.253Z,2022-06-03T16:32:17.171Z,2022-06-18T16:32:28.798Z
chip_159_405,15TXG,2022-06-02T17:02:03.203Z,2022-06-27T17:02:16.391Z,2022-09-30T17:02:02.980Z
chip_113_329,14TNQ,2022-03-01T17:41:31.513Z,2022-07-19T17:41:39.786Z,2022-09-12T17:41:30.070Z
chip_059_259,13TEN,2022-05-26T18:01:03.556Z,2022-08-09T18:01:00.004Z,2022-09-28T18:00:56.021Z
chip_369_343,14RQT,2022-03-02T17:15:43.242Z,2022-03-12T17:15:43.754Z,2022-05-16T17:15:38.928Z
chip_311_519,17SKR,2022-03-02T16:24:31.364Z,2022-05-11T16:24:32.306Z,2022-06-20T16:24:39.002Z
chip_127_127,11TQH,2022-03-24T18:42:21.471Z,2022-08-03T18:32:38.581Z,2022-09-27T18:32:27.968Z
chip_162_479,16TFL,2022-04-17T16:42:02.666Z,2022-06-21T16:42:18.902Z,2022-09-14T16:42:08.803Z
chip_193_315,14TNK,2022-03-28T17:32:46.713Z,2022-08-05T17:32:55.308Z,2022-09-24T17:32:45.242Z
chip_079_345,14TPS,2022-05-27T17:31:06.526Z,2022-08-10T17:31:02.702Z,2022-09-04T17:31:10.818Z
chip_164_468,16TEL,2022-04-27T16:42:03.179Z,2022-06-21T16:42:22.255Z,2022-09-14T16:42:12.150Z
chip_257_264,13SGV,2022-03-26T17:44:02.711Z,2022-06-24T17:44:10.306Z,2022-09-27T17:44:12.666Z
chip_194_502,16SGJ,2022-03-05T16:32:33.816Z,2022-06-03T16:32:36.330Z,2022-06-23T16:32:41.266Z
chip_187_482,16TFK,2022-04-17T16:42:17.192Z,2022-06-21T16:42:33.431Z,2022-07-21T16:42:32.636Z
chip_232_287,14SLG,2022-03-01T17:43:34.008Z,2022-06-24T17:43:35.491Z,2022-09-27T17:43:37.853Z
chip_129_381,15TVJ,2022-03-15T17:21:38.802Z,2022-07-18T17:21:39.721Z,2022-09-11T17:21:45.385Z
chip_147_440,16TCN,2022-05-13T17:01:40.144Z,2022-06-27T17:01:54.466Z,2022-09-30T17:01:41.069Z
chip_376_348,14RQT,2022-03-02T17:15:43.242Z,2022-03-12T17:15:43.754Z,2022-05-16T17:15:38.928Z
chip_124_337,14TPP,2022-05-27T17:31:50.277Z,2022-07-01T17:31:47.928Z,2022-07-21T17:31:47.756Z
chip_189_515,17SLD,2022-05-09T16:32:35.471Z,2022-06-18T16:32:43.002Z,2022-06-23T16:32:36.304Z
chip_148_469,16TEM,2022-05-07T16:41:52.147Z,2022-06-16T16:41:59.644Z,2022-07-21T16:42:07.033Z
chip_224_373,15SUC,2022-04-26T17:13:02.159Z,2022-07-10T17:13:21.748Z,2022-09-13T17:13:10.818Z
chip_100_330,14TNR,2022-03-26T17:41:11.193Z,2022-08-08T17:41:25.525Z,2022-09-12T17:41:15.871Z
chip_319_542,17RLQ,2022-03-02T16:24:41.634Z,2022-04-11T16:24:41.412Z,2022-09-23T16:24:51.764Z
chip_247_333,14SPF,2022-03-15T17:23:46.321Z,2022-07-18T17:23:47.230Z,2022-09-26T17:23:42.780Z
chip_210_331,14SPJ,2022-03-15T17:23:02.636Z,2022-06-28T17:23:03.833Z,2022-09-16T17:23:00.524Z
chip_197_361,15SUD,2022-03-02T17:12:57.262Z,2022-07-10T17:13:07.352Z,2022-09-28T17:13:01.736Z
chip_306_425,15SYS,2022-03-01T16:54:26.447Z,2022-06-19T16:54:34.137Z,2022-09-27T16:54:29.939Z
chip_104_104,11TNJ,2022-06-15T18:52:16.782Z,2022-06-30T18:52:26.053Z,2022-09-08T18:52:24.230Z
chip_283_262,13SGU,2022-03-01T17:44:23.180Z,2022-05-30T17:44:27.524Z,2022-09-07T17:44:31.086Z
chip_234_337,14SPG,2022-04-09T17:23:24.690Z,2022-04-14T17:23:30.941Z,2022-07-13T17:23:40.575Z
chip_153_405,15TXG,2022-06-02T17:02:03.203Z,2022-06-27T17:02:16.391Z,2022-09-30T17:02:02.980Z
chip_089_589,18TVQ,2022-03-29T16:10:46.721Z,2022-07-02T16:11:02.903Z,2022-09-10T16:11:00.610Z
chip_119_321,14TNQ,2022-03-01T17:41:31.513Z,2022-07-19T17:41:39.786Z,2022-09-12T17:41:30.070Z
chip_256_278,14SKE,2022-03-01T17:44:07.088Z,2022-05-30T17:44:11.442Z,2022-09-27T17:44:10.935Z
chip_164_477,16TFL,2022-04-17T16:42:02.666Z,2022-06-21T16:42:18.902Z,2022-09-14T16:42:08.803Z
chip_295_535,17SLS,2022-03-02T16:24:13.087Z,2022-05-11T16:24:14.032Z,2022-09-23T16:24:23.219Z
chip_379_328,14RPS,2022-03-12T17:16:01.235Z,2022-05-26T17:15:57.325Z,2022-09-28T17:16:04.455Z
chip_170_585,18TUK,2022-03-16T16:02:07.538Z,2022-06-19T16:02:21.115Z,2022-08-18T16:02:22.029Z
chip_052_076,10TGS,2022-03-05T19:01:41.234Z,2022-08-07T19:01:41.513Z,2022-09-26T19:01:37.724Z
chip_209_449,16SCH,2022-03-16T16:53:01.377Z,2022-06-19T16:53:01.903Z,2022-09-12T16:53:07.791Z
chip_225_333,14SPH,2022-03-15T17:23:17.097Z,2022-06-28T17:23:18.300Z,2022-09-26T17:23:13.550Z
chip_262_414,15SXV,2022-03-04T17:03:42.371Z,2022-07-22T17:03:50.165Z,2022-09-30T17:03:44.502Z
chip_219_328,14SPH,2022-03-15T17:23:17.097Z,2022-06-28T17:23:18.300Z,2022-09-26T17:23:13.550Z
chip_117_114,11TPH,2022-07-22T18:42:32.805Z,2022-09-10T18:42:29.750Z,2022-09-25T18:42:34.937Z
chip_240_332,14SPG,2022-04-09T17:23:24.690Z,2022-04-14T17:23:30.941Z,2022-07-13T17:23:40.575Z
chip_086_360,15TUM,2022-04-27T17:30:57.572Z,2022-06-23T17:21:08.406Z,2022-09-11T17:21:06.574Z
chip_223_294,14SLH,2022-03-01T17:43:20.009Z,2022-06-29T17:43:29.475Z,2022-09-27T17:43:23.855Z
chip_198_366,15SUD,2022-03-02T17:12:57.262Z,2022-07-10T17:13:07.352Z,2022-09-28T17:13:01.736Z
chip_232_265,13SGB,2022-03-01T17:43:39.643Z,2022-06-14T17:43:39.653Z,2022-09-17T17:43:44.945Z
chip_213_439,16SCH,2022-03-16T16:53:01.377Z,2022-06-19T16:53:01.903Z,2022-09-12T16:53:07.791Z
chip_123_343,14TPP,2022-05-27T17:31:50.277Z,2022-07-01T17:31:47.928Z,2022-07-21T17:31:47.756Z
chip_134_510,17TLH,2022-04-14T16:31:30.600Z,2022-06-18T16:31:45.821Z,2022-09-01T16:31:35.443Z
chip_132_426,15TYJ,2022-05-13T17:01:29.790Z,2022-07-12T17:01:35.794Z,2022-09-30T17:01:30.715Z
chip_073_268,13TFN,2022-03-17T18:00:56.347Z,2022-07-20T18:00:57.574Z,2022-09-18T18:00:54.220Z
chip_257_441,16SBE,2022-03-01T16:53:41.246Z,2022-06-24T16:53:57.039Z,2022-09-27T16:53:44.735Z
chip_343_535,17RKP,2022-03-02T16:25:00.171Z,2022-04-11T16:24:59.947Z,2022-09-23T16:25:10.300Z
chip_253_274,14SKF,2022-03-01T17:43:52.746Z,2022-05-30T17:43:57.094Z,2022-09-27T17:43:56.593Z
chip_232_024,10SGD,2022-03-02T18:54:54.041Z,2022-05-01T18:54:55.558Z,2022-09-28T18:54:57.776Z
chip_207_451,16SCH,2022-03-16T16:53:01.377Z,2022-06-19T16:53:01.903Z,2022-09-12T16:53:07.791Z
chip_214_424,15SYC,2022-03-01T16:52:58.989Z,2022-06-19T16:53:06.682Z,2022-09-27T16:53:02.464Z
chip_252_583,17SQU,2022-03-21T16:03:44.609Z,2022-04-20T16:03:45.747Z,2022-04-25T16:03:35.059Z
chip_230_286,14SLG,2022-03-01T17:43:34.008Z,2022-06-24T17:43:35.491Z,2022-09-27T17:43:37.853Z
chip_127_317,14TNP,2022-04-02T17:31:42.748Z,2022-07-31T17:31:50.927Z,2022-09-04T17:31:57.900Z
chip_034_191,12UWV,2022-07-19T18:30:40.423Z,2022-08-18T18:30:37.469Z,2022-09-27T18:30:35.632Z
chip_154_489,16TFM,2022-04-12T16:41:54.888Z,2022-06-16T16:41:56.352Z,2022-09-14T16:41:54.418Z
chip_312_476,16SDA,2022-03-13T16:44:42.559Z,2022-09-14T16:44:40.491Z,2022-09-29T16:44:45.823Z
chip_216_280,14SKH,2022-03-01T17:43:24.108Z,2022-06-14T17:43:24.122Z,2022-09-27T17:43:27.953Z
chip_298_454,16SCB,2022-03-13T16:44:31.829Z,2022-09-14T16:44:29.740Z,2022-09-29T16:44:35.077Z
chip_220_184,12SXG,2022-04-29T18:13:52.310Z,2022-06-08T18:13:55.834Z,2022-07-13T18:13:51.418Z
chip_142_497,16TGN,2022-04-12T16:41:36.737Z,2022-06-16T16:41:38.174Z,2022-06-21T16:41:39.287Z
chip_223_330,14SPH,2022-03-15T17:23:17.097Z,2022-06-28T17:23:18.300Z,2022-09-26T17:23:13.550Z
chip_181_507,17TKE,2022-05-09T16:32:25.289Z,2022-06-18T16:32:32.848Z,2022-07-03T16:32:26.460Z
chip_218_432,16SBH,2022-03-16T16:53:05.142Z,2022-03-26T16:53:03.963Z,2022-06-19T16:53:05.668Z
chip_243_263,13SGA,2022-03-01T17:43:54.149Z,2022-05-30T17:43:58.495Z,2022-09-17T17:43:59.457Z
chip_207_457,16SDH,2022-03-13T16:43:01.398Z,2022-07-21T16:43:08.614Z,2022-09-24T16:42:58.140Z
chip_351_539,17RLN,2022-03-04T16:15:21.845Z,2022-04-03T16:15:19.738Z,2022-04-08T16:15:14.899Z
chip_218_292,14SLH,2022-03-01T17:43:20.009Z,2022-06-29T17:43:29.475Z,2022-09-27T17:43:23.855Z
chip_130_509,17TLH,2022-04-14T16:31:30.600Z,2022-06-18T16:31:45.821Z,2022-09-01T16:31:35.443Z
chip_265_482,16SED,2022-03-03T16:43:54.952Z,2022-04-27T16:43:44.290Z,2022-09-19T16:43:59.325Z
chip_159_618,18TWK,2022-04-02T15:52:02.248Z,2022-06-26T15:52:18.264Z,2022-09-19T15:52:07.117Z
chip_091_253,13TEL,2022-03-17T18:01:28.924Z,2022-08-04T18:01:36.119Z,2022-09-18T18:01:26.805Z
chip_177_243,13TEE,2022-04-18T17:52:50.986Z,2022-07-02T17:53:08.431Z,2022-09-05T17:52:57.041Z
chip_132_471,16TEN,2022-04-17T16:41:37.040Z,2022-06-21T16:41:53.301Z,2022-09-19T16:41:49.278Z
chip_037_107,11TMN,2022-06-23T19:01:28.505Z,2022-08-07T19:01:20.304Z,2022-09-26T19:01:16.515Z
chip_236_336,14SPG,2022-04-09T17:23:24.690Z,2022-04-14T17:23:30.941Z,2022-07-13T17:23:40.575Z
chip_167_340,14TPL,2022-03-08T17:32:29.975Z,2022-07-21T17:32:30.951Z,2022-09-29T17:32:25.582Z
chip_240_273,14SKF,2022-03-01T17:43:52.746Z,2022-05-30T17:43:57.094Z,2022-09-27T17:43:56.593Z
chip_323_522,17RKQ,2022-03-27T16:24:51.448Z,2022-05-11T16:24:46.643Z,2022-09-23T16:24:55.833Z
chip_134_423,15TYJ,2022-05-13T17:01:29.790Z,2022-07-12T17:01:35.794Z,2022-09-30T17:01:30.715Z
chip_152_471,16TEM,2022-05-07T16:41:52.147Z,2022-06-16T16:41:59.644Z,2022-07-21T16:42:07.033Z
chip_419_322,14RPQ,2022-03-22T17:16:29.422Z,2022-06-05T17:16:27.113Z,2022-09-08T17:16:37.490Z
chip_160_591,18TUK,2022-03-16T16:02:07.538Z,2022-06-19T16:02:21.115Z,2022-08-18T16:02:22.029Z
chip_209_312,14SMJ,2022-04-02T17:32:58.694Z,2022-06-16T17:33:13.142Z,2022-09-04T17:33:13.848Z
chip_162_592,18TUK,2022-03-16T16:02:07.538Z,2022-06-19T16:02:21.115Z,2022-08-18T16:02:22.029Z
chip_110_429,16TCQ,2022-05-13T17:01:11.858Z,2022-06-27T17:01:26.198Z,2022-09-30T17:01:12.779Z
chip_109_471,16TEQ,2022-04-10T16:51:05.702Z,2022-07-09T16:51:13.756Z,2022-07-14T16:51:21.531Z
chip_314_515,16SGA,2022-03-02T16:24:33.589Z,2022-05-11T16:24:34.530Z,2022-06-20T16:24:41.224Z
chip_145_498,16TGM,2022-03-20T16:31:55.982Z,2022-06-18T16:32:04.108Z,2022-09-01T16:31:53.729Z
chip_062_257,13TEN,2022-05-26T18:01:03.556Z,2022-08-09T18:01:00.004Z,2022-09-28T18:00:56.021Z
chip_249_337,14SPF,2022-03-15T17:23:46.321Z,2022-07-18T17:23:47.230Z,2022-09-26T17:23:42.780Z
chip_171_586,18TUK,2022-03-16T16:02:07.538Z,2022-06-19T16:02:21.115Z,2022-08-18T16:02:22.029Z
chip_304_343,14SQB,2022-03-12T17:14:45.222Z,2022-06-20T17:14:53.058Z,2022-09-28T17:14:48.451Z
chip_213_332,14SPH,2022-03-15T17:23:17.097Z,2022-06-28T17:23:18.300Z,2022-09-26T17:23:13.550Z
chip_328_501,16RFV,2022-03-05T16:34:47.816Z,2022-04-04T16:34:47.229Z,2022-04-19T16:34:54.650Z
chip_205_288,14SLJ,2022-03-01T17:43:05.716Z,2022-07-19T17:43:13.994Z,2022-09-27T17:43:09.561Z
chip_092_320,14TNR,2022-03-26T17:41:11.193Z,2022-08-08T17:41:25.525Z,2022-09-12T17:41:15.871Z
chip_101_357,14TQR,2022-05-27T17:31:17.799Z,2022-08-10T17:31:13.982Z,2022-09-04T17:31:22.080Z
chip_253_587,17SQU,2022-03-21T16:03:44.609Z,2022-04-20T16:03:45.747Z,2022-04-25T16:03:35.059Z
chip_061_190,12TWT,2022-07-14T18:31:16.736Z,2022-08-08T18:31:08.262Z,2022-09-27T18:31:04.383Z
chip_238_466,16SDF,2022-03-03T16:43:29.996Z,2022-06-21T16:43:38.389Z,2022-09-29T16:43:33.623Z
chip_239_591,18STE,2022-03-21T16:03:28.606Z,2022-04-25T16:03:19.048Z,2022-08-03T16:03:29.936Z
chip_193_330,14TPK,2022-03-03T17:32:37.196Z,2022-06-21T17:32:44.758Z,2022-09-29T17:32:39.763Z
chip_196_362,15TUE,2022-03-15T17:22:39.962Z,2022-06-03T17:22:43.933Z,2022-09-26T17:22:36.421Z
chip_135_497,16TGN,2022-04-12T16:41:36.737Z,2022-06-16T16:41:38.174Z,2022-06-21T16:41:39.287Z
chip_234_334,14SPG,2022-04-09T17:23:24.690Z,2022-04-14T17:23:30.941Z,2022-07-13T17:23:40.575Z
chip_232_279,14SKG,2022-03-01T17:43:38.485Z,2022-05-30T17:43:42.836Z,2022-09-27T17:43:42.329Z
chip_126_491,16TGP,2022-05-07T16:41:16.393Z,2022-06-21T16:41:31.935Z,2022-09-09T16:41:30.995Z
chip_247_584,17SQV,2022-03-21T16:03:30.091Z,2022-06-19T16:03:38.547Z,2022-09-27T16:03:34.104Z
chip_130_430,15TYJ,2022-05-13T17:01:29.790Z,2022-07-12T17:01:35.794Z,2022-09-30T17:01:30.715Z
chip_257_268,13SGV,2022-03-26T17:44:02.711Z,2022-06-24T17:44:10.306Z,2022-09-27T17:44:12.666Z
chip_374_298,14RMT,2022-03-10T17:25:43.318Z,2022-03-30T17:25:41.996Z,2022-06-08T17:25:47.148Z
chip_183_604,18SVJ,2022-03-11T16:02:24.161Z,2022-06-19T16:02:31.799Z,2022-09-27T16:02:27.348Z
chip_047_172,12TVT,2022-07-14T18:31:19.339Z,2022-08-08T18:31:12.166Z,2022-09-02T18:31:20.226Z
chip_179_605,18SVJ,2022-03-11T16:02:24.161Z,2022-06-19T16:02:31.799Z,2022-09-27T16:02:27.348Z
chip_132_506,17TLH,2022-04-14T16:31:30.600Z,2022-06-18T16:31:45.821Z,2022-09-01T16:31:35.443Z
chip_187_405,15TXE,2022-07-12T17:02:37.322Z,2022-09-20T17:02:34.300Z,2022-09-30T17:02:32.251Z
chip_322_534,17RLQ,2022-03-02T16:24:41.634Z,2022-04-11T16:24:41.412Z,2022-09-23T16:24:51.764Z
chip_165_516,17TLF,2022-04-14T16:31:59.291Z,2022-06-18T16:32:14.503Z,2022-07-03T16:32:08.113Z
chip_324_316,14SNA,2022-03-10T17:24:56.332Z,2022-05-14T17:25:02.591Z,2022-09-26T17:24:58.773Z
chip_333_507,16RFV,2022-03-05T16:34:47.816Z,2022-04-04T16:34:47.229Z,2022-04-19T16:34:54.650Z
chip_254_587,17SQU,2022-03-21T16:03:44.609Z,2022-04-20T16:03:45.747Z,2022-04-25T16:03:35.059Z
chip_155_402,15TWG,2022-03-27T17:12:00.874Z,2022-04-26T17:11:57.037Z,2022-06-20T17:12:15.595Z
chip_283_281,14SLD,2022-03-03T17:34:15.188Z,2022-05-02T17:34:12.631Z,2022-09-29T17:34:17.765Z
chip_308_484,16SEB,2022-03-10T16:34:28.686Z,2022-05-09T16:34:28.590Z,2022-09-26T16:34:31.836Z
chip_025_082,10UGU,2022-06-26T19:11:17.733Z,2022-08-15T19:11:17.526Z,2022-09-24T19:11:12.152Z
chip_210_429,16SBH,2022-03-16T16:53:05.142Z,2022-03-26T16:53:03.963Z,2022-06-19T16:53:05.668Z
chip_069_196,12TXS,2022-06-16T18:21:22.237Z,2022-07-31T18:21:28.436Z,2022-09-04T18:21:19.902Z
chip_299_360,15STT,2022-03-02T17:14:28.402Z,2022-05-06T17:14:20.844Z,2022-09-28T17:14:32.136Z
chip_219_309,14SMH,2022-03-28T17:33:19.183Z,2022-06-11T17:33:19.319Z,2022-09-29T17:33:16.289Z
chip_126_497,16TGP,2022-05-07T16:41:16.393Z,2022-06-21T16:41:31.935Z,2022-09-09T16:41:30.995Z
chip_034_146,11UPP,2022-07-30T18:51:07.241Z,2022-08-14T18:51:00.339Z,2022-08-29T18:51:09.825Z
chip_057_195,12TWT,2022-07-14T18:31:16.736Z,2022-08-08T18:31:08.262Z,2022-09-27T18:31:04.383Z
chip_119_323,14TNQ,2022-03-01T17:41:31.513Z,2022-07-19T17:41:39.786Z,2022-09-12T17:41:30.070Z
chip_160_532,17TMF,2022-03-02T16:21:59.411Z,2022-06-30T16:22:07.704Z,2022-07-10T16:22:07.211Z
chip_133_483,16TFN,2022-04-12T16:41:40.271Z,2022-06-16T16:41:41.717Z,2022-06-21T16:41:49.903Z
chip_124_439,16TCP,2022-06-17T17:01:39.034Z,2022-06-22T17:01:32.473Z,2022-06-27T17:01:40.491Z
chip_217_432,16SBH,2022-03-16T16:53:05.142Z,2022-03-26T16:53:03.963Z,2022-06-19T16:53:05.668Z
chip_119_125,11TPH,2022-07-22T18:42:32.805Z,2022-09-10T18:42:29.750Z,2022-09-25T18:42:34.937Z
chip_210_466,16SDH,2022-03-13T16:43:01.398Z,2022-07-21T16:43:08.614Z,2022-09-24T16:42:58.140Z
chip_145_338,14TPN,2022-03-13T17:31:55.235Z,2022-06-26T17:32:09.784Z,2022-09-04T17:32:08.918Z
chip_189_406,15TXE,2022-07-12T17:02:37.322Z,2022-09-20T17:02:34.300Z,2022-09-30T17:02:32.251Z
chip_221_321,14SNH,2022-03-03T17:33:10.094Z,2022-03-28T17:33:15.559Z,2022-09-04T17:33:24.834Z
chip_268_410,15SXV,2022-03-04T17:03:42.371Z,2022-07-22T17:03:50.165Z,2022-09-30T17:03:44.502Z
chip_094_339,14TPR,2022-05-27T17:31:21.247Z,2022-08-10T17:31:17.428Z,2022-09-04T17:31:25.536Z
chip_180_240,13TEE,2022-04-18T17:52:50.986Z,2022-07-02T17:53:08.431Z,2022-09-05T17:52:57.041Z
chip_121_492,16TGP,2022-05-07T16:41:16.393Z,2022-06-21T16:41:31.935Z,2022-09-09T16:41:30.995Z
chip_117_448,16TDP,2022-06-09T16:51:29.385Z,2022-07-09T16:51:32.085Z,2022-07-14T16:51:39.868Z
chip_341_533,17RKP,2022-03-02T16:25:00.171Z,2022-04-11T16:24:59.947Z,2022-09-23T16:25:10.300Z
chip_221_311,14SMH,2022-03-28T17:33:19.183Z,2022-06-11T17:33:19.319Z,2022-09-29T17:33:16.289Z
chip_177_517,17TLE,2022-05-09T16:32:21.253Z,2022-06-03T16:32:17.171Z,2022-06-18T16:32:28.798Z
chip_115_448,16TDQ,2022-05-15T16:51:17.294Z,2022-07-09T16:51:17.462Z,2022-07-14T16:51:25.242Z
chip_101_318,14TNR,2022-03-26T17:41:11.193Z,2022-08-08T17:41:25.525Z,2022-09-12T17:41:15.871Z
chip_219_603,18SUF,2022-03-21T16:03:10.397Z,2022-06-19T16:03:18.846Z,2022-09-27T16:03:14.413Z
chip_179_263,13TFE,2022-03-19T17:52:50.140Z,2022-07-07T17:52:57.049Z,2022-09-30T17:52:59.389Z
chip_256_267,13SGV,2022-03-26T17:44:02.711Z,2022-06-24T17:44:10.306Z,2022-09-27T17:44:12.666Z
chip_130_426,15TYJ,2022-05-13T17:01:29.790Z,2022-07-12T17:01:35.794Z,2022-09-30T17:01:30.715Z
chip_229_298,14SMG,2022-03-03T17:33:28.163Z,2022-05-27T17:33:38.640Z,2022-09-04T17:33:42.905Z
chip_228_469,16SEG,2022-03-03T16:43:11.989Z,2022-05-17T16:43:07.763Z,2022-07-21T16:43:19.572Z
chip_203_268,13SGD,2022-03-01T17:43:10.258Z,2022-07-09T17:43:19.789Z,2022-09-27T17:43:14.103Z
chip_049_045,10TER,2022-04-07T19:11:49.438Z,2022-08-15T19:12:08.202Z,2022-09-24T19:12:02.812Z
chip_154_480,16TFM,2022-04-12T16:41:54.888Z,2022-06-16T16:41:56.352Z,2022-09-14T16:41:54.418Z
chip_165_402,15TWF,2022-03-27T17:12:15.375Z,2022-04-16T17:12:14.188Z,2022-08-04T17:12:22.692Z
chip_165_601,18TVK,2022-03-16T16:02:03.926Z,2022-06-19T16:02:17.493Z,2022-08-18T16:02:18.409Z
chip_219_429,16SBH,2022-03-16T16:53:05.142Z,2022-03-26T16:53:03.963Z,2022-06-19T16:53:05.668Z
chip_236_595,18STE,2022-03-21T16:03:28.606Z,2022-04-25T16:03:19.048Z,2022-08-03T16:03:29.936Z
chip_325_500,16RFV,2022-03-05T16:34:47.816Z,2022-04-04T16:34:47.229Z,2022-04-19T16:34:54.650Z
chip_176_587,18SUJ,2022-03-11T16:02:27.937Z,2022-06-19T16:02:35.577Z,2022-09-17T16:02:32.618Z
chip_269_370,15SUV,2022-04-01T17:13:54.327Z,2022-07-05T17:13:57.327Z,2022-09-23T17:13:53.236Z
chip_283_432,15SYU,2022-06-29T16:54:05.735Z,2022-08-13T16:54:12.905Z,2022-09-12T16:54:10.858Z
chip_197_311,14SMJ,2022-04-02T17:32:58.694Z,2022-06-16T17:33:13.142Z,2022-09-04T17:33:13.848Z
chip_198_457,16SDJ,2022-03-16T16:52:42.739Z,2022-06-29T16:52:44.029Z,2022-09-27T16:52:39.052Z
chip_215_327,14SNH,2022-03-03T17:33:10.094Z,2022-03-28T17:33:15.559Z,2022-09-04T17:33:24.834Z
chip_203_414,15SXD,2022-06-17T17:02:58.727Z,2022-06-27T17:03:00.170Z,2022-07-12T17:02:51.831Z
chip_114_441,16TCQ,2022-05-13T17:01:11.858Z,2022-06-27T17:01:26.198Z,2022-09-30T17:01:12.779Z
chip_112_330,14TNQ,2022-03-01T17:41:31.513Z,2022-07-19T17:41:39.786Z,2022-09-12T17:41:30.070Z
chip_146_482,16TFM,2022-04-12T16:41:54.888Z,2022-06-16T16:41:56.352Z,2022-09-14T16:41:54.418Z
chip_153_415,15TXG,2022-06-02T17:02:03.203Z,2022-06-27T17:02:16.391Z,2022-09-30T17:02:02.980Z
chip_113_441,16TCQ,2022-05-13T17:01:11.858Z,2022-06-27T17:01:26.198Z,2022-09-30T17:01:12.779Z
chip_150_470,16TEM,2022-05-07T16:41:52.147Z,2022-06-16T16:41:59.644Z,2022-07-21T16:42:07.033Z
chip_116_346,14TQQ,2022-05-27T17:31:32.072Z,2022-08-05T17:31:35.657Z,2022-09-04T17:31:36.337Z
chip_269_299,14SME,2022-03-03T17:33:57.047Z,2022-05-22T17:34:00.079Z,2022-09-09T17:34:01.941Z
chip_218_423,15SYC,2022-03-01T16:52:58.989Z,2022-06-19T16:53:06.682Z,2022-09-27T16:53:02.464Z
chip_186_380,15TVE,2022-04-16T17:12:32.293Z,2022-08-04T17:12:40.798Z,2022-09-28T17:12:43.597Z
chip_270_317,14SNE,2022-03-05T17:24:04.124Z,2022-06-13T17:24:10.569Z,2022-09-26T17:24:00.643Z
chip_137_493,16TGN,2022-04-12T16:41:36.737Z,2022-06-16T16:41:38.174Z,2022-06-21T16:41:39.287Z
chip_034_097,11TLN,2022-03-05T19:01:24.297Z,2022-08-02T19:01:30.966Z,2022-09-06T19:01:22.169Z
chip_112_422,15TYK,2022-05-13T17:01:15.357Z,2022-06-27T17:01:29.706Z,2022-08-31T17:01:17.915Z
chip_253_582,17SQU,2022-03-21T16:03:44.609Z,2022-04-20T16:03:45.747Z,2022-04-25T16:03:35.059Z
chip_133_492,16TGN,2022-04-12T16:41:36.737Z,2022-06-16T16:41:38.174Z,2022-06-21T16:41:39.287Z
chip_267_582,17SPT,2022-03-14T16:13:59.068Z,2022-05-18T16:13:54.711Z,2022-09-25T16:13:55.686Z
chip_149_486,16TFM,2022-04-12T16:41:54.888Z,2022-06-16T16:41:56.352Z,2022-09-14T16:41:54.418Z
chip_046_088,11TLM,2022-04-24T19:01:39.653Z,2022-08-07T19:01:38.839Z,2022-09-26T19:01:35.051Z
chip_141_500,16TGN,2022-04-12T16:41:36.737Z,2022-06-16T16:41:38.174Z,2022-06-21T16:41:39.287Z
chip_085_254,13TEM,2022-03-17T18:01:14.510Z,2022-08-04T18:01:21.701Z,2022-09-18T18:01:12.389Z
chip_169_599,18TUK,2022-03-16T16:02:07.538Z,2022-06-19T16:02:21.115Z,2022-08-18T16:02:22.029Z
chip_127_471,16TEP,2022-04-10T16:51:20.171Z,2022-06-24T16:51:35.910Z,2022-08-18T16:51:25.441Z
chip_065_118,11TNM,2022-06-25T18:51:35.051Z,2022-07-25T18:51:35.110Z,2022-08-29T18:51:42.486Z
chip_236_281,14SKG,2022-03-01T17:43:38.485Z,2022-05-30T17:43:42.836Z,2022-09-27T17:43:42.329Z
chip_221_328,14SPH,2022-03-15T17:23:17.097Z,2022-06-28T17:23:18.300Z,2022-09-26T17:23:13.550Z
chip_226_370,15SUB,2022-03-02T17:13:26.997Z,2022-06-30T17:13:36.411Z,2022-09-28T17:13:30.731Z
chip_141_473,16TEN,2022-04-17T16:41:37.040Z,2022-06-21T16:41:53.301Z,2022-09-19T16:41:49.278Z
chip_250_269,13SGA,2022-03-01T17:43:54.149Z,2022-05-30T17:43:58.495Z,2022-09-17T17:43:59.457Z
chip_248_444,16SCF,2022-03-01T16:53:22.784Z,2022-06-19T16:53:30.476Z,2022-09-27T16:53:26.267Z
chip_104_308,14TMR,2022-03-26T17:41:15.079Z,2022-08-03T17:41:22.356Z,2022-09-12T17:41:19.761Z
chip_161_533,17TMF,2022-03-02T16:21:59.411Z,2022-06-30T16:22:07.704Z,2022-07-10T16:22:07.211Z
chip_237_189,12SYF,2022-03-02T18:03:58.957Z,2022-05-31T18:04:01.886Z,2022-09-03T18:04:14.006Z
chip_296_134,12SVB,2022-03-15T18:15:04.427Z,2022-05-19T18:15:12.322Z,2022-05-29T18:15:14.007Z
chip_236_332,14SPG,2022-04-09T17:23:24.690Z,2022-04-14T17:23:30.941Z,2022-07-13T17:23:40.575Z
chip_252_263,13SGA,2022-03-01T17:43:54.149Z,2022-05-30T17:43:58.495Z,2022-09-17T17:43:59.457Z
chip_243_468,16SDF,2022-03-03T16:43:29.996Z,2022-06-21T16:43:38.389Z,2022-09-29T16:43:33.623Z
chip_291_454,16SCC,2022-03-03T16:44:16.894Z,2022-04-27T16:44:06.210Z,2022-09-29T16:44:20.521Z
chip_034_112,11UMP,2022-06-23T19:01:14.192Z,2022-08-17T19:01:04.074Z,2022-09-26T19:01:00.235Z
chip_332_498,16RFV,2022-03-05T16:34:47.816Z,2022-04-04T16:34:47.229Z,2022-04-19T16:34:54.650Z
chip_244_279,14SKF,2022-03-01T17:43:52.746Z,2022-05-30T17:43:57.094Z,2022-09-27T17:43:56.593Z
chip_309_524,17SKR,2022-03-02T16:24:31.364Z,2022-05-11T16:24:32.306Z,2022-06-20T16:24:39.002Z
chip_214_307,14SMH,2022-03-28T17:33:19.183Z,2022-06-11T17:33:19.319Z,2022-09-29T17:33:16.289Z
chip_335_498,16RFV,2022-03-05T16:34:47.816Z,2022-04-04T16:34:47.229Z,2022-04-19T16:34:54.650Z
chip_331_494,16RFV,2022-03-05T16:34:47.816Z,2022-04-04T16:34:47.229Z,2022-04-19T16:34:54.650Z
chip_219_436,16SBH,2022-03-16T16:53:05.142Z,2022-03-26T16:53:03.963Z,2022-06-19T16:53:05.668Z
chip_237_289,14SLG,2022-03-01T17:43:34.008Z,2022-06-24T17:43:35.491Z,2022-09-27T17:43:37.853Z
chip_193_311,14TMK,2022-03-13T17:32:45.795Z,2022-07-21T17:32:52.675Z,2022-09-29T17:32:47.305Z
chip_106_334,14TPQ,2022-05-27T17:31:35.657Z,2022-08-05T17:31:39.243Z,2022-09-04T17:31:39.935Z
chip_104_334,14TPR,2022-05-27T17:31:21.247Z,2022-08-10T17:31:17.428Z,2022-09-04T17:31:25.536Z
chip_226_314,14SNG,2022-03-13T17:33:25.476Z,2022-07-11T17:33:31.898Z,2022-09-09T17:33:29.312Z
chip_149_263,13TFG,2022-03-19T17:52:21.065Z,2022-06-27T17:52:28.129Z,2022-09-05T17:52:24.698Z
chip_216_287,14SLH,2022-03-01T17:43:20.009Z,2022-06-29T17:43:29.475Z,2022-09-27T17:43:23.855Z
chip_064_354,14TQT,2022-04-27T17:30:46.503Z,2022-06-06T17:30:49.308Z,2022-08-30T17:30:39.524Z
chip_065_352,14TQT,2022-04-27T17:30:46.503Z,2022-06-06T17:30:49.308Z,2022-08-30T17:30:39.524Z
chip_058_221,12TYT,2022-04-07T18:20:57.283Z,2022-07-31T18:21:10.511Z,2022-09-24T18:21:01.197Z
chip_182_240,13TEE,2022-04-18T17:52:50.986Z,2022-07-02T17:53:08.431Z,2022-09-05T17:52:57.041Z
chip_100_355,14TQR,2022-05-27T17:31:17.799Z,2022-08-10T17:31:13.982Z,2022-09-04T17:31:22.080Z
chip_234_591,18STE,2022-03-21T16:03:28.606Z,2022-04-25T16:03:19.048Z,2022-08-03T16:03:29.936Z
chip_117_504,17TLJ,2022-04-29T16:31:24.943Z,2022-06-23T16:31:24.610Z,2022-09-01T16:31:20.910Z
chip_099_357,14TQR,2022-05-27T17:31:17.799Z,2022-08-10T17:31:13.982Z,2022-09-04T17:31:22.080Z
chip_183_502,17TKE,2022-05-09T16:32:25.289Z,2022-06-18T16:32:32.848Z,2022-07-03T16:32:26.460Z
chip_183_283,14TKK,2022-03-01T17:42:55.281Z,2022-07-09T17:43:04.814Z,2022-09-17T17:43:00.580Z
chip_333_503,16RFV,2022-03-05T16:34:47.816Z,2022-04-04T16:34:47.229Z,2022-04-19T16:34:54.650Z
chip_062_350,14TQT,2022-04-27T17:30:46.503Z,2022-06-06T17:30:49.308Z,2022-08-30T17:30:39.524Z
chip_417_328,14RPQ,2022-03-22T17:16:29.422Z,2022-06-05T17:16:27.113Z,2022-09-08T17:16:37.490Z
chip_164_414,15TXG,2022-06-02T17:02:03.203Z,2022-06-27T17:02:16.391Z,2022-09-30T17:02:02.980Z
chip_144_439,16TCN,2022-05-13T17:01:40.144Z,2022-06-27T17:01:54.466Z,2022-09-30T17:01:41.069Z
chip_280_308,14SMD,2022-04-07T17:34:15.062Z,2022-06-21T17:34:19.066Z,2022-09-29T17:34:14.072Z
chip_075_171,12TVS,2022-07-14T18:31:26.505Z,2022-08-08T18:31:26.620Z,2022-09-02T18:31:34.664Z
chip_151_478,16TFM,2022-04-12T16:41:54.888Z,2022-06-16T16:41:56.352Z,2022-09-14T16:41:54.418Z
chip_147_393,15TWH,2022-03-27T17:11:46.585Z,2022-04-21T17:11:53.976Z,2022-06-20T17:12:01.314Z
chip_302_301,14SMB,2022-03-03T17:34:39.907Z,2022-06-11T17:34:45.502Z,2022-09-29T17:34:42.488Z
chip_179_424,15TYE,2022-03-14T17:02:27.623Z,2022-07-12T17:02:33.907Z,2022-09-30T17:02:28.837Z
chip_033_196,12UWV,2022-07-19T18:30:40.423Z,2022-08-18T18:30:37.469Z,2022-09-27T18:30:35.632Z
chip_222_023,10SFE,2022-03-07T18:54:36.552Z,2022-05-31T18:54:46.723Z,2022-09-28T18:54:46.190Z
chip_333_515,16RGV,2022-03-02T16:24:48.107Z,2022-04-01T16:24:47.778Z,2022-09-23T16:24:58.240Z
chip_316_522,17SKR,2022-03-02T16:24:31.364Z,2022-05-11T16:24:32.306Z,2022-06-20T16:24:39.002Z
chip_166_482,16TFL,2022-04-17T16:42:02.666Z,2022-06-21T16:42:18.902Z,2022-09-14T16:42:08.803Z
chip_322_533,17RLQ,2022-03-02T16:24:41.634Z,2022-04-11T16:24:41.412Z,2022-09-23T16:24:51.764Z
chip_217_435,16SBH,2022-03-16T16:53:05.142Z,2022-03-26T16:53:03.963Z,2022-06-19T16:53:05.668Z
chip_142_434,16TCN,2022-05-13T17:01:40.144Z,2022-06-27T17:01:54.466Z,2022-09-30T17:01:41.069Z
chip_182_398,15TWE,2022-04-16T17:12:28.395Z,2022-07-05T17:12:37.457Z,2022-09-28T17:12:39.688Z
chip_282_562,17SNT,2022-03-04T16:14:02.379Z,2022-05-18T16:13:58.236Z,2022-09-20T16:14:06.282Z
chip_186_488,16TFK,2022-04-17T16:42:17.192Z,2022-06-21T16:42:33.431Z,2022-07-21T16:42:32.636Z
chip_221_441,16SCH,2022-03-16T16:53:01.377Z,2022-06-19T16:53:01.903Z,2022-09-12T16:53:07.791Z
chip_311_380,15SVS,2022-03-19T17:04:39.346Z,2022-05-28T17:04:43.440Z,2022-09-30T17:04:35.176Z
chip_176_607,18SVJ,2022-03-11T16:02:24.161Z,2022-06-19T16:02:31.799Z,2022-09-27T16:02:27.348Z
chip_330_513,16RGV,2022-03-02T16:24:48.107Z,2022-04-01T16:24:47.778Z,2022-09-23T16:24:58.240Z
chip_205_480,16SEH,2022-03-13T16:42:57.934Z,2022-06-21T16:43:05.949Z,2022-09-19T16:43:01.935Z
chip_340_326,14RPV,2022-03-10T17:25:07.044Z,2022-05-19T17:25:08.896Z,2022-09-26T17:25:09.485Z
chip_174_406,15TXF,2022-05-13T17:02:16.723Z,2022-07-12T17:02:22.720Z,2022-09-30T17:02:17.640Z
chip_198_322,14SNJ,2022-04-17T17:33:02.364Z,2022-07-21T17:33:03.559Z,2022-09-29T17:32:58.191Z
chip_115_486,16TFP,2022-05-07T16:41:19.793Z,2022-06-16T16:41:27.310Z,2022-09-09T16:41:34.405Z
chip_277_403,15SWU,2022-03-04T17:04:00.648Z,2022-07-12T17:04:07.840Z,2022-09-30T17:04:02.779Z
chip_274_465,16SDD,2022-03-03T16:43:58.991Z,2022-04-27T16:43:48.302Z,2022-06-16T16:43:53.974Z
chip_158_523,17TMF,2022-03-02T16:21:59.411Z,2022-06-30T16:22:07.704Z,2022-07-10T16:22:07.211Z
chip_128_508,17TLH,2022-04-14T16:31:30.600Z,2022-06-18T16:31:45.821Z,2022-09-01T16:31:35.443Z
chip_065_059,10TFR,2022-06-21T19:11:56.739Z,2022-08-10T19:11:55.798Z,2022-09-24T19:11:59.184Z
chip_134_361,15TUJ,2022-06-23T17:21:51.496Z,2022-07-13T17:21:51.820Z,2022-08-02T17:21:49.673Z
chip_290_557,17SMS,2022-03-04T16:14:20.323Z,2022-06-02T16:14:24.437Z,2022-09-25T16:14:17.152Z
chip_234_288,14SLG,2022-03-01T17:43:34.008Z,2022-06-24T17:43:35.491Z,2022-09-27T17:43:37.853Z
chip_147_494,17TKG,2022-03-20T16:31:56.041Z,2022-06-21T16:42:00.635Z,2022-09-14T16:41:50.538Z
chip_181_256,13TFE,2022-03-19T17:52:50.140Z,2022-07-07T17:52:57.049Z,2022-09-30T17:52:59.389Z
chip_229_297,14SLG,2022-03-01T17:43:34.008Z,2022-06-24T17:43:35.491Z,2022-09-27T17:43:37.853Z
chip_205_389,15SVD,2022-04-26T17:12:44.200Z,2022-06-30T17:13:03.832Z,2022-09-28T17:12:58.154Z
chip_218_440,16SCH,2022-03-16T16:53:01.377Z,2022-06-19T16:53:01.903Z,2022-09-12T16:53:07.791Z
chip_208_272,13SGD,2022-03-01T17:43:10.258Z,2022-07-09T17:43:19.789Z,2022-09-27T17:43:14.103Z
chip_214_304,14SMH,2022-03-28T17:33:19.183Z,2022-06-11T17:33:19.319Z,2022-09-29T17:33:16.289Z
chip_038_204,12UXU,2022-04-07T18:20:46.066Z,2022-07-21T18:21:00.461Z,2022-08-30T18:21:01.587Z
chip_124_304,14TMP,2022-06-19T17:41:58.347Z,2022-07-09T17:41:59.588Z,2022-07-19T17:41:58.325Z
chip_105_331,14TPR,2022-05-27T17:31:21.247Z,2022-08-10T17:31:17.428Z,2022-09-04T17:31:25.536Z
chip_185_392,15TWE,2022-04-16T17:12:28.395Z,2022-07-05T17:12:37.457Z,2022-09-28T17:12:39.688Z
chip_391_323,14RPR,2022-03-12T17:16:15.984Z,2022-05-16T17:16:11.156Z,2022-06-05T17:16:12.695Z
chip_126_438,16TCP,2022-06-17T17:01:39.034Z,2022-06-22T17:01:32.473Z,2022-06-27T17:01:40.491Z
chip_324_525,17RKQ,2022-03-27T16:24:51.448Z,2022-05-11T16:24:46.643Z,2022-09-23T16:24:55.833Z
chip_063_349,14TQT,2022-04-27T17:30:46.503Z,2022-06-06T17:30:49.308Z,2022-08-30T17:30:39.524Z
chip_123_508,17TLJ,2022-04-29T16:31:24.943Z,2022-06-23T16:31:24.610Z,2022-09-01T16:31:20.910Z
chip_202_439,16SCJ,2022-03-16T16:52:46.984Z,2022-06-14T16:52:47.987Z,2022-06-29T16:52:48.285Z
chip_220_335,14SPH,2022-03-15T17:23:17.097Z,2022-06-28T17:23:18.300Z,2022-09-26T17:23:13.550Z
chip_206_293,14SLJ,2022-03-01T17:43:05.716Z,2022-07-19T17:43:13.994Z,2022-09-27T17:43:09.561Z
chip_317_544,17RLQ,2022-03-02T16:24:41.634Z,2022-04-11T16:24:41.412Z,2022-09-23T16:24:51.764Z
chip_231_285,14SLG,2022-03-01T17:43:34.008Z,2022-06-24T17:43:35.491Z,2022-09-27T17:43:37.853Z
chip_246_584,17SQV,2022-03-21T16:03:30.091Z,2022-06-19T16:03:38.547Z,2022-09-27T16:03:34.104Z
chip_213_456,16SDH,2022-03-13T16:43:01.398Z,2022-07-21T16:43:08.614Z,2022-09-24T16:42:58.140Z
chip_252_275,14SKF,2022-03-01T17:43:52.746Z,2022-05-30T17:43:57.094Z,2022-09-27T17:43:56.593Z
chip_181_400,15TWE,2022-04-16T17:12:28.395Z,2022-07-05T17:12:37.457Z,2022-09-28T17:12:39.688Z
chip_284_307,14SMD,2022-04-07T17:34:15.062Z,2022-06-21T17:34:19.066Z,2022-09-29T17:34:14.072Z
chip_115_502,17TLJ,2022-04-29T16:31:24.943Z,2022-06-23T16:31:24.610Z,2022-09-01T16:31:20.910Z
chip_176_507,17TKE,2022-05-09T16:32:25.289Z,2022-06-18T16:32:32.848Z,2022-07-03T16:32:26.460Z
chip_344_401,15RWQ,2022-04-03T17:04:57.498Z,2022-05-28T17:05:08.385Z,2022-09-30T17:05:00.126Z
chip_241_442,16SCF,2022-03-01T16:53:22.784Z,2022-06-19T16:53:30.476Z,2022-09-27T16:53:26.267Z
chip_293_351,15STT,2022-03-02T17:14:28.402Z,2022-05-06T17:14:20.844Z,2022-09-28T17:14:32.136Z
chip_321_527,17RKQ,2022-03-27T16:24:51.448Z,2022-05-11T16:24:46.643Z,2022-09-23T16:24:55.833Z
chip_112_448,16TDQ,2022-05-15T16:51:17.294Z,2022-07-09T16:51:17.462Z,2022-07-14T16:51:25.242Z
chip_120_340,14TPQ,2022-05-27T17:31:35.657Z,2022-08-05T17:31:39.243Z,2022-09-04T17:31:39.935Z
chip_210_461,16SDH,2022-03-13T16:43:01.398Z,2022-07-21T16:43:08.614Z,2022-09-24T16:42:58.140Z
chip_155_475,16TEM,2022-05-07T16:41:52.147Z,2022-06-16T16:41:59.644Z,2022-07-21T16:42:07.033Z
chip_097_323,14TNR,2022-03-26T17:41:11.193Z,2022-08-08T17:41:25.525Z,2022-09-12T17:41:15.871Z
chip_112_357,14TQQ,2022-05-27T17:31:32.072Z,2022-08-05T17:31:35.657Z,2022-09-04T17:31:36.337Z
chip_123_323,14TNP,2022-04-02T17:31:42.748Z,2022-07-31T17:31:50.927Z,2022-09-04T17:31:57.900Z
chip_203_376,15SVD,2022-04-26T17:12:44.200Z,2022-06-30T17:13:03.832Z,2022-09-28T17:12:58.154Z
chip_185_305,14TMK,2022-03-13T17:32:45.795Z,2022-07-21T17:32:52.675Z,2022-09-29T17:32:47.305Z
chip_126_357,14TQP,2022-03-15T17:21:46.576Z,2022-07-13T17:21:55.320Z,2022-09-11T17:21:53.169Z
chip_059_086,11TLM,2022-04-24T19:01:39.653Z,2022-08-07T19:01:38.839Z,2022-09-26T19:01:35.051Z
chip_276_403,15SWU,2022-03-04T17:04:00.648Z,2022-07-12T17:04:07.840Z,2022-09-30T17:04:02.779Z
chip_125_447,16TDP,2022-06-09T16:51:29.385Z,2022-07-09T16:51:32.085Z,2022-07-14T16:51:39.868Z
chip_235_456,16SDG,2022-04-27T16:43:04.721Z,2022-06-21T16:43:23.790Z,2022-07-21T16:43:22.995Z
chip_066_289,13TGN,2022-03-19T17:50:50.404Z,2022-07-17T17:50:57.136Z,2022-09-10T17:51:03.137Z
chip_114_402,15TXK,2022-06-20T17:11:28.687Z,2022-09-03T17:11:18.203Z,2022-09-13T17:11:18.766Z
chip_178_497,16TGK,2022-04-14T16:32:17.972Z,2022-06-03T16:32:21.565Z,2022-07-03T16:32:26.822Z
chip_241_587,17SQV,2022-03-21T16:03:30.091Z,2022-06-19T16:03:38.547Z,2022-09-27T16:03:34.104Z
chip_150_266,13TFG,2022-03-19T17:52:21.065Z,2022-06-27T17:52:28.129Z,2022-09-05T17:52:24.698Z
chip_214_292,14SLH,2022-03-01T17:43:20.009Z,2022-06-29T17:43:29.475Z,2022-09-27T17:43:23.855Z
chip_193_406,15TXE,2022-07-12T17:02:37.322Z,2022-09-20T17:02:34.300Z,2022-09-30T17:02:32.251Z
chip_124_492,16TGP,2022-05-07T16:41:16.393Z,2022-06-21T16:41:31.935Z,2022-09-09T16:41:30.995Z
chip_151_484,16TFM,2022-04-12T16:41:54.888Z,2022-06-16T16:41:56.352Z,2022-09-14T16:41:54.418Z
chip_213_402,15SWC,2022-04-03T17:03:01.933Z,2022-08-31T17:03:06.199Z,2022-09-25T17:03:12.364Z
chip_185_368,15TUE,2022-03-15T17:22:39.962Z,2022-06-03T17:22:43.933Z,2022-09-26T17:22:36.421Z
chip_217_313,14SNH,2022-03-03T17:33:10.094Z,2022-03-28T17:33:15.559Z,2022-09-04T17:33:24.834Z
chip_218_293,14SLH,2022-03-01T17:43:20.009Z,2022-06-29T17:43:29.475Z,2022-09-27T17:43:23.855Z
chip_251_320,14SNF,2022-03-03T17:33:38.556Z,2022-07-01T17:33:46.646Z,2022-09-29T17:33:41.132Z
chip_236_592,18STE,2022-03-21T16:03:28.606Z,2022-04-25T16:03:19.048Z,2022-08-03T16:03:29.936Z
chip_255_417,15SXV,2022-03-04T17:03:42.371Z,2022-07-22T17:03:50.165Z,2022-09-30T17:03:44.502Z
chip_190_368,15TUE,2022-03-15T17:22:39.962Z,2022-06-03T17:22:43.933Z,2022-09-26T17:22:36.421Z
chip_131_438,16TCP,2022-06-17T17:01:39.034Z,2022-06-22T17:01:32.473Z,2022-06-27T17:01:40.491Z
chip_159_468,16TEM,2022-05-07T16:41:52.147Z,2022-06-16T16:41:59.644Z,2022-07-21T16:42:07.033Z
chip_114_505,17TLJ,2022-04-29T16:31:24.943Z,2022-06-23T16:31:24.610Z,2022-09-01T16:31:20.910Z
chip_096_358,14TQR,2022-05-27T17:31:17.799Z,2022-08-10T17:31:13.982Z,2022-09-04T17:31:22.080Z
chip_251_270,13SGA,2022-03-01T17:43:54.149Z,2022-05-30T17:43:58.495Z,2022-09-17T17:43:59.457Z
chip_163_469,16TEL,2022-04-27T16:42:03.179Z,2022-06-21T16:42:22.255Z,2022-09-14T16:42:12.150Z
chip_267_566,17SNU,2022-03-04T16:13:47.961Z,2022-04-28T16:13:36.781Z,2022-06-17T16:13:48.250Z
chip_160_465,16TEM,2022-05-07T16:41:52.147Z,2022-06-16T16:41:59.644Z,2022-07-21T16:42:07.033Z
chip_222_369,15SUC,2022-04-26T17:13:02.159Z,2022-07-10T17:13:21.748Z,2022-09-13T17:13:10.818Z
chip_300_453,16SCB,2022-03-13T16:44:31.829Z,2022-09-14T16:44:29.740Z,2022-09-29T16:44:35.077Z
chip_209_275,14SKJ,2022-03-01T17:43:09.691Z,2022-06-14T17:43:09.715Z,2022-09-17T17:43:15.004Z
chip_120_322,14TNQ,2022-03-01T17:41:31.513Z,2022-07-19T17:41:39.786Z,2022-09-12T17:41:30.070Z
chip_193_459,16SDJ,2022-03-16T16:52:42.739Z,2022-06-29T16:52:44.029Z,2022-09-27T16:52:39.052Z
chip_154_351,15TTG,2022-05-09T17:22:08.996Z,2022-07-18T17:22:16.708Z,2022-08-02T17:22:22.395Z
chip_227_430,16SBG,2022-03-16T16:53:19.615Z,2022-06-29T16:53:20.916Z,2022-09-12T16:53:26.044Z
chip_211_410,15SXC,2022-03-09T17:03:06.050Z,2022-09-25T17:03:09.162Z,2022-09-30T17:03:01.349Z
chip_279_564,17SNT,2022-03-04T16:14:02.379Z,2022-05-18T16:13:58.236Z,2022-09-20T16:14:06.282Z
chip_143_474,16TEN,2022-04-17T16:41:37.040Z,2022-06-21T16:41:53.301Z,2022-09-19T16:41:49.278Z
chip_110_343,14TPQ,2022-05-27T17:31:35.657Z,2022-08-05T17:31:39.243Z,2022-09-04T17:31:39.935Z
chip_185_408,15TXE,2022-07-12T17:02:37.322Z,2022-09-20T17:02:34.300Z,2022-09-30T17:02:32.251Z
chip_307_410,15SXS,2022-03-01T16:54:29.465Z,2022-06-29T16:54:37.931Z,2022-09-27T16:54:32.956Z
chip_370_547,17RLM,2022-03-04T16:15:36.203Z,2022-03-29T16:15:29.274Z,2022-04-08T16:15:28.666Z
chip_153_601,18TVL,2022-03-16T16:01:49.421Z,2022-04-30T16:01:56.426Z,2022-09-17T16:02:00.052Z
chip_063_268,13TFN,2022-03-17T18:00:56.347Z,2022-07-20T18:00:57.574Z,2022-09-18T18:00:54.220Z
chip_270_298,14SMD,2022-04-07T17:34:15.062Z,2022-06-21T17:34:19.066Z,2022-09-29T17:34:14.072Z
chip_239_459,16SDF,2022-03-03T16:43:29.996Z,2022-06-21T16:43:38.389Z,2022-09-29T16:43:33.623Z
chip_231_497,16SFG,2022-03-20T16:33:12.005Z,2022-07-23T16:33:13.462Z,2022-09-26T16:33:15.835Z
chip_163_592,18TUK,2022-03-16T16:02:07.538Z,2022-06-19T16:02:21.115Z,2022-08-18T16:02:22.029Z
chip_149_477,16TFM,2022-04-12T16:41:54.888Z,2022-06-16T16:41:56.352Z,2022-09-14T16:41:54.418Z
chip_214_308,14SMH,2022-03-28T17:33:19.183Z,2022-06-11T17:33:19.319Z,2022-09-29T17:33:16.289Z
chip_155_476,16TFM,2022-04-12T16:41:54.888Z,2022-06-16T16:41:56.352Z,2022-09-14T16:41:54.418Z
chip_122_123,11TPH,2022-07-22T18:42:32.805Z,2022-09-10T18:42:29.750Z,2022-09-25T18:42:34.937Z
chip_278_432,15SYU,2022-06-29T16:54:05.735Z,2022-08-13T16:54:12.905Z,2022-09-12T16:54:10.858Z
chip_224_429,16SBG,2022-03-16T16:53:19.615Z,2022-06-29T16:53:20.916Z,2022-09-12T16:53:26.044Z
chip_163_252,13TEF,2022-03-19T17:52:38.988Z,2022-07-02T17:52:54.018Z,2022-09-05T17:52:42.622Z
chip_237_441,16SCG,2022-03-26T16:53:14.506Z,2022-05-20T16:53:11.761Z,2022-08-13T16:53:24.156Z
chip_176_238,13TDE,2022-04-21T18:02:50.356Z,2022-06-15T18:03:06.327Z,2022-09-23T18:03:02.472Z
chip_187_401,15TWE,2022-04-16T17:12:28.395Z,2022-07-05T17:12:37.457Z,2022-09-28T17:12:39.688Z
chip_131_473,16TEN,2022-04-17T16:41:37.040Z,2022-06-21T16:41:53.301Z,2022-09-19T16:41:49.278Z
chip_207_478,16SEH,2022-03-13T16:42:57.934Z,2022-06-21T16:43:05.949Z,2022-09-19T16:43:01.935Z
chip_154_601,18TVK,2022-03-16T16:02:03.926Z,2022-06-19T16:02:17.493Z,2022-08-18T16:02:18.409Z
chip_184_238,13TEE,2022-04-18T17:52:50.986Z,2022-07-02T17:53:08.431Z,2022-09-05T17:52:57.041Z
chip_135_434,16TCN,2022-05-13T17:01:40.144Z,2022-06-27T17:01:54.466Z,2022-09-30T17:01:41.069Z
chip_136_470,16TEN,2022-04-17T16:41:37.040Z,2022-06-21T16:41:53.301Z,2022-09-19T16:41:49.278Z
chip_230_309,14SMG,2022-03-03T17:33:28.163Z,2022-05-27T17:33:38.640Z,2022-09-04T17:33:42.905Z
chip_320_535,17RLQ,2022-03-02T16:24:41.634Z,2022-04-11T16:24:41.412Z,2022-09-23T16:24:51.764Z
chip_225_357,15STC,2022-04-14T17:23:12.199Z,2022-06-28T17:23:14.287Z,2022-08-12T17:23:21.374Z
chip_150_267,13TFG,2022-03-19T17:52:21.065Z,2022-06-27T17:52:28.129Z,2022-09-05T17:52:24.698Z
chip_199_365,15SUD,2022-03-02T17:12:57.262Z,2022-07-10T17:13:07.352Z,2022-09-28T17:13:01.736Z
chip_131_433,16TCP,2022-06-17T17:01:39.034Z,2022-06-22T17:01:32.473Z,2022-06-27T17:01:40.491Z
chip_186_408,15TXE,2022-07-12T17:02:37.322Z,2022-09-20T17:02:34.300Z,2022-09-30T17:02:32.251Z
chip_421_327,14RPP,2022-03-22T17:16:44.088Z,2022-03-27T17:16:38.147Z,2022-05-21T17:16:47.528Z
chip_143_486,16TFN,2022-04-12T16:41:40.271Z,2022-06-16T16:41:41.717Z,2022-06-21T16:41:49.903Z
chip_282_264,13SGU,2022-03-01T17:44:23.180Z,2022-05-30T17:44:27.524Z,2022-09-07T17:44:31.086Z
chip_314_519,17SKR,2022-03-02T16:24:31.364Z,2022-05-11T16:24:32.306Z,2022-06-20T16:24:39.002Z
chip_185_348,14TQK,2022-04-14T17:22:44.046Z,2022-06-28T17:22:46.150Z,2022-08-02T17:22:51.532Z
chip_161_525,17TMF,2022-03-02T16:21:59.411Z,2022-06-30T16:22:07.704Z,2022-07-10T16:22:07.211Z
chip_185_239,13TEE,2022-04-18T17:52:50.986Z,2022-07-02T17:53:08.431Z,2022-09-05T17:52:57.041Z
chip_218_314,14SNH,2022-03-03T17:33:10.094Z,2022-03-28T17:33:15.559Z,2022-09-04T17:33:24.834Z
chip_171_413,15TXF,2022-05-13T17:02:16.723Z,2022-07-12T17:02:22.720Z,2022-09-30T17:02:17.640Z
chip_237_598,18STE,2022-03-21T16:03:28.606Z,2022-04-25T16:03:19.048Z,2022-08-03T16:03:29.936Z
chip_221_442,16SCH,2022-03-16T16:53:01.377Z,2022-06-19T16:53:01.903Z,2022-09-12T16:53:07.791Z
chip_128_322,14TNP,2022-04-02T17:31:42.748Z,2022-07-31T17:31:50.927Z,2022-09-04T17:31:57.900Z
chip_174_400,15TWF,2022-03-27T17:12:15.375Z,2022-04-16T17:12:14.188Z,2022-08-04T17:12:22.692Z
chip_109_435,16TCQ,2022-05-13T17:01:11.858Z,2022-06-27T17:01:26.198Z,2022-09-30T17:01:12.779Z
chip_104_342,14TPR,2022-05-27T17:31:21.247Z,2022-08-10T17:31:17.428Z,2022-09-04T17:31:25.536Z
chip_190_286,14TLK,2022-03-26T17:42:45.360Z,2022-07-09T17:43:01.000Z,2022-09-07T17:42:59.364Z
chip_166_587,18TUK,2022-03-16T16:02:07.538Z,2022-06-19T16:02:21.115Z,2022-08-18T16:02:22.029Z
chip_109_439,16TCQ,2022-05-13T17:01:11.858Z,2022-06-27T17:01:26.198Z,2022-09-30T17:01:12.779Z
chip_209_430,16SBH,2022-03-16T16:53:05.142Z,2022-03-26T16:53:03.963Z,2022-06-19T16:53:05.668Z
chip_228_306,14SMG,2022-03-03T17:33:28.163Z,2022-05-27T17:33:38.640Z,2022-09-04T17:33:42.905Z
chip_327_499,16RFV,2022-03-05T16:34:47.816Z,2022-04-04T16:34:47.229Z,2022-04-19T16:34:54.650Z
chip_145_488,16TFM,2022-04-12T16:41:54.888Z,2022-06-16T16:41:56.352Z,2022-09-14T16:41:54.418Z
chip_243_334,14SPF,2022-03-15T17:23:46.321Z,2022-07-18T17:23:47.230Z,2022-09-26T17:23:42.780Z
chip_174_015,10SEH,2022-03-10T19:03:52.873Z,2022-06-23T19:04:07.278Z,2022-09-16T19:03:56.733Z
chip_222_337,14SPH,2022-03-15T17:23:17.097Z,2022-06-28T17:23:18.300Z,2022-09-26T17:23:13.550Z
chip_143_411,15TXH,2022-06-17T17:02:00.485Z,2022-08-16T17:02:01.701Z,2022-09-30T17:01:48.511Z
chip_306_543,17SLR,2022-03-27T16:24:33.268Z,2022-05-11T16:24:28.467Z,2022-06-20T16:24:35.156Z
chip_105_317,14TNR,2022-03-26T17:41:11.193Z,2022-08-08T17:41:25.525Z,2022-09-12T17:41:15.871Z
chip_083_174,12TVR,2022-07-19T18:31:41.939Z,2022-08-08T18:31:41.031Z,2022-09-02T18:31:49.082Z
chip_100_322,14TNR,2022-03-26T17:41:11.193Z,2022-08-08T17:41:25.525Z,2022-09-12T17:41:15.871Z
chip_174_347,14TQL,2022-04-14T17:22:29.589Z,2022-06-28T17:22:31.670Z,2022-08-02T17:22:37.077Z
chip_169_398,15TWF,2022-03-27T17:12:15.375Z,2022-04-16T17:12:14.188Z,2022-08-04T17:12:22.692Z
chip_162_251,13TEF,2022-03-19T17:52:38.988Z,2022-07-02T17:52:54.018Z,2022-09-05T17:52:42.622Z
chip_130_472,16TEN,2022-04-17T16:41:37.040Z,2022-06-21T16:41:53.301Z,2022-09-19T16:41:49.278Z
chip_268_324,14SNE,2022-03-05T17:24:04.124Z,2022-06-13T17:24:10.569Z,2022-09-26T17:24:00.643Z
chip_179_610,18SVJ,2022-03-11T16:02:24.161Z,2022-06-19T16:02:31.799Z,2022-09-27T16:02:27.348Z
chip_175_432,16TBL,2022-05-13T17:02:13.233Z,2022-07-12T17:02:19.231Z,2022-09-30T17:02:14.155Z
chip_129_311,14TMP,2022-06-19T17:41:58.347Z,2022-07-09T17:41:59.588Z,2022-07-19T17:41:58.325Z
chip_282_252,13SFU,2022-03-01T17:44:26.270Z,2022-05-30T17:44:30.615Z,2022-09-27T17:44:30.115Z
chip_200_456,16SDJ,2022-03-16T16:52:42.739Z,2022-06-29T16:52:44.029Z,2022-09-27T16:52:39.052Z
chip_190_285,14TLK,2022-03-26T17:42:45.360Z,2022-07-09T17:43:01.000Z,2022-09-07T17:42:59.364Z
chip_236_444,16SCG,2022-03-26T16:53:14.506Z,2022-05-20T16:53:11.761Z,2022-08-13T16:53:24.156Z
chip_202_336,14SPJ,2022-03-15T17:23:02.636Z,2022-06-28T17:23:03.833Z,2022-09-16T17:23:00.524Z
chip_130_159,12TVN,2022-05-15T18:32:24.503Z,2022-08-08T18:32:23.858Z,2022-09-27T18:32:19.984Z
chip_108_418,15TYK,2022-05-13T17:01:15.357Z,2022-06-27T17:01:29.706Z,2022-08-31T17:01:17.915Z
chip_169_399,15TWF,2022-03-27T17:12:15.375Z,2022-04-16T17:12:14.188Z,2022-08-04T17:12:22.692Z
chip_087_360,15TUM,2022-04-27T17:30:57.572Z,2022-06-23T17:21:08.406Z,2022-09-11T17:21:06.574Z
chip_139_409,15TXH,2022-06-17T17:02:00.485Z,2022-08-16T17:02:01.701Z,2022-09-30T17:01:48.511Z
chip_185_242,13TEE,2022-04-18T17:52:50.986Z,2022-07-02T17:53:08.431Z,2022-09-05T17:52:57.041Z
chip_050_168,12TVT,2022-07-14T18:31:19.339Z,2022-08-08T18:31:12.166Z,2022-09-02T18:31:20.226Z
chip_217_428,15SYC,2022-03-01T16:52:58.989Z,2022-06-19T16:53:06.682Z,2022-09-27T16:53:02.464Z
chip_109_424,15TYK,2022-05-13T17:01:15.357Z,2022-06-27T17:01:29.706Z,2022-08-31T17:01:17.915Z
chip_182_424,15TYE,2022-03-14T17:02:27.623Z,2022-07-12T17:02:33.907Z,2022-09-30T17:02:28.837Z
chip_168_392,15TWF,2022-03-27T17:12:15.375Z,2022-04-16T17:12:14.188Z,2022-08-04T17:12:22.692Z
chip_104_318,14TNR,2022-03-26T17:41:11.193Z,2022-08-08T17:41:25.525Z,2022-09-12T17:41:15.871Z
chip_162_595,18TUK,2022-03-16T16:02:07.538Z,2022-06-19T16:02:21.115Z,2022-08-18T16:02:22.029Z
chip_281_082,11SPS,2022-03-01T18:35:07.771Z,2022-05-20T18:35:11.022Z,2022-09-02T18:35:23.140Z
chip_281_254,13SFU,2022-03-01T17:44:26.270Z,2022-05-30T17:44:30.615Z,2022-09-27T17:44:30.115Z
chip_153_472,16TEM,2022-05-07T16:41:52.147Z,2022-06-16T16:41:59.644Z,2022-07-21T16:42:07.033Z
chip_156_390,15TWG,2022-03-27T17:12:00.874Z,2022-04-26T17:11:57.037Z,2022-06-20T17:12:15.595Z
chip_049_070,10TFS,2022-05-17T19:11:43.064Z,2022-08-05T19:11:48.790Z,2022-09-24T19:11:44.753Z
chip_242_597,18STE,2022-03-21T16:03:28.606Z,2022-04-25T16:03:19.048Z,2022-08-03T16:03:29.936Z
chip_139_585,18TUM,2022-03-04T16:11:40.819Z,2022-04-28T16:11:29.676Z,2022-05-08T16:11:33.804Z
chip_204_329,14SPJ,2022-03-15T17:23:02.636Z,2022-06-28T17:23:03.833Z,2022-09-16T17:23:00.524Z
chip_319_540,17RLQ,2022-03-02T16:24:41.634Z,2022-04-11T16:24:41.412Z,2022-09-23T16:24:51.764Z
chip_131_422,15TYJ,2022-05-13T17:01:29.790Z,2022-07-12T17:01:35.794Z,2022-09-30T17:01:30.715Z
chip_184_404,15TXE,2022-07-12T17:02:37.322Z,2022-09-20T17:02:34.300Z,2022-09-30T17:02:32.251Z
chip_271_395,15SWU,2022-03-04T17:04:00.648Z,2022-07-12T17:04:07.840Z,2022-09-30T17:04:02.779Z
chip_132_507,17TLH,2022-04-14T16:31:30.600Z,2022-06-18T16:31:45.821Z,2022-09-01T16:31:35.443Z
chip_252_256,13SFA,2022-06-29T17:44:06.773Z,2022-08-28T17:44:06.360Z,2022-09-17T17:44:02.588Z
chip_228_279,14SKG,2022-03-01T17:43:38.485Z,2022-05-30T17:43:42.836Z,2022-09-27T17:43:42.329Z
chip_169_514,17TLF,2022-04-14T16:31:59.291Z,2022-06-18T16:32:14.503Z,2022-07-03T16:32:08.113Z
chip_127_396,15TWJ,2022-03-12T17:11:38.882Z,2022-09-03T17:11:36.239Z,2022-09-28T17:11:42.108Z
chip_284_263,13SGT,2022-03-26T17:44:31.670Z,2022-05-10T17:44:38.107Z,2022-09-07T17:44:45.701Z
chip_103_318,14TNR,2022-03-26T17:41:11.193Z,2022-08-08T17:41:25.525Z,2022-09-12T17:41:15.871Z
chip_113_317,14TNQ,2022-03-01T17:41:31.513Z,2022-07-19T17:41:39.786Z,2022-09-12T17:41:30.070Z
chip_116_208,12TYP,2022-03-25T18:11:59.438Z,2022-07-08T18:12:15.003Z,2022-09-26T18:12:09.217Z
chip_313_521,17SKR,2022-03-02T16:24:31.364Z,2022-05-11T16:24:32.306Z,2022-06-20T16:24:39.002Z
chip_167_599,18TUK,2022-03-16T16:02:07.538Z,2022-06-19T16:02:21.115Z,2022-08-18T16:02:22.029Z
chip_226_335,14SPG,2022-04-09T17:23:24.690Z,2022-04-14T17:23:30.941Z,2022-07-13T17:23:40.575Z
chip_169_271,13TGF,2022-03-19T17:52:31.824Z,2022-07-17T17:52:38.536Z,2022-09-30T17:52:41.069Z
chip_175_363,15TUF,2022-04-04T17:22:23.486Z,2022-06-28T17:22:27.188Z,2022-08-02T17:22:32.598Z
chip_302_430,15SYS,2022-03-01T16:54:26.447Z,2022-06-19T16:54:34.137Z,2022-09-27T16:54:29.939Z
chip_002_060,10UEV,2022-03-06T19:20:52.270Z,2022-07-19T19:21:06.409Z,2022-09-27T19:21:01.992Z
chip_194_280,14TKK,2022-03-01T17:42:55.281Z,2022-07-09T17:43:04.814Z,2022-09-17T17:43:00.580Z
chip_291_450,16SCC,2022-03-03T16:44:16.894Z,2022-04-27T16:44:06.210Z,2022-09-29T16:44:20.521Z
chip_216_454,16SDH,2022-03-13T16:43:01.398Z,2022-07-21T16:43:08.614Z,2022-09-24T16:42:58.140Z
chip_228_298,14SMG,2022-03-03T17:33:28.163Z,2022-05-27T17:33:38.640Z,2022-09-04T17:33:42.905Z
chip_252_438,16SBF,2022-04-10T16:53:26.868Z,2022-06-19T16:53:34.519Z,2022-09-12T16:53:40.407Z
chip_193_401,15TWE,2022-04-16T17:12:28.395Z,2022-07-05T17:12:37.457Z,2022-09-28T17:12:39.688Z
chip_142_155,12TVM,2022-03-23T18:22:40.868Z,2022-08-25T18:22:37.828Z,2022-09-24T18:22:38.716Z
chip_292_547,17SMS,2022-03-04T16:14:20.323Z,2022-06-02T16:14:24.437Z,2022-09-25T16:14:17.152Z
chip_115_478,16TFP,2022-05-07T16:41:19.793Z,2022-06-16T16:41:27.310Z,2022-09-09T16:41:34.405Z
chip_078_198,12TXS,2022-06-16T18:21:22.237Z,2022-07-31T18:21:28.436Z,2022-09-04T18:21:19.902Z
chip_228_300,14SMG,2022-03-03T17:33:28.163Z,2022-05-27T17:33:38.640Z,2022-09-04T17:33:42.905Z
chip_369_349,14RQT,2022-03-02T17:15:43.242Z,2022-03-12T17:15:43.754Z,2022-05-16T17:15:38.928Z
chip_061_112,11TNM,2022-06-25T18:51:35.051Z,2022-07-25T18:51:35.110Z,2022-08-29T18:51:42.486Z
chip_226_291,14SLG,2022-03-01T17:43:34.008Z,2022-06-24T17:43:35.491Z,2022-09-27T17:43:37.853Z
chip_145_469,16TEM,2022-05-07T16:41:52.147Z,2022-06-16T16:41:59.644Z,2022-07-21T16:42:07.033Z
chip_086_216,12TYR,2022-03-30T18:11:35.093Z,2022-07-21T18:21:40.185Z,2022-09-26T18:11:39.990Z
chip_162_460,16TDL,2022-03-21T16:52:08.313Z,2022-07-09T16:52:15.202Z,2022-08-18T16:52:12.424Z
chip_220_428,15SYC,2022-03-01T16:52:58.989Z,2022-06-19T16:53:06.682Z,2022-09-27T16:53:02.464Z
chip_331_495,16RFV,2022-03-05T16:34:47.816Z,2022-04-04T16:34:47.229Z,2022-04-19T16:34:54.650Z
chip_161_423,16TBM,2022-05-13T17:01:58.996Z,2022-06-27T17:02:13.322Z,2022-08-31T17:02:01.571Z
chip_152_404,15TXG,2022-06-02T17:02:03.203Z,2022-06-27T17:02:16.391Z,2022-09-30T17:02:02.980Z
chip_187_259,13TFE,2022-03-19T17:52:50.140Z,2022-07-07T17:52:57.049Z,2022-09-30T17:52:59.389Z
chip_219_266,13SGC,2022-03-01T17:43:24.985Z,2022-06-14T17:43:25.007Z,2022-09-27T17:43:28.829Z
chip_134_440,16TCN,2022-05-13T17:01:40.144Z,2022-06-27T17:01:54.466Z,2022-09-30T17:01:41.069Z
chip_160_615,18TWK,2022-04-02T15:52:02.248Z,2022-06-26T15:52:18.264Z,2022-09-19T15:52:07.117Z
chip_093_353,14TQR,2022-05-27T17:31:17.799Z,2022-08-10T17:31:13.982Z,2022-09-04T17:31:22.080Z
chip_088_265,13TFL,2022-03-27T18:01:23.974Z,2022-07-20T18:01:26.334Z,2022-09-03T18:01:33.293Z
chip_045_229,13UCP,2022-03-30T18:10:49.097Z,2022-08-07T18:10:58.256Z,2022-09-26T18:10:53.989Z
chip_196_369,15SUD,2022-03-02T17:12:57.262Z,2022-07-10T17:13:07.352Z,2022-09-28T17:13:01.736Z
chip_320_534,17RLQ,2022-03-02T16:24:41.634Z,2022-04-11T16:24:41.412Z,2022-09-23T16:24:51.764Z
chip_171_587,18TUK,2022-03-16T16:02:07.538Z,2022-06-19T16:02:21.115Z,2022-08-18T16:02:22.029Z
chip_246_435,16SBF,2022-04-10T16:53:26.868Z,2022-06-19T16:53:34.519Z,2022-09-12T16:53:40.407Z
chip_234_370,15SUB,2022-03-02T17:13:26.997Z,2022-06-30T17:13:36.411Z,2022-09-28T17:13:30.731Z
chip_288_311,14SNC,2022-03-20T17:24:27.242Z,2022-05-09T17:24:26.421Z,2022-09-26T17:24:29.674Z
chip_185_404,15TXE,2022-07-12T17:02:37.322Z,2022-09-20T17:02:34.300Z,2022-09-30T17:02:32.251Z
chip_213_466,16SDH,2022-03-13T16:43:01.398Z,2022-07-21T16:43:08.614Z,2022-09-24T16:42:58.140Z
chip_174_408,15TXF,2022-05-13T17:02:16.723Z,2022-07-12T17:02:22.720Z,2022-09-30T17:02:17.640Z
chip_107_105,11TNJ,2022-06-15T18:52:16.782Z,2022-06-30T18:52:26.053Z,2022-09-08T18:52:24.230Z
chip_168_274,13TGF,2022-03-19T17:52:31.824Z,2022-07-17T17:52:38.536Z,2022-09-30T17:52:41.069Z
chip_053_116,11TNM,2022-06-25T18:51:35.051Z,2022-07-25T18:51:35.110Z,2022-08-29T18:51:42.486Z
chip_251_485,16SEE,2022-03-03T16:43:40.806Z,2022-05-17T16:43:36.583Z,2022-09-29T16:43:44.436Z
chip_330_523,17RKQ,2022-03-27T16:24:51.448Z,2022-05-11T16:24:46.643Z,2022-09-23T16:24:55.833Z
chip_051_235,13UCP,2022-03-30T18:10:49.097Z,2022-08-07T18:10:58.256Z,2022-09-26T18:10:53.989Z
chip_173_503,17TKE,2022-05-09T16:32:25.289Z,2022-06-18T16:32:32.848Z,2022-07-03T16:32:26.460Z
chip_132_438,16TCP,2022-06-17T17:01:39.034Z,2022-06-22T17:01:32.473Z,2022-06-27T17:01:40.491Z
chip_109_335,14TPQ,2022-05-27T17:31:35.657Z,2022-08-05T17:31:39.243Z,2022-09-04T17:31:39.935Z
chip_185_241,13TEE,2022-04-18T17:52:50.986Z,2022-07-02T17:53:08.431Z,2022-09-05T17:52:57.041Z
chip_059_116,11TNM,2022-06-25T18:51:35.051Z,2022-07-25T18:51:35.110Z,2022-08-29T18:51:42.486Z
chip_112_321,14TNQ,2022-03-01T17:41:31.513Z,2022-07-19T17:41:39.786Z,2022-09-12T17:41:30.070Z
chip_277_252,13SFU,2022-03-01T17:44:26.270Z,2022-05-30T17:44:30.615Z,2022-09-27T17:44:30.115Z
chip_259_331,14SPE,2022-03-15T17:24:00.935Z,2022-04-14T17:24:00.046Z,2022-09-26T17:23:57.391Z
chip_131_429,15TYJ,2022-05-13T17:01:29.790Z,2022-07-12T17:01:35.794Z,2022-09-30T17:01:30.715Z
chip_180_339,14TPL,2022-03-08T17:32:29.975Z,2022-07-21T17:32:30.951Z,2022-09-29T17:32:25.582Z
chip_131_421,15TYJ,2022-05-13T17:01:29.790Z,2022-07-12T17:01:35.794Z,2022-09-30T17:01:30.715Z
chip_251_259,13SFA,2022-06-29T17:44:06.773Z,2022-08-28T17:44:06.360Z,2022-09-17T17:44:02.588Z
chip_200_441,16SCJ,2022-03-16T16:52:46.984Z,2022-06-14T16:52:47.987Z,2022-06-29T16:52:48.285Z
chip_223_480,16SEG,2022-03-03T16:43:11.989Z,2022-05-17T16:43:07.763Z,2022-07-21T16:43:19.572Z
chip_331_510,16RGV,2022-03-02T16:24:48.107Z,2022-04-01T16:24:47.778Z,2022-09-23T16:24:58.240Z
chip_146_494,17TKG,2022-03-20T16:31:56.041Z,2022-06-21T16:42:00.635Z,2022-09-14T16:41:50.538Z
chip_042_100,11TLN,2022-03-05T19:01:24.297Z,2022-08-02T19:01:30.966Z,2022-09-06T19:01:22.169Z
chip_160_483,16TFL,2022-04-17T16:42:02.666Z,2022-06-21T16:42:18.902Z,2022-09-14T16:42:08.803Z
chip_240_588,17SQV,2022-03-21T16:03:30.091Z,2022-06-19T16:03:38.547Z,2022-09-27T16:03:34.104Z
chip_094_329,14TNR,2022-03-26T17:41:11.193Z,2022-08-08T17:41:25.525Z,2022-09-12T17:41:15.871Z
chip_219_451,16SCH,2022-03-16T16:53:01.377Z,2022-06-19T16:53:01.903Z,2022-09-12T16:53:07.791Z
chip_256_424,15SYV,2022-04-10T16:53:42.871Z,2022-08-13T16:53:58.466Z,2022-09-12T16:53:56.431Z
chip_363_321,14RNT,2022-03-15T17:25:45.807Z,2022-03-30T17:25:38.517Z,2022-05-14T17:25:46.104Z
chip_231_294,14SLG,2022-03-01T17:43:34.008Z,2022-06-24T17:43:35.491Z,2022-09-27T17:43:37.853Z
chip_181_503,17TKE,2022-05-09T16:32:25.289Z,2022-06-18T16:32:32.848Z,2022-07-03T16:32:26.460Z
chip_220_440,16SCH,2022-03-16T16:53:01.377Z,2022-06-19T16:53:01.903Z,2022-09-12T16:53:07.791Z
chip_143_426,15TYH,2022-05-13T17:01:44.460Z,2022-06-22T17:01:50.779Z,2022-09-30T17:01:45.385Z
chip_134_426,15TYJ,2022-05-13T17:01:29.790Z,2022-07-12T17:01:35.794Z,2022-09-30T17:01:30.715Z
chip_067_087,11TLL,2022-05-04T19:01:53.798Z,2022-08-12T19:02:01.232Z,2022-09-26T19:01:49.367Z
chip_128_478,16TFP,2022-05-07T16:41:19.793Z,2022-06-16T16:41:27.310Z,2022-09-09T16:41:34.405Z
chip_172_611,18SVJ,2022-03-11T16:02:24.161Z,2022-06-19T16:02:31.799Z,2022-09-27T16:02:27.348Z
chip_167_611,18TVK,2022-03-16T16:02:03.926Z,2022-06-19T16:02:17.493Z,2022-08-18T16:02:18.409Z
chip_205_283,14SKJ,2022-03-01T17:43:09.691Z,2022-06-14T17:43:09.715Z,2022-09-17T17:43:15.004Z
chip_239_446,16SCF,2022-03-01T16:53:22.784Z,2022-06-19T16:53:30.476Z,2022-09-27T16:53:26.267Z
chip_135_401,15TWH,2022-03-27T17:11:46.585Z,2022-04-21T17:11:53.976Z,2022-06-20T17:12:01.314Z
chip_166_382,15TVF,2022-04-16T17:12:17.935Z,2022-07-20T17:12:33.442Z,2022-09-28T17:12:29.240Z
chip_157_520,17TLF,2022-04-14T16:31:59.291Z,2022-06-18T16:32:14.503Z,2022-07-03T16:32:08.113Z
chip_183_489,16TFK,2022-04-17T16:42:17.192Z,2022-06-21T16:42:33.431Z,2022-07-21T16:42:32.636Z
chip_215_467,16SEH,2022-03-13T16:42:57.934Z,2022-06-21T16:43:05.949Z,2022-09-19T16:43:01.935Z
chip_347_398,15RWP,2022-03-26T16:55:22.449Z,2022-03-31T16:55:16.191Z,2022-09-27T16:55:19.946Z
chip_133_498,16TGN,2022-04-12T16:41:36.737Z,2022-06-16T16:41:38.174Z,2022-06-21T16:41:39.287Z
chip_037_101,11TLN,2022-03-05T19:01:24.297Z,2022-08-02T19:01:30.966Z,2022-09-06T19:01:22.169Z
chip_233_369,15SUB,2022-03-02T17:13:26.997Z,2022-06-30T17:13:36.411Z,2022-09-28T17:13:30.731Z
chip_165_583,18TTK,2022-03-04T16:12:13.645Z,2022-03-29T16:12:06.725Z,2022-04-28T16:12:02.492Z
chip_233_484,16SFG,2022-03-20T16:33:12.005Z,2022-07-23T16:33:13.462Z,2022-09-26T16:33:15.835Z
chip_217_426,15SYC,2022-03-01T16:52:58.989Z,2022-06-19T16:53:06.682Z,2022-09-27T16:53:02.464Z
chip_214_305,14SMH,2022-03-28T17:33:19.183Z,2022-06-11T17:33:19.319Z,2022-09-29T17:33:16.289Z
chip_128_443,16TCP,2022-06-17T17:01:39.034Z,2022-06-22T17:01:32.473Z,2022-06-27T17:01:40.491Z
chip_116_409,15TXK,2022-06-20T17:11:28.687Z,2022-09-03T17:11:18.203Z,2022-09-13T17:11:18.766Z
chip_324_517,16RGV,2022-03-02T16:24:48.107Z,2022-04-01T16:24:47.778Z,2022-09-23T16:24:58.240Z
chip_327_521,17RKQ,2022-03-27T16:24:51.448Z,2022-05-11T16:24:46.643Z,2022-09-23T16:24:55.833Z
chip_183_512,17TLE,2022-05-09T16:32:21.253Z,2022-06-03T16:32:17.171Z,2022-06-18T16:32:28.798Z
chip_130_382,15TVJ,2022-03-15T17:21:38.802Z,2022-07-18T17:21:39.721Z,2022-09-11T17:21:45.385Z
chip_313_475,16SDA,2022-03-13T16:44:42.559Z,2022-09-14T16:44:40.491Z,2022-09-29T16:44:45.823Z
chip_087_335,14TPS,2022-05-27T17:31:06.526Z,2022-08-10T17:31:02.702Z,2022-09-04T17:31:10.818Z
chip_316_523,17SKR,2022-03-02T16:24:31.364Z,2022-05-11T16:24:32.306Z,2022-06-20T16:24:39.002Z
chip_151_480,16TFM,2022-04-12T16:41:54.888Z,2022-06-16T16:41:56.352Z,2022-09-14T16:41:54.418Z
chip_163_479,16TFL,2022-04-17T16:42:02.666Z,2022-06-21T16:42:18.902Z,2022-09-14T16:42:08.803Z
chip_283_264,13SGU,2022-03-01T17:44:23.180Z,2022-05-30T17:44:27.524Z,2022-09-07T17:44:31.086Z
chip_171_585,18TUK,2022-03-16T16:02:07.538Z,2022-06-19T16:02:21.115Z,2022-08-18T16:02:22.029Z
chip_092_322,14TNR,2022-03-26T17:41:11.193Z,2022-08-08T17:41:25.525Z,2022-09-12T17:41:15.871Z
chip_145_472,16TEM,2022-05-07T16:41:52.147Z,2022-06-16T16:41:59.644Z,2022-07-21T16:42:07.033Z
chip_114_429,15TYK,2022-05-13T17:01:15.357Z,2022-06-27T17:01:29.706Z,2022-08-31T17:01:17.915Z
chip_261_412,15SXV,2022-03-04T17:03:42.371Z,2022-07-22T17:03:50.165Z,2022-09-30T17:03:44.502Z
chip_185_433,16TBK,2022-03-14T17:02:27.034Z,2022-07-12T17:02:33.318Z,2022-09-30T17:02:28.248Z
chip_208_361,15SUD,2022-03-02T17:12:57.262Z,2022-07-10T17:13:07.352Z,2022-09-28T17:13:01.736Z
chip_281_559,17SNT,2022-03-04T16:14:02.379Z,2022-05-18T16:13:58.236Z,2022-09-20T16:14:06.282Z
chip_332_506,16RFV,2022-03-05T16:34:47.816Z,2022-04-04T16:34:47.229Z,2022-04-19T16:34:54.650Z
chip_257_273,14SKE,2022-03-01T17:44:07.088Z,2022-05-30T17:44:11.442Z,2022-09-27T17:44:10.935Z
chip_280_560,17SNT,2022-03-04T16:14:02.379Z,2022-05-18T16:13:58.236Z,2022-09-20T16:14:06.282Z
chip_132_488,16TFN,2022-04-12T16:41:40.271Z,2022-06-16T16:41:41.717Z,2022-06-21T16:41:49.903Z
chip_177_265,13TFF,2022-03-19T17:52:35.615Z,2022-06-27T17:52:42.688Z,2022-09-20T17:52:45.240Z
chip_218_451,16SCH,2022-03-16T16:53:01.377Z,2022-06-19T16:53:01.903Z,2022-09-12T16:53:07.791Z
chip_214_311,14SMH,2022-03-28T17:33:19.183Z,2022-06-11T17:33:19.319Z,2022-09-29T17:33:16.289Z
chip_225_438,16SBG,2022-03-16T16:53:19.615Z,2022-06-29T16:53:20.916Z,2022-09-12T16:53:26.044Z
chip_113_422,15TYK,2022-05-13T17:01:15.357Z,2022-06-27T17:01:29.706Z,2022-08-31T17:01:17.915Z
chip_307_525,17SKR,2022-03-02T16:24:31.364Z,2022-05-11T16:24:32.306Z,2022-06-20T16:24:39.002Z
chip_139_421,15TYH,2022-05-13T17:01:44.460Z,2022-06-22T17:01:50.779Z,2022-09-30T17:01:45.385Z
chip_103_347,14TQR,2022-05-27T17:31:17.799Z,2022-08-10T17:31:13.982Z,2022-09-04T17:31:22.080Z
chip_191_403,15TWE,2022-04-16T17:12:28.395Z,2022-07-05T17:12:37.457Z,2022-09-28T17:12:39.688Z
chip_220_266,13SGC,2022-03-01T17:43:24.985Z,2022-06-14T17:43:25.007Z,2022-09-27T17:43:28.829Z
chip_258_270,13SGV,2022-03-26T17:44:02.711Z,2022-06-24T17:44:10.306Z,2022-09-27T17:44:12.666Z
chip_242_332,14SPF,2022-03-15T17:23:46.321Z,2022-07-18T17:23:47.230Z,2022-09-26T17:23:42.780Z
chip_034_104,11TMN,2022-06-23T19:01:28.505Z,2022-08-07T19:01:20.304Z,2022-09-26T19:01:16.515Z
chip_317_368,15SUR,2022-03-19T17:04:57.241Z,2022-05-28T17:05:01.339Z,2022-09-30T17:04:53.065Z
chip_105_418,15TYK,2022-05-13T17:01:15.357Z,2022-06-27T17:01:29.706Z,2022-08-31T17:01:17.915Z
chip_203_435,16SBJ,2022-03-01T16:52:43.726Z,2022-06-29T16:52:52.193Z,2022-09-27T16:52:47.199Z
chip_101_358,14TQR,2022-05-27T17:31:17.799Z,2022-08-10T17:31:13.982Z,2022-09-04T17:31:22.080Z
chip_229_592,18STF,2022-03-21T16:03:14.110Z,2022-07-24T16:03:15.896Z,2022-09-27T16:03:18.121Z
chip_109_334,14TPQ,2022-05-27T17:31:35.657Z,2022-08-05T17:31:39.243Z,2022-09-04T17:31:39.935Z
chip_144_444,16TCN,2022-05-13T17:01:40.144Z,2022-06-27T17:01:54.466Z,2022-09-30T17:01:41.069Z
chip_114_438,16TCQ,2022-05-13T17:01:11.858Z,2022-06-27T17:01:26.198Z,2022-09-30T17:01:12.779Z
chip_046_044,10TES,2022-04-07T19:11:41.780Z,2022-07-31T19:11:45.960Z,2022-09-19T19:11:42.630Z
chip_416_319,14RNQ,2022-03-12T17:16:33.571Z,2022-05-21T17:16:36.040Z,2022-08-04T17:16:33.979Z
chip_141_484,16TFN,2022-04-12T16:41:40.271Z,2022-06-16T16:41:41.717Z,2022-06-21T16:41:49.903Z
chip_234_292,14SLG,2022-03-01T17:43:34.008Z,2022-06-24T17:43:35.491Z,2022-09-27T17:43:37.853Z
chip_163_526,17TMF,2022-03-02T16:21:59.411Z,2022-06-30T16:22:07.704Z,2022-07-10T16:22:07.211Z
chip_167_425,16TBL,2022-05-13T17:02:13.233Z,2022-07-12T17:02:19.231Z,2022-09-30T17:02:14.155Z
chip_091_336,14TPS,2022-05-27T17:31:06.526Z,2022-08-10T17:31:02.702Z,2022-09-04T17:31:10.818Z
chip_185_263,13TFE,2022-03-19T17:52:50.140Z,2022-07-07T17:52:57.049Z,2022-09-30T17:52:59.389Z
chip_101_355,14TQR,2022-05-27T17:31:17.799Z,2022-08-10T17:31:13.982Z,2022-09-04T17:31:22.080Z
chip_058_076,10TGR,2022-06-28T19:01:57.264Z,2022-08-17T19:01:54.352Z,2022-09-26T19:01:52.484Z
chip_098_103,11TNJ,2022-06-15T18:52:16.782Z,2022-06-30T18:52:26.053Z,2022-09-08T18:52:24.230Z
chip_199_425,15SYD,2022-03-09T17:02:47.765Z,2022-07-22T17:02:48.745Z,2022-09-30T17:02:43.072Z
chip_185_410,15TXE,2022-07-12T17:02:37.322Z,2022-09-20T17:02:34.300Z,2022-09-30T17:02:32.251Z
chip_104_333,14TPR,2022-05-27T17:31:21.247Z,2022-08-10T17:31:17.428Z,2022-09-04T17:31:25.536Z
chip_101_103,11TNJ,2022-06-15T18:52:16.782Z,2022-06-30T18:52:26.053Z,2022-09-08T18:52:24.230Z
chip_215_241,13SEC,2022-04-08T17:53:21.393Z,2022-05-13T17:53:28.375Z,2022-06-17T17:53:28.633Z
chip_309_526,17SKR,2022-03-02T16:24:31.364Z,2022-05-11T16:24:32.306Z,2022-06-20T16:24:39.002Z
chip_243_446,16SCF,2022-03-01T16:53:22.784Z,2022-06-19T16:53:30.476Z,2022-09-27T16:53:26.267Z
chip_270_264,13SGU,2022-03-01T17:44:23.180Z,2022-05-30T17:44:27.524Z,2022-09-07T17:44:31.086Z
chip_199_283,14SKJ,2022-03-01T17:43:09.691Z,2022-06-14T17:43:09.715Z,2022-09-17T17:43:15.004Z
chip_369_341,14RQT,2022-03-02T17:15:43.242Z,2022-03-12T17:15:43.754Z,2022-05-16T17:15:38.928Z
chip_256_446,16SCE,2022-03-01T16:53:36.816Z,2022-06-19T16:53:44.502Z,2022-09-27T16:53:40.300Z
chip_155_483,16TFM,2022-04-12T16:41:54.888Z,2022-06-16T16:41:56.352Z,2022-09-14T16:41:54.418Z
chip_193_318,14TNK,2022-03-28T17:32:46.713Z,2022-08-05T17:32:55.308Z,2022-09-24T17:32:45.242Z
chip_214_449,16SCH,2022-03-16T16:53:01.377Z,2022-06-19T16:53:01.903Z,2022-09-12T16:53:07.791Z
chip_069_294,14TLT,2022-03-19T17:50:47.906Z,2022-07-12T17:51:02.643Z,2022-09-05T17:50:51.524Z
chip_092_356,14TQR,2022-05-27T17:31:17.799Z,2022-08-10T17:31:13.982Z,2022-09-04T17:31:22.080Z
chip_072_280,13TGN,2022-03-19T17:50:50.404Z,2022-07-17T17:50:57.136Z,2022-09-10T17:51:03.137Z
chip_204_389,15SVD,2022-04-26T17:12:44.200Z,2022-06-30T17:13:03.832Z,2022-09-28T17:12:58.154Z
chip_266_439,16SBE,2022-03-01T16:53:41.246Z,2022-06-24T16:53:57.039Z,2022-09-27T16:53:44.735Z
chip_250_272,14SKF,2022-03-01T17:43:52.746Z,2022-05-30T17:43:57.094Z,2022-09-27T17:43:56.593Z
chip_157_468,16TEM,2022-05-07T16:41:52.147Z,2022-06-16T16:41:59.644Z,2022-07-21T16:42:07.033Z
chip_131_476,16TFN,2022-04-12T16:41:40.271Z,2022-06-16T16:41:41.717Z,2022-06-21T16:41:49.903Z
chip_118_437,16TCP,2022-06-17T17:01:39.034Z,2022-06-22T17:01:32.473Z,2022-06-27T17:01:40.491Z
chip_357_370,15RUP,2022-03-24T17:05:20.143Z,2022-05-28T17:05:30.209Z,2022-09-30T17:05:21.936Z
chip_171_521,17TLE,2022-05-09T16:32:21.253Z,2022-06-03T16:32:17.171Z,2022-06-18T16:32:28.798Z
chip_215_314,14SNH,2022-03-03T17:33:10.094Z,2022-03-28T17:33:15.559Z,2022-09-04T17:33:24.834Z
chip_191_473,16SEJ,2022-05-17T16:42:38.775Z,2022-06-21T16:42:51.385Z,2022-07-21T16:42:50.590Z
chip_184_363,15TUE,2022-03-15T17:22:39.962Z,2022-06-03T17:22:43.933Z,2022-09-26T17:22:36.421Z
chip_126_481,16TFP,2022-05-07T16:41:19.793Z,2022-06-16T16:41:27.310Z,2022-09-09T16:41:34.405Z
chip_329_496,16RFV,2022-03-05T16:34:47.816Z,2022-04-04T16:34:47.229Z,2022-04-19T16:34:54.650Z
chip_194_331,14TPK,2022-03-03T17:32:37.196Z,2022-06-21T17:32:44.758Z,2022-09-29T17:32:39.763Z
chip_256_444,16SCE,2022-03-01T16:53:36.816Z,2022-06-19T16:53:44.502Z,2022-09-27T16:53:40.300Z
chip_165_521,17TLF,2022-04-14T16:31:59.291Z,2022-06-18T16:32:14.503Z,2022-07-03T16:32:08.113Z
chip_107_407,15TXK,2022-06-20T17:11:28.687Z,2022-09-03T17:11:18.203Z,2022-09-13T17:11:18.766Z
chip_167_437,16TCL,2022-03-21T16:52:12.131Z,2022-06-29T16:52:19.405Z,2022-07-14T16:52:26.805Z
chip_219_437,16SBH,2022-03-16T16:53:05.142Z,2022-03-26T16:53:03.963Z,2022-06-19T16:53:05.668Z
chip_230_302,14SMG,2022-03-03T17:33:28.163Z,2022-05-27T17:33:38.640Z,2022-09-04T17:33:42.905Z
chip_175_236,13TDF,2022-04-21T18:02:36.083Z,2022-08-29T18:02:41.860Z,2022-09-23T18:02:48.196Z
chip_242_466,16SDF,2022-03-03T16:43:29.996Z,2022-06-21T16:43:38.389Z,2022-09-29T16:43:33.623Z
chip_237_472,16SEF,2022-03-03T16:43:26.432Z,2022-05-17T16:43:22.211Z,2022-09-29T16:43:30.061Z
chip_115_503,17TLJ,2022-04-29T16:31:24.943Z,2022-06-23T16:31:24.610Z,2022-09-01T16:31:20.910Z
chip_207_389,15SVD,2022-04-26T17:12:44.200Z,2022-06-30T17:13:03.832Z,2022-09-28T17:12:58.154Z
chip_228_285,14SLG,2022-03-01T17:43:34.008Z,2022-06-24T17:43:35.491Z,2022-09-27T17:43:37.853Z
chip_131_320,14TNP,2022-04-02T17:31:42.748Z,2022-07-31T17:31:50.927Z,2022-09-04T17:31:57.900Z
chip_149_487,16TFM,2022-04-12T16:41:54.888Z,2022-06-16T16:41:56.352Z,2022-09-14T16:41:54.418Z
chip_114_448,16TDQ,2022-05-15T16:51:17.294Z,2022-07-09T16:51:17.462Z,2022-07-14T16:51:25.242Z
chip_086_204,12TXR,2022-06-16T18:21:31.303Z,2022-06-26T18:21:38.015Z,2022-07-21T18:21:44.201Z
chip_332_508,16RGV,2022-03-02T16:24:48.107Z,2022-04-01T16:24:47.778Z,2022-09-23T16:24:58.240Z
chip_230_279,14SKG,2022-03-01T17:43:38.485Z,2022-05-30T17:43:42.836Z,2022-09-27T17:43:42.329Z
chip_089_201,12TXR,2022-06-16T18:21:31.303Z,2022-06-26T18:21:38.015Z,2022-07-21T18:21:44.201Z
chip_282_404,15SWU,2022-03-04T17:04:00.648Z,2022-07-12T17:04:07.840Z,2022-09-30T17:04:02.779Z
chip_146_479,16TFM,2022-04-12T16:41:54.888Z,2022-06-16T16:41:56.352Z,2022-09-14T16:41:54.418Z
chip_132_500,16TGN,2022-04-12T16:41:36.737Z,2022-06-16T16:41:38.174Z,2022-06-21T16:41:39.287Z
chip_100_318,14TNR,2022-03-26T17:41:11.193Z,2022-08-08T17:41:25.525Z,2022-09-12T17:41:15.871Z
chip_033_097,11TLN,2022-03-05T19:01:24.297Z,2022-08-02T19:01:30.966Z,2022-09-06T19:01:22.169Z
chip_113_331,14TPQ,2022-05-27T17:31:35.657Z,2022-08-05T17:31:39.243Z,2022-09-04T17:31:39.935Z
chip_215_454,16SDH,2022-03-13T16:43:01.398Z,2022-07-21T16:43:08.614Z,2022-09-24T16:42:58.140Z
chip_194_296,14TLK,2022-03-26T17:42:45.360Z,2022-07-09T17:43:01.000Z,2022-09-07T17:42:59.364Z
chip_377_349,14RQS,2022-03-12T17:15:58.161Z,2022-03-22T17:15:57.186Z,2022-09-28T17:16:01.382Z
chip_225_482,16SEG,2022-03-03T16:43:11.989Z,2022-05-17T16:43:07.763Z,2022-07-21T16:43:19.572Z
chip_229_276,14SKG,2022-03-01T17:43:38.485Z,2022-05-30T17:43:42.836Z,2022-09-27T17:43:42.329Z
chip_119_403,15TXK,2022-06-20T17:11:28.687Z,2022-09-03T17:11:18.203Z,2022-09-13T17:11:18.766Z
chip_142_487,16TFN,2022-04-12T16:41:40.271Z,2022-06-16T16:41:41.717Z,2022-06-21T16:41:49.903Z
chip_174_503,17TKE,2022-05-09T16:32:25.289Z,2022-06-18T16:32:32.848Z,2022-07-03T16:32:26.460Z
chip_364_321,14RNT,2022-03-15T17:25:45.807Z,2022-03-30T17:25:38.517Z,2022-05-14T17:25:46.104Z
chip_248_270,13SGA,2022-03-01T17:43:54.149Z,2022-05-30T17:43:58.495Z,2022-09-17T17:43:59.457Z
chip_133_303,14TMP,2022-06-19T17:41:58.347Z,2022-07-09T17:41:59.588Z,2022-07-19T17:41:58.325Z
chip_140_494,16TGN,2022-04-12T16:41:36.737Z,2022-06-16T16:41:38.174Z,2022-06-21T16:41:39.287Z
chip_195_486,16SFJ,2022-04-27T16:42:28.719Z,2022-05-17T16:42:35.165Z,2022-06-21T16:42:47.768Z
chip_343_339,14RQV,2022-04-06T17:15:07.317Z,2022-09-13T17:15:12.464Z,2022-09-28T17:15:17.760Z
chip_142_490,16TGN,2022-04-12T16:41:36.737Z,2022-06-16T16:41:38.174Z,2022-06-21T16:41:39.287Z
chip_232_595,18STF,2022-03-21T16:03:14.110Z,2022-07-24T16:03:15.896Z,2022-09-27T16:03:18.121Z
chip_255_438,16SBE,2022-03-01T16:53:41.246Z,2022-06-24T16:53:57.039Z,2022-09-27T16:53:44.735Z
chip_337_506,16RFU,2022-03-05T16:35:02.106Z,2022-04-04T16:35:01.522Z,2022-08-17T16:35:17.299Z
chip_352_420,15RXP,2022-03-26T16:55:19.215Z,2022-04-10T16:55:13.268Z,2022-09-27T16:55:16.715Z
chip_106_441,16TCQ,2022-05-13T17:01:11.858Z,2022-06-27T17:01:26.198Z,2022-09-30T17:01:12.779Z
chip_109_321,14TNQ,2022-03-01T17:41:31.513Z,2022-07-19T17:41:39.786Z,2022-09-12T17:41:30.070Z
chip_235_584,17SQV,2022-03-21T16:03:30.091Z,2022-06-19T16:03:38.547Z,2022-09-27T16:03:34.104Z
chip_415_315,14RNQ,2022-03-12T17:16:33.571Z,2022-05-21T17:16:36.040Z,2022-08-04T17:16:33.979Z
chip_165_476,16TEL,2022-04-27T16:42:03.179Z,2022-06-21T16:42:22.255Z,2022-09-14T16:42:12.150Z
chip_133_363,15TUJ,2022-06-23T17:21:51.496Z,2022-07-13T17:21:51.820Z,2022-08-02T17:21:49.673Z
chip_171_477,16TEL,2022-04-27T16:42:03.179Z,2022-06-21T16:42:22.255Z,2022-09-14T16:42:12.150Z
chip_224_298,14SMH,2022-03-28T17:33:19.183Z,2022-06-11T17:33:19.319Z,2022-09-29T17:33:16.289Z
chip_066_347,14TQT,2022-04-27T17:30:46.503Z,2022-06-06T17:30:49.308Z,2022-08-30T17:30:39.524Z
chip_196_333,14SPJ,2022-03-15T17:23:02.636Z,2022-06-28T17:23:03.833Z,2022-09-16T17:23:00.524Z
chip_217_434,16SBH,2022-03-16T16:53:05.142Z,2022-03-26T16:53:03.963Z,2022-06-19T16:53:05.668Z
chip_210_391,15SWD,2022-07-12T17:02:55.186Z,2022-08-31T17:02:51.751Z,2022-09-30T17:02:50.103Z
chip_120_430,16TCP,2022-06-17T17:01:39.034Z,2022-06-22T17:01:32.473Z,2022-06-27T17:01:40.491Z
chip_219_431,16SBH,2022-03-16T16:53:05.142Z,2022-03-26T16:53:03.963Z,2022-06-19T16:53:05.668Z
chip_287_391,15SVT,2022-03-09T17:04:25.183Z,2022-06-12T17:04:24.061Z,2022-09-30T17:04:20.482Z
chip_087_268,13TFM,2022-05-26T18:01:14.490Z,2022-08-29T18:01:07.733Z,2022-09-03T18:01:19.018Z
chip_320_522,17SKR,2022-03-02T16:24:31.364Z,2022-05-11T16:24:32.306Z,2022-06-20T16:24:39.002Z
chip_329_488,16REV,2022-03-20T16:34:57.199Z,2022-04-09T16:34:55.187Z,2022-06-23T16:34:58.631Z
chip_163_519,17TLF,2022-04-14T16:31:59.291Z,2022-06-18T16:32:14.503Z,2022-07-03T16:32:08.113Z
chip_221_432,16SBH,2022-03-16T16:53:05.142Z,2022-03-26T16:53:03.963Z,2022-06-19T16:53:05.668Z
chip_182_022,10SFG,2022-03-20T19:04:04.122Z,2022-05-19T19:04:05.972Z,2022-09-06T19:04:07.925Z
chip_219_314,14SNH,2022-03-03T17:33:10.094Z,2022-03-28T17:33:15.559Z,2022-09-04T17:33:24.834Z
chip_080_230,13TCM,2022-06-23T18:11:20.233Z,2022-07-28T18:11:24.720Z,2022-09-11T18:11:17.384Z
chip_092_323,14TNR,2022-03-26T17:41:11.193Z,2022-08-08T17:41:25.525Z,2022-09-12T17:41:15.871Z
chip_120_448,16TDP,2022-06-09T16:51:29.385Z,2022-07-09T16:51:32.085Z,2022-07-14T16:51:39.868Z
chip_181_605,18SVJ,2022-03-11T16:02:24.161Z,2022-06-19T16:02:31.799Z,2022-09-27T16:02:27.348Z
chip_086_361,15TUM,2022-04-27T17:30:57.572Z,2022-06-23T17:21:08.406Z,2022-09-11T17:21:06.574Z
chip_087_364,15TUM,2022-04-27T17:30:57.572Z,2022-06-23T17:21:08.406Z,2022-09-11T17:21:06.574Z
chip_374_346,14RQT,2022-03-02T17:15:43.242Z,2022-03-12T17:15:43.754Z,2022-05-16T17:15:38.928Z
chip_317_517,16SGA,2022-03-02T16:24:33.589Z,2022-05-11T16:24:34.530Z,2022-06-20T16:24:41.224Z
chip_191_471,16SEJ,2022-05-17T16:42:38.775Z,2022-06-21T16:42:51.385Z,2022-07-21T16:42:50.590Z
chip_306_541,17SLR,2022-03-27T16:24:33.268Z,2022-05-11T16:24:28.467Z,2022-06-20T16:24:35.156Z
chip_178_022,10SFH,2022-03-20T19:03:49.540Z,2022-04-24T19:03:56.550Z,2022-08-12T19:04:03.819Z
chip_219_444,16SCH,2022-03-16T16:53:01.377Z,2022-06-19T16:53:01.903Z,2022-09-12T16:53:07.791Z
chip_189_395,15TWE,2022-04-16T17:12:28.395Z,2022-07-05T17:12:37.457Z,2022-09-28T17:12:39.688Z
chip_182_426,16TBK,2022-03-14T17:02:27.034Z,2022-07-12T17:02:33.318Z,2022-09-30T17:02:28.248Z
chip_330_512,16RGV,2022-03-02T16:24:48.107Z,2022-04-01T16:24:47.778Z,2022-09-23T16:24:58.240Z
chip_180_579,18STJ,2022-03-04T16:12:27.950Z,2022-03-29T16:12:21.025Z,2022-04-28T16:12:16.790Z
chip_328_498,16RFV,2022-03-05T16:34:47.816Z,2022-04-04T16:34:47.229Z,2022-04-19T16:34:54.650Z
chip_304_542,17SLR,2022-03-27T16:24:33.268Z,2022-05-11T16:24:28.467Z,2022-06-20T16:24:35.156Z
chip_055_091,11TLM,2022-04-24T19:01:39.653Z,2022-08-07T19:01:38.839Z,2022-09-26T19:01:35.051Z
chip_125_484,16TFP,2022-05-07T16:41:19.793Z,2022-06-16T16:41:27.310Z,2022-09-09T16:41:34.405Z
chip_139_390,15TWH,2022-03-27T17:11:46.585Z,2022-04-21T17:11:53.976Z,2022-06-20T17:12:01.314Z
chip_329_511,16RGV,2022-03-02T16:24:48.107Z,2022-04-01T16:24:47.778Z,2022-09-23T16:24:58.240Z
chip_191_368,15TUE,2022-03-15T17:22:39.962Z,2022-06-03T17:22:43.933Z,2022-09-26T17:22:36.421Z
chip_196_288,14SLJ,2022-03-01T17:43:05.716Z,2022-07-19T17:43:13.994Z,2022-09-27T17:43:09.561Z
chip_131_404,15TXJ,2022-03-12T17:11:35.083Z,2022-04-21T17:11:35.596Z,2022-09-28T17:11:38.311Z
chip_228_323,14SNG,2022-03-13T17:33:25.476Z,2022-07-11T17:33:31.898Z,2022-09-09T17:33:29.312Z
chip_174_360,15TUF,2022-04-04T17:22:23.486Z,2022-06-28T17:22:27.188Z,2022-08-02T17:22:32.598Z
chip_180_609,18SVJ,2022-03-11T16:02:24.161Z,2022-06-19T16:02:31.799Z,2022-09-27T16:02:27.348Z
chip_184_458,16TDK,2022-03-16T16:52:28.667Z,2022-07-14T16:52:37.367Z,2022-09-27T16:52:24.978Z
chip_185_458,16TDK,2022-03-16T16:52:28.667Z,2022-07-14T16:52:37.367Z,2022-09-27T16:52:24.978Z
chip_205_292,14SLJ,2022-03-01T17:43:05.716Z,2022-07-19T17:43:13.994Z,2022-09-27T17:43:09.561Z
chip_166_412,15TXF,2022-05-13T17:02:16.723Z,2022-07-12T17:02:22.720Z,2022-09-30T17:02:17.640Z
chip_200_281,14SKJ,2022-03-01T17:43:09.691Z,2022-06-14T17:43:09.715Z,2022-09-17T17:43:15.004Z
chip_140_436,16TCN,2022-05-13T17:01:40.144Z,2022-06-27T17:01:54.466Z,2022-09-30T17:01:41.069Z
chip_203_337,14SPJ,2022-03-15T17:23:02.636Z,2022-06-28T17:23:03.833Z,2022-09-16T17:23:00.524Z
chip_141_409,15TXH,2022-06-17T17:02:00.485Z,2022-08-16T17:02:01.701Z,2022-09-30T17:01:48.511Z
chip_172_182,12TXK,2022-05-14T18:13:02.064Z,2022-08-17T18:13:15.945Z,2022-09-11T18:13:05.340Z
chip_207_410,15SXD,2022-06-17T17:02:58.727Z,2022-06-27T17:03:00.170Z,2022-07-12T17:02:51.831Z
chip_180_460,16TDK,2022-03-16T16:52:28.667Z,2022-07-14T16:52:37.367Z,2022-09-27T16:52:24.978Z
chip_095_338,14TPR,2022-05-27T17:31:21.247Z,2022-08-10T17:31:17.428Z,2022-09-04T17:31:25.536Z
chip_113_298,14TLQ,2022-03-19T17:51:30.541Z,2022-07-17T17:51:37.257Z,2022-09-25T17:51:33.091Z
chip_237_466,16SDF,2022-03-03T16:43:29.996Z,2022-06-21T16:43:38.389Z,2022-09-29T16:43:33.623Z
chip_208_372,15SUD,2022-03-02T17:12:57.262Z,2022-07-10T17:13:07.352Z,2022-09-28T17:13:01.736Z
chip_175_400,15TWF,2022-03-27T17:12:15.375Z,2022-04-16T17:12:14.188Z,2022-08-04T17:12:22.692Z
chip_096_303,14TMR,2022-03-26T17:41:15.079Z,2022-08-03T17:41:22.356Z,2022-09-12T17:41:19.761Z
chip_093_340,14TPR,2022-05-27T17:31:21.247Z,2022-08-10T17:31:17.428Z,2022-09-04T17:31:25.536Z
chip_263_449,16SCE,2022-03-01T16:53:36.816Z,2022-06-19T16:53:44.502Z,2022-09-27T16:53:40.300Z
chip_198_318,14SNJ,2022-04-17T17:33:02.364Z,2022-07-21T17:33:03.559Z,2022-09-29T17:32:58.191Z
chip_256_443,16SCE,2022-03-01T16:53:36.816Z,2022-06-19T16:53:44.502Z,2022-09-27T16:53:40.300Z
chip_236_593,18STE,2022-03-21T16:03:28.606Z,2022-04-25T16:03:19.048Z,2022-08-03T16:03:29.936Z
chip_323_417,15SXR,2022-03-01T16:54:44.092Z,2022-06-19T16:54:51.808Z,2022-09-27T16:54:47.591Z
chip_149_415,15TXH,2022-06-17T17:02:00.485Z,2022-08-16T17:02:01.701Z,2022-09-30T17:01:48.511Z
chip_105_293,14TLQ,2022-03-19T17:51:30.541Z,2022-07-17T17:51:37.257Z,2022-09-25T17:51:33.091Z
chip_194_261,13SFD,2022-03-24T17:53:09.278Z,2022-07-02T17:53:19.587Z,2022-09-25T17:53:07.116Z
chip_086_272,13TFM,2022-05-26T18:01:14.490Z,2022-08-29T18:01:07.733Z,2022-09-03T18:01:19.018Z
chip_219_250,13SFC,2022-03-19T17:53:19.037Z,2022-07-12T17:53:33.765Z,2022-09-30T17:53:28.288Z
chip_003_062,10UEV,2022-03-06T19:20:52.270Z,2022-07-19T19:21:06.409Z,2022-09-27T19:21:01.992Z
chip_296_540,17SLS,2022-03-02T16:24:13.087Z,2022-05-11T16:24:14.032Z,2022-09-23T16:24:23.219Z
chip_121_502,17TLJ,2022-04-29T16:31:24.943Z,2022-06-23T16:31:24.610Z,2022-09-01T16:31:20.910Z
chip_226_282,14SKG,2022-03-01T17:43:38.485Z,2022-05-30T17:43:42.836Z,2022-09-27T17:43:42.329Z
chip_264_583,17SQU,2022-03-21T16:03:44.609Z,2022-04-20T16:03:45.747Z,2022-04-25T16:03:35.059Z
chip_232_372,15SUB,2022-03-02T17:13:26.997Z,2022-06-30T17:13:36.411Z,2022-09-28T17:13:30.731Z
chip_220_487,16SFG,2022-03-20T16:33:12.005Z,2022-07-23T16:33:13.462Z,2022-09-26T16:33:15.835Z
chip_111_319,14TNQ,2022-03-01T17:41:31.513Z,2022-07-19T17:41:39.786Z,2022-09-12T17:41:30.070Z
chip_159_594,18TUK,2022-03-16T16:02:07.538Z,2022-06-19T16:02:21.115Z,2022-08-18T16:02:22.029Z
chip_283_448,16SCC,2022-03-03T16:44:16.894Z,2022-04-27T16:44:06.210Z,2022-09-29T16:44:20.521Z
chip_200_391,15SWD,2022-07-12T17:02:55.186Z,2022-08-31T17:02:51.751Z,2022-09-30T17:02:50.103Z
chip_285_307,14SMD,2022-04-07T17:34:15.062Z,2022-06-21T17:34:19.066Z,2022-09-29T17:34:14.072Z
chip_219_334,14SPH,2022-03-15T17:23:17.097Z,2022-06-28T17:23:18.300Z,2022-09-26T17:23:13.550Z
chip_297_429,15SYT,2022-03-01T16:54:11.933Z,2022-06-19T16:54:19.641Z,2022-09-27T16:54:15.427Z
chip_165_447,16TCL,2022-03-21T16:52:12.131Z,2022-06-29T16:52:19.405Z,2022-07-14T16:52:26.805Z
chip_116_427,15TYK,2022-05-13T17:01:15.357Z,2022-06-27T17:01:29.706Z,2022-08-31T17:01:17.915Z
chip_213_310,14SMH,2022-03-28T17:33:19.183Z,2022-06-11T17:33:19.319Z,2022-09-29T17:33:16.289Z
chip_138_426,15TYH,2022-05-13T17:01:44.460Z,2022-06-22T17:01:50.779Z,2022-09-30T17:01:45.385Z
chip_180_362,15TUF,2022-04-04T17:22:23.486Z,2022-06-28T17:22:27.188Z,2022-08-02T17:22:32.598Z
chip_238_444,16SCF,2022-03-01T16:53:22.784Z,2022-06-19T16:53:30.476Z,2022-09-27T16:53:26.267Z
chip_344_460,16RCU,2022-03-13T16:45:15.175Z,2022-09-14T16:45:13.106Z,2022-09-29T16:45:18.439Z
chip_120_126,11TPH,2022-07-22T18:42:32.805Z,2022-09-10T18:42:29.750Z,2022-09-25T18:42:34.937Z
chip_326_499,16RFV,2022-03-05T16:34:47.816Z,2022-04-04T16:34:47.229Z,2022-04-19T16:34:54.650Z
chip_322_543,17RLQ,2022-03-02T16:24:41.634Z,2022-04-11T16:24:41.412Z,2022-09-23T16:24:51.764Z
chip_313_519,17SKR,2022-03-02T16:24:31.364Z,2022-05-11T16:24:32.306Z,2022-06-20T16:24:39.002Z
chip_230_303,14SMG,2022-03-03T17:33:28.163Z,2022-05-27T17:33:38.640Z,2022-09-04T17:33:42.905Z
chip_235_599,18STE,2022-03-21T16:03:28.606Z,2022-04-25T16:03:19.048Z,2022-08-03T16:03:29.936Z
chip_101_102,11TMJ,2022-04-06T18:52:13.908Z,2022-07-25T18:52:22.109Z,2022-09-23T18:52:17.991Z
chip_336_533,17RKP,2022-03-02T16:25:00.171Z,2022-04-11T16:24:59.947Z,2022-09-23T16:25:10.300Z
chip_322_524,17RKQ,2022-03-27T16:24:51.448Z,2022-05-11T16:24:46.643Z,2022-09-23T16:24:55.833Z
chip_206_301,14SMJ,2022-04-02T17:32:58.694Z,2022-06-16T17:33:13.142Z,2022-09-04T17:33:13.848Z
chip_241_586,17SQV,2022-03-21T16:03:30.091Z,2022-06-19T16:03:38.547Z,2022-09-27T16:03:34.104Z
chip_319_318,14SNA,2022-03-10T17:24:56.332Z,2022-05-14T17:25:02.591Z,2022-09-26T17:24:58.773Z
chip_206_404,15SXD,2022-06-17T17:02:58.727Z,2022-06-27T17:03:00.170Z,2022-07-12T17:02:51.831Z
chip_150_418,16TBM,2022-05-13T17:01:58.996Z,2022-06-27T17:02:13.322Z,2022-08-31T17:02:01.571Z
chip_108_403,15TXK,2022-06-20T17:11:28.687Z,2022-09-03T17:11:18.203Z,2022-09-13T17:11:18.766Z
chip_107_335,14TPQ,2022-05-27T17:31:35.657Z,2022-08-05T17:31:39.243Z,2022-09-04T17:31:39.935Z
chip_105_617,18TXN,2022-04-02T15:51:15.140Z,2022-05-12T15:51:16.605Z,2022-09-24T15:51:25.586Z
chip_107_415,15TXK,2022-06-20T17:11:28.687Z,2022-09-03T17:11:18.203Z,2022-09-13T17:11:18.766Z
chip_289_306,14SMC,2022-03-18T17:34:32.355Z,2022-06-16T17:34:39.809Z,2022-09-29T17:34:28.358Z
chip_181_404,15TXE,2022-07-12T17:02:37.322Z,2022-09-20T17:02:34.300Z,2022-09-30T17:02:32.251Z
chip_272_460,16SDD,2022-03-03T16:43:58.991Z,2022-04-27T16:43:48.302Z,2022-06-16T16:43:53.974Z
chip_167_482,16TFL,2022-04-17T16:42:02.666Z,2022-06-21T16:42:18.902Z,2022-09-14T16:42:08.803Z
chip_234_289,14SLG,2022-03-01T17:43:34.008Z,2022-06-24T17:43:35.491Z,2022-09-27T17:43:37.853Z
chip_324_510,16RGV,2022-03-02T16:24:48.107Z,2022-04-01T16:24:47.778Z,2022-09-23T16:24:58.240Z
chip_152_240,13TDG,2022-05-26T18:02:34.074Z,2022-07-20T18:02:31.616Z,2022-09-03T18:02:38.592Z
chip_117_505,17TLJ,2022-04-29T16:31:24.943Z,2022-06-23T16:31:24.610Z,2022-09-01T16:31:20.910Z
chip_195_350,14TQK,2022-04-14T17:22:44.046Z,2022-06-28T17:22:46.150Z,2022-08-02T17:22:51.532Z
chip_076_616,18TXQ,2022-05-05T16:00:41.447Z,2022-07-09T16:00:58.842Z,2022-09-02T16:00:47.180Z
chip_260_413,15SXV,2022-03-04T17:03:42.371Z,2022-07-22T17:03:50.165Z,2022-09-30T17:03:44.502Z
chip_134_495,16TGN,2022-04-12T16:41:36.737Z,2022-06-16T16:41:38.174Z,2022-06-21T16:41:39.287Z
chip_169_384,15TVF,2022-04-16T17:12:17.935Z,2022-07-20T17:12:33.442Z,2022-09-28T17:12:29.240Z
chip_202_324,14SNJ,2022-04-17T17:33:02.364Z,2022-07-21T17:33:03.559Z,2022-09-29T17:32:58.191Z
chip_234_333,14SPG,2022-04-09T17:23:24.690Z,2022-04-14T17:23:30.941Z,2022-07-13T17:23:40.575Z
chip_231_302,14SMG,2022-03-03T17:33:28.163Z,2022-05-27T17:33:38.640Z,2022-09-04T17:33:42.905Z
chip_183_446,16TCK,2022-06-14T16:52:39.359Z,2022-06-19T16:52:33.160Z,2022-06-29T16:52:33.932Z
chip_194_364,15TUE,2022-03-15T17:22:39.962Z,2022-06-03T17:22:43.933Z,2022-09-26T17:22:36.421Z
chip_228_324,14SNG,2022-03-13T17:33:25.476Z,2022-07-11T17:33:31.898Z,2022-09-09T17:33:29.312Z
chip_210_318,14SNJ,2022-04-17T17:33:02.364Z,2022-07-21T17:33:03.559Z,2022-09-29T17:32:58.191Z
chip_158_522,17TMF,2022-03-02T16:21:59.411Z,2022-06-30T16:22:07.704Z,2022-07-10T16:22:07.211Z
chip_317_343,14SQA,2022-04-06T17:14:52.762Z,2022-04-26T17:14:49.249Z,2022-05-26T17:14:56.076Z
chip_143_480,16TFN,2022-04-12T16:41:40.271Z,2022-06-16T16:41:41.717Z,2022-06-21T16:41:49.903Z
chip_032_080,10TGT,2022-03-05T19:01:26.753Z,2022-08-07T19:01:27.025Z,2022-09-26T19:01:23.237Z
chip_129_479,16TFN,2022-04-12T16:41:40.271Z,2022-06-16T16:41:41.717Z,2022-06-21T16:41:49.903Z
chip_219_476,16SEH,2022-03-13T16:42:57.934Z,2022-06-21T16:43:05.949Z,2022-09-19T16:43:01.935Z
chip_154_408,15TXG,2022-06-02T17:02:03.203Z,2022-06-27T17:02:16.391Z,2022-09-30T17:02:02.980Z
chip_300_412,15SXS,2022-03-01T16:54:29.465Z,2022-06-29T16:54:37.931Z,2022-09-27T16:54:32.956Z
chip_196_291,14SLJ,2022-03-01T17:43:05.716Z,2022-07-19T17:43:13.994Z,2022-09-27T17:43:09.561Z
chip_135_324,14TNP,2022-04-02T17:31:42.748Z,2022-07-31T17:31:50.927Z,2022-09-04T17:31:57.900Z
chip_140_411,15TXH,2022-06-17T17:02:00.485Z,2022-08-16T17:02:01.701Z,2022-09-30T17:01:48.511Z
chip_260_571,17SPU,2022-03-14T16:13:44.781Z,2022-05-18T16:13:40.418Z,2022-06-17T16:13:44.846Z
chip_317_529,17SKR,2022-03-02T16:24:31.364Z,2022-05-11T16:24:32.306Z,2022-06-20T16:24:39.002Z
chip_145_443,16TCN,2022-05-13T17:01:40.144Z,2022-06-27T17:01:54.466Z,2022-09-30T17:01:41.069Z
chip_168_408,15TXF,2022-05-13T17:02:16.723Z,2022-07-12T17:02:22.720Z,2022-09-30T17:02:17.640Z
chip_343_341,14RQV,2022-04-06T17:15:07.317Z,2022-09-13T17:15:12.464Z,2022-09-28T17:15:17.760Z
chip_111_611,18TWN,2022-04-30T16:01:23.795Z,2022-07-09T16:01:29.855Z,2022-09-02T16:01:19.940Z
chip_319_513,16SGA,2022-03-02T16:24:33.589Z,2022-05-11T16:24:34.530Z,2022-06-20T16:24:41.224Z
chip_228_294,14SLG,2022-03-01T17:43:34.008Z,2022-06-24T17:43:35.491Z,2022-09-27T17:43:37.853Z
chip_126_439,16TCP,2022-06-17T17:01:39.034Z,2022-06-22T17:01:32.473Z,2022-06-27T17:01:40.491Z
chip_174_521,17TLE,2022-05-09T16:32:21.253Z,2022-06-03T16:32:17.171Z,2022-06-18T16:32:28.798Z
chip_221_426,15SYC,2022-03-01T16:52:58.989Z,2022-06-19T16:53:06.682Z,2022-09-27T16:53:02.464Z
chip_220_286,14SLH,2022-03-01T17:43:20.009Z,2022-06-29T17:43:29.475Z,2022-09-27T17:43:23.855Z
chip_300_543,17SLS,2022-03-02T16:24:13.087Z,2022-05-11T16:24:14.032Z,2022-09-23T16:24:23.219Z
chip_326_517,16RGV,2022-03-02T16:24:48.107Z,2022-04-01T16:24:47.778Z,2022-09-23T16:24:58.240Z
chip_167_580,18TTK,2022-03-04T16:12:13.645Z,2022-03-29T16:12:06.725Z,2022-04-28T16:12:02.492Z
chip_202_451,16SDJ,2022-03-16T16:52:42.739Z,2022-06-29T16:52:44.029Z,2022-09-27T16:52:39.052Z
chip_234_371,15SUB,2022-03-02T17:13:26.997Z,2022-06-30T17:13:36.411Z,2022-09-28T17:13:30.731Z
chip_082_204,12TXR,2022-06-16T18:21:31.303Z,2022-06-26T18:21:38.015Z,2022-07-21T18:21:44.201Z
chip_181_518,17TLE,2022-05-09T16:32:21.253Z,2022-06-03T16:32:17.171Z,2022-06-18T16:32:28.798Z
chip_227_280,14SKG,2022-03-01T17:43:38.485Z,2022-05-30T17:43:42.836Z,2022-09-27T17:43:42.329Z
chip_199_450,16SCJ,2022-03-16T16:52:46.984Z,2022-06-14T16:52:47.987Z,2022-06-29T16:52:48.285Z
chip_149_501,16TGM,2022-03-20T16:31:55.982Z,2022-06-18T16:32:04.108Z,2022-09-01T16:31:53.729Z
chip_223_446,16SCG,2022-03-26T16:53:14.506Z,2022-05-20T16:53:11.761Z,2022-08-13T16:53:24.156Z
chip_271_440,16SBD,2022-04-10T16:53:55.555Z,2022-08-13T16:54:11.140Z,2022-09-27T16:53:58.994Z
chip_274_472,16SDD,2022-03-03T16:43:58.991Z,2022-04-27T16:43:48.302Z,2022-06-16T16:43:53.974Z
chip_141_402,15TXH,2022-06-17T17:02:00.485Z,2022-08-16T17:02:01.701Z,2022-09-30T17:01:48.511Z
chip_219_446,16SCH,2022-03-16T16:53:01.377Z,2022-06-19T16:53:01.903Z,2022-09-12T16:53:07.791Z
chip_176_506,17TKE,2022-05-09T16:32:25.289Z,2022-06-18T16:32:32.848Z,2022-07-03T16:32:26.460Z
chip_156_387,15TVG,2022-03-27T17:12:04.470Z,2022-06-20T17:12:19.206Z,2022-09-08T17:12:18.465Z
chip_064_191,12TWT,2022-07-14T18:31:16.736Z,2022-08-08T18:31:08.262Z,2022-09-27T18:31:04.383Z
chip_108_401,15TXK,2022-06-20T17:11:28.687Z,2022-09-03T17:11:18.203Z,2022-09-13T17:11:18.766Z
chip_217_285,14SLH,2022-03-01T17:43:20.009Z,2022-06-29T17:43:29.475Z,2022-09-27T17:43:23.855Z
chip_214_428,16SBH,2022-03-16T16:53:05.142Z,2022-03-26T16:53:03.963Z,2022-06-19T16:53:05.668Z
chip_269_263,13SGU,2022-03-01T17:44:23.180Z,2022-05-30T17:44:27.524Z,2022-09-07T17:44:31.086Z
chip_216_436,16SBH,2022-03-16T16:53:05.142Z,2022-03-26T16:53:03.963Z,2022-06-19T16:53:05.668Z
chip_196_350,14TQK,2022-04-14T17:22:44.046Z,2022-06-28T17:22:46.150Z,2022-08-02T17:22:51.532Z
chip_250_258,13SFA,2022-06-29T17:44:06.773Z,2022-08-28T17:44:06.360Z,2022-09-17T17:44:02.588Z
chip_075_347,14TQT,2022-04-27T17:30:46.503Z,2022-06-06T17:30:49.308Z,2022-08-30T17:30:39.524Z
chip_237_442,16SCG,2022-03-26T16:53:14.506Z,2022-05-20T16:53:11.761Z,2022-08-13T16:53:24.156Z
chip_319_533,17RLQ,2022-03-02T16:24:41.634Z,2022-04-11T16:24:41.412Z,2022-09-23T16:24:51.764Z
chip_164_446,16TCL,2022-03-21T16:52:12.131Z,2022-06-29T16:52:19.405Z,2022-07-14T16:52:26.805Z
chip_254_446,16SCE,2022-03-01T16:53:36.816Z,2022-06-19T16:53:44.502Z,2022-09-27T16:53:40.300Z
chip_262_434,16SBE,2022-03-01T16:53:41.246Z,2022-06-24T16:53:57.039Z,2022-09-27T16:53:44.735Z
chip_163_537,17TNF,2022-05-11T16:21:56.886Z,2022-06-30T16:22:04.256Z,2022-07-10T16:22:03.764Z
chip_243_593,18STE,2022-03-21T16:03:28.606Z,2022-04-25T16:03:19.048Z,2022-08-03T16:03:29.936Z
chip_190_349,14TQK,2022-04-14T17:22:44.046Z,2022-06-28T17:22:46.150Z,2022-08-02T17:22:51.532Z
chip_128_435,16TCP,2022-06-17T17:01:39.034Z,2022-06-22T17:01:32.473Z,2022-06-27T17:01:40.491Z
chip_287_307,14SMC,2022-03-18T17:34:32.355Z,2022-06-16T17:34:39.809Z,2022-09-29T17:34:28.358Z
chip_326_317,14SNA,2022-03-10T17:24:56.332Z,2022-05-14T17:25:02.591Z,2022-09-26T17:24:58.773Z
chip_196_323,14SNJ,2022-04-17T17:33:02.364Z,2022-07-21T17:33:03.559Z,2022-09-29T17:32:58.191Z
chip_228_281,14SKG,2022-03-01T17:43:38.485Z,2022-05-30T17:43:42.836Z,2022-09-27T17:43:42.329Z
chip_321_510,16SGA,2022-03-02T16:24:33.589Z,2022-05-11T16:24:34.530Z,2022-06-20T16:24:41.224Z
chip_092_253,13TEL,2022-03-17T18:01:28.924Z,2022-08-04T18:01:36.119Z,2022-09-18T18:01:26.805Z
chip_108_336,14TPQ,2022-05-27T17:31:35.657Z,2022-08-05T17:31:39.243Z,2022-09-04T17:31:39.935Z
chip_147_486,16TFM,2022-04-12T16:41:54.888Z,2022-06-16T16:41:56.352Z,2022-09-14T16:41:54.418Z
chip_258_419,15SXV,2022-03-04T17:03:42.371Z,2022-07-22T17:03:50.165Z,2022-09-30T17:03:44.502Z
chip_053_192,12TWT,2022-07-14T18:31:16.736Z,2022-08-08T18:31:08.262Z,2022-09-27T18:31:04.383Z
chip_119_554,17TPH,2022-06-25T16:21:39.084Z,2022-06-30T16:21:31.673Z,2022-07-10T16:21:31.182Z
chip_045_106,11TMN,2022-06-23T19:01:28.505Z,2022-08-07T19:01:20.304Z,2022-09-26T19:01:16.515Z
chip_351_328,14RPU,2022-03-12T17:15:32.222Z,2022-05-16T17:15:27.391Z,2022-09-28T17:15:35.448Z
chip_343_540,17RLP,2022-03-02T16:24:55.906Z,2022-03-27T16:25:01.647Z,2022-05-11T16:24:56.852Z
chip_321_518,16RGV,2022-03-02T16:24:48.107Z,2022-04-01T16:24:47.778Z,2022-09-23T16:24:58.240Z
chip_246_592,18STE,2022-03-21T16:03:28.606Z,2022-04-25T16:03:19.048Z,2022-08-03T16:03:29.936Z
chip_094_355,14TQR,2022-05-27T17:31:17.799Z,2022-08-10T17:31:13.982Z,2022-09-04T17:31:22.080Z
chip_199_317,14SNJ,2022-04-17T17:33:02.364Z,2022-07-21T17:33:03.559Z,2022-09-29T17:32:58.191Z
chip_182_425,15TYE,2022-03-14T17:02:27.623Z,2022-07-12T17:02:33.907Z,2022-09-30T17:02:28.837Z
chip_230_358,15STB,2022-03-15T17:23:27.161Z,2022-07-13T17:23:35.884Z,2022-09-26T17:23:23.622Z
chip_332_499,16RFV,2022-03-05T16:34:47.816Z,2022-04-04T16:34:47.229Z,2022-04-19T16:34:54.650Z
chip_308_524,17SKR,2022-03-02T16:24:31.364Z,2022-05-11T16:24:32.306Z,2022-06-20T16:24:39.002Z
chip_116_486,16TFP,2022-05-07T16:41:19.793Z,2022-06-16T16:41:27.310Z,2022-09-09T16:41:34.405Z
chip_145_332,14TPN,2022-03-13T17:31:55.235Z,2022-06-26T17:32:09.784Z,2022-09-04T17:32:08.918Z
chip_275_409,15SXU,2022-03-04T17:03:56.685Z,2022-07-12T17:04:03.878Z,2022-09-30T17:03:58.816Z
chip_192_292,14TLK,2022-03-26T17:42:45.360Z,2022-07-09T17:43:01.000Z,2022-09-07T17:42:59.364Z
chip_329_521,17RKQ,2022-03-27T16:24:51.448Z,2022-05-11T16:24:46.643Z,2022-09-23T16:24:55.833Z
chip_169_407,15TXF,2022-05-13T17:02:16.723Z,2022-07-12T17:02:22.720Z,2022-09-30T17:02:17.640Z
chip_172_413,15TXF,2022-05-13T17:02:16.723Z,2022-07-12T17:02:22.720Z,2022-09-30T17:02:17.640Z
chip_039_111,11TMN,2022-06-23T19:01:28.505Z,2022-08-07T19:01:20.304Z,2022-09-26T19:01:16.515Z
chip_159_406,15TXG,2022-06-02T17:02:03.203Z,2022-06-27T17:02:16.391Z,2022-09-30T17:02:02.980Z
chip_228_292,14SLG,2022-03-01T17:43:34.008Z,2022-06-24T17:43:35.491Z,2022-09-27T17:43:37.853Z
chip_078_238,13TDM,2022-03-30T18:11:13.610Z,2022-07-13T18:11:15.564Z,2022-09-26T18:11:18.500Z
chip_275_465,16SDD,2022-03-03T16:43:58.991Z,2022-04-27T16:43:48.302Z,2022-06-16T16:43:53.974Z
chip_177_604,18SVJ,2022-03-11T16:02:24.161Z,2022-06-19T16:02:31.799Z,2022-09-27T16:02:27.348Z
chip_166_411,15TXF,2022-05-13T17:02:16.723Z,2022-07-12T17:02:22.720Z,2022-09-30T17:02:17.640Z
chip_204_288,14SLJ,2022-03-01T17:43:05.716Z,2022-07-19T17:43:13.994Z,2022-09-27T17:43:09.561Z
chip_092_338,14TPR,2022-05-27T17:31:21.247Z,2022-08-10T17:31:17.428Z,2022-09-04T17:31:25.536Z
chip_281_560,17SNT,2022-03-04T16:14:02.379Z,2022-05-18T16:13:58.236Z,2022-09-20T16:14:06.282Z
chip_308_540,17SLR,2022-03-27T16:24:33.268Z,2022-05-11T16:24:28.467Z,2022-06-20T16:24:35.156Z
chip_151_474,16TEM,2022-05-07T16:41:52.147Z,2022-06-16T16:41:59.644Z,2022-07-21T16:42:07.033Z
chip_325_314,14SNA,2022-03-10T17:24:56.332Z,2022-05-14T17:25:02.591Z,2022-09-26T17:24:58.773Z
chip_217_330,14SPH,2022-03-15T17:23:17.097Z,2022-06-28T17:23:18.300Z,2022-09-26T17:23:13.550Z
chip_204_315,14SNJ,2022-04-17T17:33:02.364Z,2022-07-21T17:33:03.559Z,2022-09-29T17:32:58.191Z
chip_199_282,14SKJ,2022-03-01T17:43:09.691Z,2022-06-14T17:43:09.715Z,2022-09-17T17:43:15.004Z
chip_054_265,13UEP,2022-03-17T18:00:45.513Z,2022-08-09T18:00:45.629Z,2022-09-26T18:10:45.514Z
chip_150_265,13TFG,2022-03-19T17:52:21.065Z,2022-06-27T17:52:28.129Z,2022-09-05T17:52:24.698Z
chip_242_429,15SYA,2022-06-04T16:53:39.267Z,2022-06-29T16:53:36.540Z,2022-09-12T16:53:41.662Z
chip_121_375,15TVJ,2022-03-15T17:21:38.802Z,2022-07-18T17:21:39.721Z,2022-09-11T17:21:45.385Z
chip_232_294,14SLG,2022-03-01T17:43:34.008Z,2022-06-24T17:43:35.491Z,2022-09-27T17:43:37.853Z
chip_173_516,17TLE,2022-05-09T16:32:21.253Z,2022-06-03T16:32:17.171Z,2022-06-18T16:32:28.798Z
chip_239_337,14SPG,2022-04-09T17:23:24.690Z,2022-04-14T17:23:30.941Z,2022-07-13T17:23:40.575Z
chip_230_353,15STB,2022-03-15T17:23:27.161Z,2022-07-13T17:23:35.884Z,2022-09-26T17:23:23.622Z
chip_171_431,16TBL,2022-05-13T17:02:13.233Z,2022-07-12T17:02:19.231Z,2022-09-30T17:02:14.155Z
chip_191_406,15TXE,2022-07-12T17:02:37.322Z,2022-09-20T17:02:34.300Z,2022-09-30T17:02:32.251Z
chip_112_404,15TXK,2022-06-20T17:11:28.687Z,2022-09-03T17:11:18.203Z,2022-09-13T17:11:18.766Z
chip_387_331,14RPS,2022-03-12T17:16:01.235Z,2022-05-26T17:15:57.325Z,2022-09-28T17:16:04.455Z
chip_194_345,14TQK,2022-04-14T17:22:44.046Z,2022-06-28T17:22:46.150Z,2022-08-02T17:22:51.532Z
chip_257_275,14SKE,2022-03-01T17:44:07.088Z,2022-05-30T17:44:11.442Z,2022-09-27T17:44:10.935Z
chip_065_288,13TGN,2022-03-19T17:50:50.404Z,2022-07-17T17:50:57.136Z,2022-09-10T17:51:03.137Z
chip_193_364,15TUE,2022-03-15T17:22:39.962Z,2022-06-03T17:22:43.933Z,2022-09-26T17:22:36.421Z
chip_115_040,10TFM,2022-06-28T19:02:58.648Z,2022-08-22T19:03:06.191Z,2022-09-26T19:02:53.871Z
chip_191_492,16SFJ,2022-04-27T16:42:28.719Z,2022-05-17T16:42:35.165Z,2022-06-21T16:42:47.768Z
chip_186_364,15TUE,2022-03-15T17:22:39.962Z,2022-06-03T17:22:43.933Z,2022-09-26T17:22:36.421Z
chip_179_405,15TXF,2022-05-13T17:02:16.723Z,2022-07-12T17:02:22.720Z,2022-09-30T17:02:17.640Z
chip_185_516,17SLD,2022-05-09T16:32:35.471Z,2022-06-18T16:32:43.002Z,2022-06-23T16:32:36.304Z
chip_125_482,16TFP,2022-05-07T16:41:19.793Z,2022-06-16T16:41:27.310Z,2022-09-09T16:41:34.405Z
chip_177_581,18STJ,2022-03-04T16:12:27.950Z,2022-03-29T16:12:21.025Z,2022-04-28T16:12:16.790Z
chip_220_437,16SBH,2022-03-16T16:53:05.142Z,2022-03-26T16:53:03.963Z,2022-06-19T16:53:05.668Z
chip_173_580,18TTK,2022-03-04T16:12:13.645Z,2022-03-29T16:12:06.725Z,2022-04-28T16:12:02.492Z
chip_122_504,17TLJ,2022-04-29T16:31:24.943Z,2022-06-23T16:31:24.610Z,2022-09-01T16:31:20.910Z
chip_342_533,17RKP,2022-03-02T16:25:00.171Z,2022-04-11T16:24:59.947Z,2022-09-23T16:25:10.300Z
chip_116_444,16TDQ,2022-05-15T16:51:17.294Z,2022-07-09T16:51:17.462Z,2022-07-14T16:51:25.242Z
chip_164_262,13TFF,2022-03-19T17:52:35.615Z,2022-06-27T17:52:42.688Z,2022-09-20T17:52:45.240Z
chip_212_289,14SLH,2022-03-01T17:43:20.009Z,2022-06-29T17:43:29.475Z,2022-09-27T17:43:23.855Z
chip_060_064,10TFR,2022-06-21T19:11:56.739Z,2022-08-10T19:11:55.798Z,2022-09-24T19:11:59.184Z
chip_314_518,16SGA,2022-03-02T16:24:33.589Z,2022-05-11T16:24:34.530Z,2022-06-20T16:24:41.224Z
chip_145_473,16TEM,2022-05-07T16:41:52.147Z,2022-06-16T16:41:59.644Z,2022-07-21T16:42:07.033Z
chip_066_122,11TNM,2022-06-25T18:51:35.051Z,2022-07-25T18:51:35.110Z,2022-08-29T18:51:42.486Z
chip_065_286,13TGN,2022-03-19T17:50:50.404Z,2022-07-17T17:50:57.136Z,2022-09-10T17:51:03.137Z
chip_163_478,16TFL,2022-04-17T16:42:02.666Z,2022-06-21T16:42:18.902Z,2022-09-14T16:42:08.803Z
chip_181_396,15TWE,2022-04-16T17:12:28.395Z,2022-07-05T17:12:37.457Z,2022-09-28T17:12:39.688Z
chip_162_370,15TUG,2022-03-15T17:22:11.718Z,2022-06-03T17:22:15.683Z,2022-06-28T17:22:12.925Z
chip_181_579,18STJ,2022-03-04T16:12:27.950Z,2022-03-29T16:12:21.025Z,2022-04-28T16:12:16.790Z
chip_111_439,16TCQ,2022-05-13T17:01:11.858Z,2022-06-27T17:01:26.198Z,2022-09-30T17:01:12.779Z
chip_123_492,16TGP,2022-05-07T16:41:16.393Z,2022-06-21T16:41:31.935Z,2022-09-09T16:41:30.995Z
chip_164_376,15TVG,2022-03-27T17:12:04.470Z,2022-06-20T17:12:19.206Z,2022-09-08T17:12:18.465Z
chip_244_582,17SQV,2022-03-21T16:03:30.091Z,2022-06-19T16:03:38.547Z,2022-09-27T16:03:34.104Z
chip_344_469,16RDU,2022-03-20T16:35:14.943Z,2022-04-04T16:35:08.327Z,2022-08-17T16:35:24.130Z
chip_074_267,13TFM,2022-05-26T18:01:14.490Z,2022-08-29T18:01:07.733Z,2022-09-03T18:01:19.018Z
chip_195_484,16SFJ,2022-04-27T16:42:28.719Z,2022-05-17T16:42:35.165Z,2022-06-21T16:42:47.768Z
chip_205_429,16SBJ,2022-03-01T16:52:43.726Z,2022-06-29T16:52:52.193Z,2022-09-27T16:52:47.199Z
chip_257_265,13SGV,2022-03-26T17:44:02.711Z,2022-06-24T17:44:10.306Z,2022-09-27T17:44:12.666Z
chip_081_333,14TPS,2022-05-27T17:31:06.526Z,2022-08-10T17:31:02.702Z,2022-09-04T17:31:10.818Z
chip_065_073,10TGR,2022-06-28T19:01:57.264Z,2022-08-17T19:01:54.352Z,2022-09-26T19:01:52.484Z
chip_128_326,14TNP,2022-04-02T17:31:42.748Z,2022-07-31T17:31:50.927Z,2022-09-04T17:31:57.900Z
chip_322_417,15SXR,2022-03-01T16:54:44.092Z,2022-06-19T16:54:51.808Z,2022-09-27T16:54:47.591Z
chip_190_353,15TTE,2022-04-04T17:22:42.037Z,2022-05-09T17:22:37.746Z,2022-08-02T17:22:51.139Z
chip_163_458,16TDL,2022-03-21T16:52:08.313Z,2022-07-09T16:52:15.202Z,2022-08-18T16:52:12.424Z
chip_143_356,14TQN,2022-06-18T17:22:01.405Z,2022-06-28T17:22:02.302Z,2022-08-02T17:22:07.707Z
chip_198_356,15STD,2022-03-15T17:22:58.778Z,2022-06-03T17:23:02.743Z,2022-08-12T17:23:07.058Z
chip_174_412,15TXF,2022-05-13T17:02:16.723Z,2022-07-12T17:02:22.720Z,2022-09-30T17:02:17.640Z
chip_213_435,16SBH,2022-03-16T16:53:05.142Z,2022-03-26T16:53:03.963Z,2022-06-19T16:53:05.668Z
chip_230_484,16SFG,2022-03-20T16:33:12.005Z,2022-07-23T16:33:13.462Z,2022-09-26T16:33:15.835Z
chip_203_266,13SGD,2022-03-01T17:43:10.258Z,2022-07-09T17:43:19.789Z,2022-09-27T17:43:14.103Z
chip_084_265,13TFM,2022-05-26T18:01:14.490Z,2022-08-29T18:01:07.733Z,2022-09-03T18:01:19.018Z
chip_185_502,16TGK,2022-04-14T16:32:17.972Z,2022-06-03T16:32:21.565Z,2022-07-03T16:32:26.822Z
chip_318_525,17SKR,2022-03-02T16:24:31.364Z,2022-05-11T16:24:32.306Z,2022-06-20T16:24:39.002Z
chip_324_410,15SXR,2022-03-01T16:54:44.092Z,2022-06-19T16:54:51.808Z,2022-09-27T16:54:47.591Z
chip_114_283,13TGK,2022-03-19T17:51:34.237Z,2022-08-01T17:51:46.520Z,2022-09-25T17:51:36.791Z
chip_223_468,16SEG,2022-03-03T16:43:11.989Z,2022-05-17T16:43:07.763Z,2022-07-21T16:43:19.572Z
chip_156_008,10SDJ,2022-03-08T19:13:44.521Z,2022-07-16T19:13:52.740Z,2022-09-29T19:13:40.107Z
chip_088_617,18TXQ,2022-05-05T16:00:41.447Z,2022-07-09T16:00:58.842Z,2022-09-02T16:00:47.180Z
chip_193_582,18STH,2022-03-04T16:12:41.946Z,2022-04-28T16:12:30.813Z,2022-05-18T16:12:37.806Z
chip_057_065,10TFR,2022-06-21T19:11:56.739Z,2022-08-10T19:11:55.798Z,2022-09-24T19:11:59.184Z
chip_060_083,10TGR,2022-06-28T19:01:57.264Z,2022-08-17T19:01:54.352Z,2022-09-26T19:01:52.484Z
chip_150_440,16TCM,2022-06-14T16:52:10.413Z,2022-07-09T16:52:04.606Z,2022-07-14T16:52:12.390Z
chip_093_339,14TPR,2022-05-27T17:31:21.247Z,2022-08-10T17:31:17.428Z,2022-09-04T17:31:25.536Z
chip_068_347,14TQT,2022-04-27T17:30:46.503Z,2022-06-06T17:30:49.308Z,2022-08-30T17:30:39.524Z
chip_200_016,10SFF,2022-03-10T19:04:18.391Z,2022-06-13T19:04:30.750Z,2022-09-16T19:04:22.258Z
chip_228_431,16SBG,2022-03-16T16:53:19.615Z,2022-06-29T16:53:20.916Z,2022-09-12T16:53:26.044Z
chip_213_300,14SMH,2022-03-28T17:33:19.183Z,2022-06-11T17:33:19.319Z,2022-09-29T17:33:16.289Z
chip_185_497,16TGK,2022-04-14T16:32:17.972Z,2022-06-03T16:32:21.565Z,2022-07-03T16:32:26.822Z
chip_249_589,17SQU,2022-03-21T16:03:44.609Z,2022-04-20T16:03:45.747Z,2022-04-25T16:03:35.059Z
chip_226_330,14SPG,2022-04-09T17:23:24.690Z,2022-04-14T17:23:30.941Z,2022-07-13T17:23:40.575Z
chip_216_335,14SPH,2022-03-15T17:23:17.097Z,2022-06-28T17:23:18.300Z,2022-09-26T17:23:13.550Z
chip_271_264,13SGU,2022-03-01T17:44:23.180Z,2022-05-30T17:44:27.524Z,2022-09-07T17:44:31.086Z
chip_236_273,14SKG,2022-03-01T17:43:38.485Z,2022-05-30T17:43:42.836Z,2022-09-27T17:43:42.329Z
chip_163_601,18TVK,2022-03-16T16:02:03.926Z,2022-06-19T16:02:17.493Z,2022-08-18T16:02:18.409Z
chip_152_433,16TCM,2022-06-14T16:52:10.413Z,2022-07-09T16:52:04.606Z,2022-07-14T16:52:12.390Z
chip_130_473,16TEN,2022-04-17T16:41:37.040Z,2022-06-21T16:41:53.301Z,2022-09-19T16:41:49.278Z
chip_351_330,14RPU,2022-03-12T17:15:32.222Z,2022-05-16T17:15:27.391Z,2022-09-28T17:15:35.448Z
chip_284_564,17SNS,2022-03-14T16:14:17.223Z,2022-07-27T16:14:18.237Z,2022-09-25T16:14:13.831Z
chip_197_450,16SCJ,2022-03-16T16:52:46.984Z,2022-06-14T16:52:47.987Z,2022-06-29T16:52:48.285Z
chip_288_426,15SYT,2022-03-01T16:54:11.933Z,2022-06-19T16:54:19.641Z,2022-09-27T16:54:15.427Z
chip_151_490,16TFM,2022-04-12T16:41:54.888Z,2022-06-16T16:41:56.352Z,2022-09-14T16:41:54.418Z
chip_190_400,15TWE,2022-04-16T17:12:28.395Z,2022-07-05T17:12:37.457Z,2022-09-28T17:12:39.688Z
chip_044_226,13UCP,2022-03-30T18:10:49.097Z,2022-08-07T18:10:58.256Z,2022-09-26T18:10:53.989Z
chip_237_592,18STE,2022-03-21T16:03:28.606Z,2022-04-25T16:03:19.048Z,2022-08-03T16:03:29.936Z
chip_152_480,16TFM,2022-04-12T16:41:54.888Z,2022-06-16T16:41:56.352Z,2022-09-14T16:41:54.418Z
chip_368_360,15RTN,2022-03-02T17:15:39.800Z,2022-03-12T17:15:40.311Z,2022-09-28T17:15:43.542Z
chip_211_284,14SLH,2022-03-01T17:43:20.009Z,2022-06-29T17:43:29.475Z,2022-09-27T17:43:23.855Z
chip_218_327,14SPH,2022-03-15T17:23:17.097Z,2022-06-28T17:23:18.300Z,2022-09-26T17:23:13.550Z
chip_140_485,16TFN,2022-04-12T16:41:40.271Z,2022-06-16T16:41:41.717Z,2022-06-21T16:41:49.903Z
chip_318_534,17SLR,2022-03-27T16:24:33.268Z,2022-05-11T16:24:28.467Z,2022-06-20T16:24:35.156Z
chip_041_103,11TMN,2022-06-23T19:01:28.505Z,2022-08-07T19:01:20.304Z,2022-09-26T19:01:16.515Z
chip_142_361,15TUH,2022-05-14T17:21:57.801Z,2022-06-18T17:21:57.813Z,2022-07-18T17:21:58.418Z
chip_198_027,10SFG,2022-03-20T19:04:04.122Z,2022-05-19T19:04:05.972Z,2022-09-06T19:04:07.925Z
chip_235_482,16SEF,2022-03-03T16:43:26.432Z,2022-05-17T16:43:22.211Z,2022-09-29T16:43:30.061Z
chip_167_406,15TXF,2022-05-13T17:02:16.723Z,2022-07-12T17:02:22.720Z,2022-09-30T17:02:17.640Z
chip_135_321,14TNP,2022-04-02T17:31:42.748Z,2022-07-31T17:31:50.927Z,2022-09-04T17:31:57.900Z
chip_105_334,14TPR,2022-05-27T17:31:21.247Z,2022-08-10T17:31:17.428Z,2022-09-04T17:31:25.536Z
chip_109_414,15TXK,2022-06-20T17:11:28.687Z,2022-09-03T17:11:18.203Z,2022-09-13T17:11:18.766Z
chip_183_235,13TDE,2022-04-21T18:02:50.356Z,2022-06-15T18:03:06.327Z,2022-09-23T18:03:02.472Z
chip_204_401,15SWD,2022-07-12T17:02:55.186Z,2022-08-31T17:02:51.751Z,2022-09-30T17:02:50.103Z
chip_078_257,13TEM,2022-03-17T18:01:14.510Z,2022-08-04T18:01:21.701Z,2022-09-18T18:01:12.389Z
chip_213_293,14SLH,2022-03-01T17:43:20.009Z,2022-06-29T17:43:29.475Z,2022-09-27T17:43:23.855Z
chip_157_332,14TPM,2022-03-08T17:32:15.647Z,2022-07-21T17:32:16.623Z,2022-09-29T17:32:11.258Z
chip_201_402,15SWD,2022-07-12T17:02:55.186Z,2022-08-31T17:02:51.751Z,2022-09-30T17:02:50.103Z
chip_189_402,15TWE,2022-04-16T17:12:28.395Z,2022-07-05T17:12:37.457Z,2022-09-28T17:12:39.688Z
chip_148_477,16TFM,2022-04-12T16:41:54.888Z,2022-06-16T16:41:56.352Z,2022-09-14T16:41:54.418Z
chip_147_501,16TGM,2022-03-20T16:31:55.982Z,2022-06-18T16:32:04.108Z,2022-09-01T16:31:53.729Z
chip_259_576,17SPU,2022-03-14T16:13:44.781Z,2022-05-18T16:13:40.418Z,2022-06-17T16:13:44.846Z
chip_231_288,14SLG,2022-03-01T17:43:34.008Z,2022-06-24T17:43:35.491Z,2022-09-27T17:43:37.853Z
chip_099_319,14TNR,2022-03-26T17:41:11.193Z,2022-08-08T17:41:25.525Z,2022-09-12T17:41:15.871Z
chip_197_488,16SFJ,2022-04-27T16:42:28.719Z,2022-05-17T16:42:35.165Z,2022-06-21T16:42:47.768Z
chip_156_332,14TPM,2022-03-08T17:32:15.647Z,2022-07-21T17:32:16.623Z,2022-09-29T17:32:11.258Z
chip_258_413,15SXV,2022-03-04T17:03:42.371Z,2022-07-22T17:03:50.165Z,2022-09-30T17:03:44.502Z
chip_148_496,17TKG,2022-03-20T16:31:56.041Z,2022-06-21T16:42:00.635Z,2022-09-14T16:41:50.538Z
chip_313_517,16SGA,2022-03-02T16:24:33.589Z,2022-05-11T16:24:34.530Z,2022-06-20T16:24:41.224Z
chip_212_447,16SCH,2022-03-16T16:53:01.377Z,2022-06-19T16:53:01.903Z,2022-09-12T16:53:07.791Z
chip_190_428,16TBK,2022-03-14T17:02:27.034Z,2022-07-12T17:02:33.318Z,2022-09-30T17:02:28.248Z
chip_089_250,13TEL,2022-03-17T18:01:28.924Z,2022-08-04T18:01:36.119Z,2022-09-18T18:01:26.805Z
chip_257_483,16SEE,2022-03-03T16:43:40.806Z,2022-05-17T16:43:36.583Z,2022-09-29T16:43:44.436Z
chip_032_183,12UVV,2022-06-27T18:40:48.908Z,2022-09-05T18:40:47.798Z,2022-09-10T18:40:38.130Z
chip_121_482,16TFP,2022-05-07T16:41:19.793Z,2022-06-16T16:41:27.310Z,2022-09-09T16:41:34.405Z
chip_222_268,13SGC,2022-03-01T17:43:24.985Z,2022-06-14T17:43:25.007Z,2022-09-27T17:43:28.829Z
chip_202_463,16SDJ,2022-03-16T16:52:42.739Z,2022-06-29T16:52:44.029Z,2022-09-27T16:52:39.052Z
chip_179_585,18STJ,2022-03-04T16:12:27.950Z,2022-03-29T16:12:21.025Z,2022-04-28T16:12:16.790Z
chip_143_485,16TFN,2022-04-12T16:41:40.271Z,2022-06-16T16:41:41.717Z,2022-06-21T16:41:49.903Z
chip_219_323,14SNH,2022-03-03T17:33:10.094Z,2022-03-28T17:33:15.559Z,2022-09-04T17:33:24.834Z
chip_197_319,14SNJ,2022-04-17T17:33:02.364Z,2022-07-21T17:33:03.559Z,2022-09-29T17:32:58.191Z
chip_218_429,16SBH,2022-03-16T16:53:05.142Z,2022-03-26T16:53:03.963Z,2022-06-19T16:53:05.668Z
chip_109_436,16TCQ,2022-05-13T17:01:11.858Z,2022-06-27T17:01:26.198Z,2022-09-30T17:01:12.779Z
chip_133_474,16TFN,2022-04-12T16:41:40.271Z,2022-06-16T16:41:41.717Z,2022-06-21T16:41:49.903Z
chip_113_431,16TCQ,2022-05-13T17:01:11.858Z,2022-06-27T17:01:26.198Z,2022-09-30T17:01:12.779Z
chip_059_082,10TGR,2022-06-28T19:01:57.264Z,2022-08-17T19:01:54.352Z,2022-09-26T19:01:52.484Z
chip_324_528,17RKQ,2022-03-27T16:24:51.448Z,2022-05-11T16:24:46.643Z,2022-09-23T16:24:55.833Z
chip_115_318,14TNQ,2022-03-01T17:41:31.513Z,2022-07-19T17:41:39.786Z,2022-09-12T17:41:30.070Z
chip_186_422,15TYE,2022-03-14T17:02:27.623Z,2022-07-12T17:02:33.907Z,2022-09-30T17:02:28.837Z
chip_175_586,18SUJ,2022-03-11T16:02:27.937Z,2022-06-19T16:02:35.577Z,2022-09-17T16:02:32.618Z
chip_189_396,15TWE,2022-04-16T17:12:28.395Z,2022-07-05T17:12:37.457Z,2022-09-28T17:12:39.688Z
chip_193_314,14TNK,2022-03-28T17:32:46.713Z,2022-08-05T17:32:55.308Z,2022-09-24T17:32:45.242Z
chip_117_112,11TNH,2022-03-12T18:52:31.238Z,2022-07-20T18:52:38.639Z,2022-09-25T18:42:38.342Z
chip_058_191,12TWT,2022-07-14T18:31:16.736Z,2022-08-08T18:31:08.262Z,2022-09-27T18:31:04.383Z
chip_239_283,14SLG,2022-03-01T17:43:34.008Z,2022-06-24T17:43:35.491Z,2022-09-27T17:43:37.853Z
chip_065_196,12TXT,2022-06-16T18:21:07.814Z,2022-07-21T18:21:15.165Z,2022-08-30T18:21:16.286Z
chip_250_594,18STD,2022-03-21T16:03:43.002Z,2022-04-20T16:03:44.140Z,2022-06-19T16:03:51.448Z
chip_241_599,18STE,2022-03-21T16:03:28.606Z,2022-04-25T16:03:19.048Z,2022-08-03T16:03:29.936Z
chip_119_492,16TGP,2022-05-07T16:41:16.393Z,2022-06-21T16:41:31.935Z,2022-09-09T16:41:30.995Z
chip_252_266,13SGA,2022-03-01T17:43:54.149Z,2022-05-30T17:43:58.495Z,2022-09-17T17:43:59.457Z
chip_137_344,14TPN,2022-03-13T17:31:55.235Z,2022-06-26T17:32:09.784Z,2022-09-04T17:32:08.918Z
chip_297_368,15SUT,2022-03-17T17:14:19.040Z,2022-04-26T17:14:14.294Z,2022-09-23T17:14:21.899Z
chip_351_399,15RWP,2022-03-26T16:55:22.449Z,2022-03-31T16:55:16.191Z,2022-09-27T16:55:19.946Z
chip_126_495,16TGP,2022-05-07T16:41:16.393Z,2022-06-21T16:41:31.935Z,2022-09-09T16:41:30.995Z
chip_239_588,17SQV,2022-03-21T16:03:30.091Z,2022-06-19T16:03:38.547Z,2022-09-27T16:03:34.104Z
chip_107_104,11TNJ,2022-06-15T18:52:16.782Z,2022-06-30T18:52:26.053Z,2022-09-08T18:52:24.230Z
chip_191_364,15TUE,2022-03-15T17:22:39.962Z,2022-06-03T17:22:43.933Z,2022-09-26T17:22:36.421Z
chip_093_331,14TPR,2022-05-27T17:31:21.247Z,2022-08-10T17:31:17.428Z,2022-09-04T17:31:25.536Z
chip_117_501,17TLJ,2022-04-29T16:31:24.943Z,2022-06-23T16:31:24.610Z,2022-09-01T16:31:20.910Z
chip_154_253,13TEG,2022-03-27T18:02:25.325Z,2022-07-25T18:02:32.901Z,2022-09-23T18:02:29.719Z
chip_141_485,16TFN,2022-04-12T16:41:40.271Z,2022-06-16T16:41:41.717Z,2022-06-21T16:41:49.903Z
chip_073_095,11TML,2022-07-20T18:51:59.584Z,2022-07-25T18:51:53.164Z,2022-09-08T18:51:59.250Z
chip_132_444,16TCN,2022-05-13T17:01:40.144Z,2022-06-27T17:01:54.466Z,2022-09-30T17:01:41.069Z
chip_083_175,12TVR,2022-07-19T18:31:41.939Z,2022-08-08T18:31:41.031Z,2022-09-02T18:31:49.082Z
chip_090_337,14TPS,2022-05-27T17:31:06.526Z,2022-08-10T17:31:02.702Z,2022-09-04T17:31:10.818Z
chip_157_467,16TEM,2022-05-07T16:41:52.147Z,2022-06-16T16:41:59.644Z,2022-07-21T16:42:07.033Z
chip_192_476,16SEJ,2022-05-17T16:42:38.775Z,2022-06-21T16:42:51.385Z,2022-07-21T16:42:50.590Z
chip_322_522,17RKQ,2022-03-27T16:24:51.448Z,2022-05-11T16:24:46.643Z,2022-09-23T16:24:55.833Z
chip_132_134,11TQG,2022-07-04T18:32:55.443Z,2022-07-24T18:32:52.819Z,2022-09-02T18:32:54.421Z
chip_130_445,16TDP,2022-06-09T16:51:29.385Z,2022-07-09T16:51:32.085Z,2022-07-14T16:51:39.868Z
chip_244_586,17SQV,2022-03-21T16:03:30.091Z,2022-06-19T16:03:38.547Z,2022-09-27T16:03:34.104Z
chip_245_443,16SCF,2022-03-01T16:53:22.784Z,2022-06-19T16:53:30.476Z,2022-09-27T16:53:26.267Z
chip_257_269,13SGV,2022-03-26T17:44:02.711Z,2022-06-24T17:44:10.306Z,2022-09-27T17:44:12.666Z
chip_200_478,16SEJ,2022-05-17T16:42:38.775Z,2022-06-21T16:42:51.385Z,2022-07-21T16:42:50.590Z
chip_230_273,14SKG,2022-03-01T17:43:38.485Z,2022-05-30T17:43:42.836Z,2022-09-27T17:43:42.329Z
chip_165_464,16TEL,2022-04-27T16:42:03.179Z,2022-06-21T16:42:22.255Z,2022-09-14T16:42:12.150Z
chip_152_470,16TEM,2022-05-07T16:41:52.147Z,2022-06-16T16:41:59.644Z,2022-07-21T16:42:07.033Z
chip_214_319,14SNH,2022-03-03T17:33:10.094Z,2022-03-28T17:33:15.559Z,2022-09-04T17:33:24.834Z
chip_210_307,14SMH,2022-03-28T17:33:19.183Z,2022-06-11T17:33:19.319Z,2022-09-29T17:33:16.289Z
chip_252_261,13SFA,2022-06-29T17:44:06.773Z,2022-08-28T17:44:06.360Z,2022-09-17T17:44:02.588Z
chip_254_593,18STD,2022-03-21T16:03:43.002Z,2022-04-20T16:03:44.140Z,2022-06-19T16:03:51.448Z
chip_245_582,17SQV,2022-03-21T16:03:30.091Z,2022-06-19T16:03:38.547Z,2022-09-27T16:03:34.104Z
chip_229_379,15SVB,2022-05-16T17:13:18.836Z,2022-07-05T17:13:24.660Z,2022-09-13T17:13:21.597Z
chip_388_324,14RPS,2022-03-12T17:16:01.235Z,2022-05-26T17:15:57.325Z,2022-09-28T17:16:04.455Z
chip_113_606,18TWN,2022-04-30T16:01:23.795Z,2022-07-09T16:01:29.855Z,2022-09-02T16:01:19.940Z
chip_291_554,17SMS,2022-03-04T16:14:20.323Z,2022-06-02T16:14:24.437Z,2022-09-25T16:14:17.152Z
chip_130_425,15TYJ,2022-05-13T17:01:29.790Z,2022-07-12T17:01:35.794Z,2022-09-30T17:01:30.715Z
chip_051_166,12TUT,2022-06-17T18:41:20.402Z,2022-08-16T18:41:21.606Z,2022-09-25T18:41:16.235Z
chip_131_440,16TCP,2022-06-17T17:01:39.034Z,2022-06-22T17:01:32.473Z,2022-06-27T17:01:40.491Z
chip_160_533,17TMF,2022-03-02T16:21:59.411Z,2022-06-30T16:22:07.704Z,2022-07-10T16:22:07.211Z
chip_193_296,14TLK,2022-03-26T17:42:45.360Z,2022-07-09T17:43:01.000Z,2022-09-07T17:42:59.364Z
chip_047_106,11TMN,2022-06-23T19:01:28.505Z,2022-08-07T19:01:20.304Z,2022-09-26T19:01:16.515Z
chip_170_402,15TWF,2022-03-27T17:12:15.375Z,2022-04-16T17:12:14.188Z,2022-08-04T17:12:22.692Z
chip_169_032,10SFH,2022-03-20T19:03:49.540Z,2022-04-24T19:03:56.550Z,2022-08-12T19:04:03.819Z
chip_231_594,18STF,2022-03-21T16:03:14.110Z,2022-07-24T16:03:15.896Z,2022-09-27T16:03:18.121Z
chip_115_493,16TGP,2022-05-07T16:41:16.393Z,2022-06-21T16:41:31.935Z,2022-09-09T16:41:30.995Z
chip_192_366,15TUE,2022-03-15T17:22:39.962Z,2022-06-03T17:22:43.933Z,2022-09-26T17:22:36.421Z
chip_160_377,15TVG,2022-03-27T17:12:04.470Z,2022-06-20T17:12:19.206Z,2022-09-08T17:12:18.465Z
chip_302_382,15SVS,2022-03-19T17:04:39.346Z,2022-05-28T17:04:43.440Z,2022-09-30T17:04:35.176Z
chip_032_197,12UWV,2022-07-19T18:30:40.423Z,2022-08-18T18:30:37.469Z,2022-09-27T18:30:35.632Z
chip_117_438,16TCQ,2022-05-13T17:01:11.858Z,2022-06-27T17:01:26.198Z,2022-09-30T17:01:12.779Z
chip_205_286,14SLJ,2022-03-01T17:43:05.716Z,2022-07-19T17:43:13.994Z,2022-09-27T17:43:09.561Z
chip_120_559,17TPH,2022-06-25T16:21:39.084Z,2022-06-30T16:21:31.673Z,2022-07-10T16:21:31.182Z
chip_232_441,16SCG,2022-03-26T16:53:14.506Z,2022-05-20T16:53:11.761Z,2022-08-13T16:53:24.156Z
chip_298_431,15SYT,2022-03-01T16:54:11.933Z,2022-06-19T16:54:19.641Z,2022-09-27T16:54:15.427Z
chip_145_413,15TXH,2022-06-17T17:02:00.485Z,2022-08-16T17:02:01.701Z,2022-09-30T17:01:48.511Z
chip_205_285,14SLJ,2022-03-01T17:43:05.716Z,2022-07-19T17:43:13.994Z,2022-09-27T17:43:09.561Z
chip_182_361,15TUE,2022-03-15T17:22:39.962Z,2022-06-03T17:22:43.933Z,2022-09-26T17:22:36.421Z
chip_251_418,15SXA,2022-06-27T17:03:43.669Z,2022-09-20T17:03:32.320Z,2022-09-25T17:03:38.072Z
chip_260_431,16SBE,2022-03-01T16:53:41.246Z,2022-06-24T16:53:57.039Z,2022-09-27T16:53:44.735Z
chip_125_308,14TMP,2022-06-19T17:41:58.347Z,2022-07-09T17:41:59.588Z,2022-07-19T17:41:58.325Z
chip_145_474,16TEM,2022-05-07T16:41:52.147Z,2022-06-16T16:41:59.644Z,2022-07-21T16:42:07.033Z
chip_182_499,16TGK,2022-04-14T16:32:17.972Z,2022-06-03T16:32:21.565Z,2022-07-03T16:32:26.822Z
chip_243_589,17SQV,2022-03-21T16:03:30.091Z,2022-06-19T16:03:38.547Z,2022-09-27T16:03:34.104Z
chip_237_362,15SUB,2022-03-02T17:13:26.997Z,2022-06-30T17:13:36.411Z,2022-09-28T17:13:30.731Z
chip_129_325,14TNP,2022-04-02T17:31:42.748Z,2022-07-31T17:31:50.927Z,2022-09-04T17:31:57.900Z
chip_270_478,16SED,2022-03-03T16:43:54.952Z,2022-04-27T16:43:44.290Z,2022-09-19T16:43:59.325Z
chip_234_376,15SVB,2022-05-16T17:13:18.836Z,2022-07-05T17:13:24.660Z,2022-09-13T17:13:21.597Z
chip_194_256,13SFD,2022-03-24T17:53:09.278Z,2022-07-02T17:53:19.587Z,2022-09-25T17:53:07.116Z
chip_253_256,13SFV,2022-03-01T17:44:11.795Z,2022-06-29T17:44:21.279Z,2022-09-27T17:44:15.640Z
chip_356_567,17RMN,2022-03-04T16:15:18.389Z,2022-04-03T16:15:07.722Z,2022-04-08T16:15:11.443Z
chip_202_425,15SYD,2022-03-09T17:02:47.765Z,2022-07-22T17:02:48.745Z,2022-09-30T17:02:43.072Z
chip_236_600,18SUE,2022-03-21T16:03:24.742Z,2022-04-25T16:03:15.194Z,2022-09-22T16:03:22.611Z
chip_247_596,18STE,2022-03-21T16:03:28.606Z,2022-04-25T16:03:19.048Z,2022-08-03T16:03:29.936Z
chip_090_254,13TEL,2022-03-17T18:01:28.924Z,2022-08-04T18:01:36.119Z,2022-09-18T18:01:26.805Z
chip_252_592,18STD,2022-03-21T16:03:43.002Z,2022-04-20T16:03:44.140Z,2022-06-19T16:03:51.448Z
chip_200_318,14SNJ,2022-04-17T17:33:02.364Z,2022-07-21T17:33:03.559Z,2022-09-29T17:32:58.191Z
chip_126_307,14TMP,2022-06-19T17:41:58.347Z,2022-07-09T17:41:59.588Z,2022-07-19T17:41:58.325Z
chip_231_295,14SLG,2022-03-01T17:43:34.008Z,2022-06-24T17:43:35.491Z,2022-09-27T17:43:37.853Z
chip_231_281,14SKG,2022-03-01T17:43:38.485Z,2022-05-30T17:43:42.836Z,2022-09-27T17:43:42.329Z
chip_214_466,16SDH,2022-03-13T16:43:01.398Z,2022-07-21T16:43:08.614Z,2022-09-24T16:42:58.140Z
chip_284_311,14SND,2022-03-05T17:24:18.565Z,2022-07-03T17:24:27.766Z,2022-09-26T17:24:15.084Z
chip_206_427,15SYD,2022-03-09T17:02:47.765Z,2022-07-22T17:02:48.745Z,2022-09-30T17:02:43.072Z
chip_166_436,16TCL,2022-03-21T16:52:12.131Z,2022-06-29T16:52:19.405Z,2022-07-14T16:52:26.805Z
chip_060_070,10TFR,2022-06-21T19:11:56.739Z,2022-08-10T19:11:55.798Z,2022-09-24T19:11:59.184Z
chip_326_524,17RKQ,2022-03-27T16:24:51.448Z,2022-05-11T16:24:46.643Z,2022-09-23T16:24:55.833Z
chip_120_447,16TDP,2022-06-09T16:51:29.385Z,2022-07-09T16:51:32.085Z,2022-07-14T16:51:39.868Z
chip_174_152,12TVK,2022-03-23T18:23:09.833Z,2022-06-21T18:23:18.988Z,2022-09-24T18:23:07.686Z
chip_164_528,17TMF,2022-03-02T16:21:59.411Z,2022-06-30T16:22:07.704Z,2022-07-10T16:22:07.211Z
chip_230_458,16SDG,2022-04-27T16:43:04.721Z,2022-06-21T16:43:23.790Z,2022-07-21T16:43:22.995Z
chip_270_477,16SED,2022-03-03T16:43:54.952Z,2022-04-27T16:43:44.290Z,2022-09-19T16:43:59.325Z
chip_229_605,18SUF,2022-03-21T16:03:10.397Z,2022-06-19T16:03:18.846Z,2022-09-27T16:03:14.413Z
chip_178_605,18SVJ,2022-03-11T16:02:24.161Z,2022-06-19T16:02:31.799Z,2022-09-27T16:02:27.348Z
chip_352_543,17RLN,2022-03-04T16:15:21.845Z,2022-04-03T16:15:19.738Z,2022-04-08T16:15:14.899Z
chip_146_496,17TKG,2022-03-20T16:31:56.041Z,2022-06-21T16:42:00.635Z,2022-09-14T16:41:50.538Z
chip_204_418,15SXD,2022-06-17T17:02:58.727Z,2022-06-27T17:03:00.170Z,2022-07-12T17:02:51.831Z
chip_321_532,17RKQ,2022-03-27T16:24:51.448Z,2022-05-11T16:24:46.643Z,2022-09-23T16:24:55.833Z
chip_309_544,17SLR,2022-03-27T16:24:33.268Z,2022-05-11T16:24:28.467Z,2022-06-20T16:24:35.156Z
chip_271_486,16SED,2022-03-03T16:43:54.952Z,2022-04-27T16:43:44.290Z,2022-09-19T16:43:59.325Z
chip_338_531,17RKP,2022-03-02T16:25:00.171Z,2022-04-11T16:24:59.947Z,2022-09-23T16:25:10.300Z
chip_124_129,11TQH,2022-03-24T18:42:21.471Z,2022-08-03T18:32:38.581Z,2022-09-27T18:32:27.968Z
chip_131_443,16TCP,2022-06-17T17:01:39.034Z,2022-06-22T17:01:32.473Z,2022-06-27T17:01:40.491Z
chip_181_511,17TLE,2022-05-09T16:32:21.253Z,2022-06-03T16:32:17.171Z,2022-06-18T16:32:28.798Z
chip_106_409,15TXK,2022-06-20T17:11:28.687Z,2022-09-03T17:11:18.203Z,2022-09-13T17:11:18.766Z
chip_267_382,15SVV,2022-03-02T17:13:51.526Z,2022-04-26T17:13:41.322Z,2022-09-30T17:03:51.596Z
chip_194_468,16SEJ,2022-05-17T16:42:38.775Z,2022-06-21T16:42:51.385Z,2022-07-21T16:42:50.590Z
chip_221_602,18SUF,2022-03-21T16:03:10.397Z,2022-06-19T16:03:18.846Z,2022-09-27T16:03:14.413Z
chip_227_309,14SMG,2022-03-03T17:33:28.163Z,2022-05-27T17:33:38.640Z,2022-09-04T17:33:42.905Z
chip_194_310,14TMK,2022-03-13T17:32:45.795Z,2022-07-21T17:32:52.675Z,2022-09-29T17:32:47.305Z
chip_134_489,16TGN,2022-04-12T16:41:36.737Z,2022-06-16T16:41:38.174Z,2022-06-21T16:41:39.287Z
chip_158_334,14TPM,2022-03-08T17:32:15.647Z,2022-07-21T17:32:16.623Z,2022-09-29T17:32:11.258Z
chip_192_474,16SEJ,2022-05-17T16:42:38.775Z,2022-06-21T16:42:51.385Z,2022-07-21T16:42:50.590Z
chip_169_610,18SVJ,2022-03-11T16:02:24.161Z,2022-06-19T16:02:31.799Z,2022-09-27T16:02:27.348Z
chip_179_580,18STJ,2022-03-04T16:12:27.950Z,2022-03-29T16:12:21.025Z,2022-04-28T16:12:16.790Z
chip_156_389,15TWG,2022-03-27T17:12:00.874Z,2022-04-26T17:11:57.037Z,2022-06-20T17:12:15.595Z
chip_141_494,16TGN,2022-04-12T16:41:36.737Z,2022-06-16T16:41:38.174Z,2022-06-21T16:41:39.287Z
chip_169_612,18SVJ,2022-03-11T16:02:24.161Z,2022-06-19T16:02:31.799Z,2022-09-27T16:02:27.348Z
chip_244_268,13SGA,2022-03-01T17:43:54.149Z,2022-05-30T17:43:58.495Z,2022-09-17T17:43:59.457Z
chip_194_308,14TMK,2022-03-13T17:32:45.795Z,2022-07-21T17:32:52.675Z,2022-09-29T17:32:47.305Z
chip_191_585,18STH,2022-03-04T16:12:41.946Z,2022-04-28T16:12:30.813Z,2022-05-18T16:12:37.806Z
chip_074_351,14TQT,2022-04-27T17:30:46.503Z,2022-06-06T17:30:49.308Z,2022-08-30T17:30:39.524Z
chip_030_093,11ULP,2022-03-05T19:01:09.814Z,2022-08-07T19:01:10.090Z,2022-09-21T19:01:13.191Z
chip_392_325,14RPR,2022-03-12T17:16:15.984Z,2022-05-16T17:16:11.156Z,2022-06-05T17:16:12.695Z
chip_165_441,16TCL,2022-03-21T16:52:12.131Z,2022-06-29T16:52:19.405Z,2022-07-14T16:52:26.805Z
chip_041_115,11TMN,2022-06-23T19:01:28.505Z,2022-08-07T19:01:20.304Z,2022-09-26T19:01:16.515Z
chip_102_104,11TNJ,2022-06-15T18:52:16.782Z,2022-06-30T18:52:26.053Z,2022-09-08T18:52:24.230Z
chip_153_401,15TWG,2022-03-27T17:12:00.874Z,2022-04-26T17:11:57.037Z,2022-06-20T17:12:15.595Z
chip_213_315,14SNH,2022-03-03T17:33:10.094Z,2022-03-28T17:33:15.559Z,2022-09-04T17:33:24.834Z
chip_330_394,15SWR,2022-03-24T17:04:44.116Z,2022-05-28T17:04:54.173Z,2022-09-30T17:04:45.908Z
chip_165_599,18TVK,2022-03-16T16:02:03.926Z,2022-06-19T16:02:17.493Z,2022-08-18T16:02:18.409Z
chip_196_345,14TQK,2022-04-14T17:22:44.046Z,2022-06-28T17:22:46.150Z,2022-08-02T17:22:51.532Z
chip_233_283,14SLG,2022-03-01T17:43:34.008Z,2022-06-24T17:43:35.491Z,2022-09-27T17:43:37.853Z
chip_195_406,15SXD,2022-06-17T17:02:58.727Z,2022-06-27T17:03:00.170Z,2022-07-12T17:02:51.831Z
chip_217_290,14SLH,2022-03-01T17:43:20.009Z,2022-06-29T17:43:29.475Z,2022-09-27T17:43:23.855Z
chip_175_428,16TBL,2022-05-13T17:02:13.233Z,2022-07-12T17:02:19.231Z,2022-09-30T17:02:14.155Z
chip_162_406,15TXG,2022-06-02T17:02:03.203Z,2022-06-27T17:02:16.391Z,2022-09-30T17:02:02.980Z
chip_164_393,15TWG,2022-03-27T17:12:00.874Z,2022-04-26T17:11:57.037Z,2022-06-20T17:12:15.595Z
chip_154_486,16TFM,2022-04-12T16:41:54.888Z,2022-06-16T16:41:56.352Z,2022-09-14T16:41:54.418Z
chip_148_593,18TUL,2022-03-04T16:11:54.772Z,2022-04-30T16:02:00.234Z,2022-09-17T16:02:03.854Z
chip_121_504,17TLJ,2022-04-29T16:31:24.943Z,2022-06-23T16:31:24.610Z,2022-09-01T16:31:20.910Z
chip_304_541,17SLR,2022-03-27T16:24:33.268Z,2022-05-11T16:24:28.467Z,2022-06-20T16:24:35.156Z
chip_233_267,13SGB,2022-03-01T17:43:39.643Z,2022-06-14T17:43:39.653Z,2022-09-17T17:43:44.945Z
chip_106_405,15TXK,2022-06-20T17:11:28.687Z,2022-09-03T17:11:18.203Z,2022-09-13T17:11:18.766Z
chip_244_267,13SGA,2022-03-01T17:43:54.149Z,2022-05-30T17:43:58.495Z,2022-09-17T17:43:59.457Z
chip_325_316,14SNA,2022-03-10T17:24:56.332Z,2022-05-14T17:25:02.591Z,2022-09-26T17:24:58.773Z
chip_040_101,11TMN,2022-06-23T19:01:28.505Z,2022-08-07T19:01:20.304Z,2022-09-26T19:01:16.515Z
chip_334_525,17RKQ,2022-03-27T16:24:51.448Z,2022-05-11T16:24:46.643Z,2022-09-23T16:24:55.833Z
chip_207_423,15SYD,2022-03-09T17:02:47.765Z,2022-07-22T17:02:48.745Z,2022-09-30T17:02:43.072Z
chip_171_338,14TPL,2022-03-08T17:32:29.975Z,2022-07-21T17:32:30.951Z,2022-09-29T17:32:25.582Z
chip_232_322,14SNG,2022-03-13T17:33:25.476Z,2022-07-11T17:33:31.898Z,2022-09-09T17:33:29.312Z
chip_194_257,13SFD,2022-03-24T17:53:09.278Z,2022-07-02T17:53:19.587Z,2022-09-25T17:53:07.116Z
chip_279_255,13SFU,2022-03-01T17:44:26.270Z,2022-05-30T17:44:30.615Z,2022-09-27T17:44:30.115Z
chip_276_402,15SWU,2022-03-04T17:04:00.648Z,2022-07-12T17:04:07.840Z,2022-09-30T17:04:02.779Z
chip_079_333,14TPS,2022-05-27T17:31:06.526Z,2022-08-10T17:31:02.702Z,2022-09-04T17:31:10.818Z
chip_052_247,13UDP,2022-06-23T18:10:47.473Z,2022-08-27T18:10:55.179Z,2022-09-21T18:10:43.877Z
chip_324_312,14SNA,2022-03-10T17:24:56.332Z,2022-05-14T17:25:02.591Z,2022-09-26T17:24:58.773Z
chip_213_290,14SLH,2022-03-01T17:43:20.009Z,2022-06-29T17:43:29.475Z,2022-09-27T17:43:23.855Z
chip_267_306,14SME,2022-03-03T17:33:57.047Z,2022-05-22T17:34:00.079Z,2022-09-09T17:34:01.941Z
chip_074_291,14TLT,2022-03-19T17:50:47.906Z,2022-07-12T17:51:02.643Z,2022-09-05T17:50:51.524Z
chip_239_356,15STB,2022-03-15T17:23:27.161Z,2022-07-13T17:23:35.884Z,2022-09-26T17:23:23.622Z
chip_063_256,13TEN,2022-05-26T18:01:03.556Z,2022-08-09T18:01:00.004Z,2022-09-28T18:00:56.021Z
chip_094_617,18TXP,2022-05-10T16:01:03.919Z,2022-07-09T16:01:13.112Z,2022-09-09T15:51:05.970Z
chip_227_461,16SDG,2022-04-27T16:43:04.721Z,2022-06-21T16:43:23.790Z,2022-07-21T16:43:22.995Z
chip_106_336,14TPQ,2022-05-27T17:31:35.657Z,2022-08-05T17:31:39.243Z,2022-09-04T17:31:39.935Z
chip_217_437,16SBH,2022-03-16T16:53:05.142Z,2022-03-26T16:53:03.963Z,2022-06-19T16:53:05.668Z
chip_376_346,14RQS,2022-03-12T17:15:58.161Z,2022-03-22T17:15:57.186Z,2022-09-28T17:16:01.382Z
chip_237_593,18STE,2022-03-21T16:03:28.606Z,2022-04-25T16:03:19.048Z,2022-08-03T16:03:29.936Z
chip_378_349,14RQS,2022-03-12T17:15:58.161Z,2022-03-22T17:15:57.186Z,2022-09-28T17:16:01.382Z
chip_279_265,13SGU,2022-03-01T17:44:23.180Z,2022-05-30T17:44:27.524Z,2022-09-07T17:44:31.086Z
chip_153_375,15TVG,2022-03-27T17:12:04.470Z,2022-06-20T17:12:19.206Z,2022-09-08T17:12:18.465Z
chip_128_492,16TGN,2022-04-12T16:41:36.737Z,2022-06-16T16:41:38.174Z,2022-06-21T16:41:39.287Z
chip_146_469,16TEM,2022-05-07T16:41:52.147Z,2022-06-16T16:41:59.644Z,2022-07-21T16:42:07.033Z
chip_135_316,14TNP,2022-04-02T17:31:42.748Z,2022-07-31T17:31:50.927Z,2022-09-04T17:31:57.900Z
chip_299_548,17SMS,2022-03-04T16:14:20.323Z,2022-06-02T16:14:24.437Z,2022-09-25T16:14:17.152Z
chip_182_484,16TFK,2022-04-17T16:42:17.192Z,2022-06-21T16:42:33.431Z,2022-07-21T16:42:32.636Z
chip_150_500,16TGM,2022-03-20T16:31:55.982Z,2022-06-18T16:32:04.108Z,2022-09-01T16:31:53.729Z
chip_171_606,18SVJ,2022-03-11T16:02:24.161Z,2022-06-19T16:02:31.799Z,2022-09-27T16:02:27.348Z
chip_217_283,14SLH,2022-03-01T17:43:20.009Z,2022-06-29T17:43:29.475Z,2022-09-27T17:43:23.855Z
chip_135_494,16TGN,2022-04-12T16:41:36.737Z,2022-06-16T16:41:38.174Z,2022-06-21T16:41:39.287Z
chip_218_325,14SNH,2022-03-03T17:33:10.094Z,2022-03-28T17:33:15.559Z,2022-09-04T17:33:24.834Z
chip_210_278,14SKH,2022-03-01T17:43:24.108Z,2022-06-14T17:43:24.122Z,2022-09-27T17:43:27.953Z
chip_197_368,15SUD,2022-03-02T17:12:57.262Z,2022-07-10T17:13:07.352Z,2022-09-28T17:13:01.736Z
chip_131_487,16TFN,2022-04-12T16:41:40.271Z,2022-06-16T16:41:41.717Z,2022-06-21T16:41:49.903Z
chip_293_135,12SVB,2022-03-15T18:15:04.427Z,2022-05-19T18:15:12.322Z,2022-05-29T18:15:14.007Z
chip_311_525,17SKR,2022-03-02T16:24:31.364Z,2022-05-11T16:24:32.306Z,2022-06-20T16:24:39.002Z
chip_346_328,14RPU,2022-03-12T17:15:32.222Z,2022-05-16T17:15:27.391Z,2022-09-28T17:15:35.448Z
chip_238_591,18STE,2022-03-21T16:03:28.606Z,2022-04-25T16:03:19.048Z,2022-08-03T16:03:29.936Z
chip_329_493,16RFV,2022-03-05T16:34:47.816Z,2022-04-04T16:34:47.229Z,2022-04-19T16:34:54.650Z
chip_320_523,17SKR,2022-03-02T16:24:31.364Z,2022-05-11T16:24:32.306Z,2022-06-20T16:24:39.002Z
chip_233_289,14SLG,2022-03-01T17:43:34.008Z,2022-06-24T17:43:35.491Z,2022-09-27T17:43:37.853Z
chip_265_439,16SBE,2022-03-01T16:53:41.246Z,2022-06-24T16:53:57.039Z,2022-09-27T16:53:44.735Z
chip_157_466,16TEM,2022-05-07T16:41:52.147Z,2022-06-16T16:41:59.644Z,2022-07-21T16:42:07.033Z
chip_313_236,13SER,2022-03-06T17:45:07.425Z,2022-05-30T17:45:17.675Z,2022-09-27T17:45:17.171Z
chip_131_445,16TDP,2022-06-09T16:51:29.385Z,2022-07-09T16:51:32.085Z,2022-07-14T16:51:39.868Z
chip_224_438,16SBG,2022-03-16T16:53:19.615Z,2022-06-29T16:53:20.916Z,2022-09-12T16:53:26.044Z
chip_120_383,15TVK,2022-03-15T17:21:24.678Z,2022-06-18T17:21:24.987Z,2022-09-11T17:21:31.272Z
chip_340_533,17RKP,2022-03-02T16:25:00.171Z,2022-04-11T16:24:59.947Z,2022-09-23T16:25:10.300Z
chip_204_409,15SXD,2022-06-17T17:02:58.727Z,2022-06-27T17:03:00.170Z,2022-07-12T17:02:51.831Z
chip_187_409,15TXE,2022-07-12T17:02:37.322Z,2022-09-20T17:02:34.300Z,2022-09-30T17:02:32.251Z
chip_420_322,14RPP,2022-03-22T17:16:44.088Z,2022-03-27T17:16:38.147Z,2022-05-21T17:16:47.528Z
chip_332_505,16RFV,2022-03-05T16:34:47.816Z,2022-04-04T16:34:47.229Z,2022-04-19T16:34:54.650Z
chip_219_257,13SFC,2022-03-19T17:53:19.037Z,2022-07-12T17:53:33.765Z,2022-09-30T17:53:28.288Z
chip_150_488,16TFM,2022-04-12T16:41:54.888Z,2022-06-16T16:41:56.352Z,2022-09-14T16:41:54.418Z
chip_125_436,16TCP,2022-06-17T17:01:39.034Z,2022-06-22T17:01:32.473Z,2022-06-27T17:01:40.491Z
chip_226_280,14SKG,2022-03-01T17:43:38.485Z,2022-05-30T17:43:42.836Z,2022-09-27T17:43:42.329Z
chip_269_563,17SNT,2022-03-04T16:14:02.379Z,2022-05-18T16:13:58.236Z,2022-09-20T16:14:06.282Z
chip_164_516,17TLF,2022-04-14T16:31:59.291Z,2022-06-18T16:32:14.503Z,2022-07-03T16:32:08.113Z
chip_334_496,16RFV,2022-03-05T16:34:47.816Z,2022-04-04T16:34:47.229Z,2022-04-19T16:34:54.650Z
chip_233_297,14SMG,2022-03-03T17:33:28.163Z,2022-05-27T17:33:38.640Z,2022-09-04T17:33:42.905Z
chip_032_079,10TGT,2022-03-05T19:01:26.753Z,2022-08-07T19:01:27.025Z,2022-09-26T19:01:23.237Z
chip_200_364,15SUD,2022-03-02T17:12:57.262Z,2022-07-10T17:13:07.352Z,2022-09-28T17:13:01.736Z
chip_145_489,16TFM,2022-04-12T16:41:54.888Z,2022-06-16T16:41:56.352Z,2022-09-14T16:41:54.418Z
chip_194_337,14TPK,2022-03-03T17:32:37.196Z,2022-06-21T17:32:44.758Z,2022-09-29T17:32:39.763Z
chip_319_530,17RKQ,2022-03-27T16:24:51.448Z,2022-05-11T16:24:46.643Z,2022-09-23T16:24:55.833Z
chip_142_489,16TFN,2022-04-12T16:41:40.271Z,2022-06-16T16:41:41.717Z,2022-06-21T16:41:49.903Z
chip_256_442,16SCE,2022-03-01T16:53:36.816Z,2022-06-19T16:53:44.502Z,2022-09-27T16:53:40.300Z
chip_161_521,17TLF,2022-04-14T16:31:59.291Z,2022-06-18T16:32:14.503Z,2022-07-03T16:32:08.113Z
chip_100_306,14TMR,2022-03-26T17:41:15.079Z,2022-08-03T17:41:22.356Z,2022-09-12T17:41:19.761Z
chip_192_490,16SFJ,2022-04-27T16:42:28.719Z,2022-05-17T16:42:35.165Z,2022-06-21T16:42:47.768Z
chip_166_581,18TTK,2022-03-04T16:12:13.645Z,2022-03-29T16:12:06.725Z,2022-04-28T16:12:02.492Z
chip_141_401,15TWH,2022-03-27T17:11:46.585Z,2022-04-21T17:11:53.976Z,2022-06-20T17:12:01.314Z
chip_098_327,14TNR,2022-03-26T17:41:11.193Z,2022-08-08T17:41:25.525Z,2022-09-12T17:41:15.871Z
chip_281_252,13SFU,2022-03-01T17:44:26.270Z,2022-05-30T17:44:30.615Z,2022-09-27T17:44:30.115Z
chip_123_434,16TCP,2022-06-17T17:01:39.034Z,2022-06-22T17:01:32.473Z,2022-06-27T17:01:40.491Z
chip_252_446,16SCF,2022-03-01T16:53:22.784Z,2022-06-19T16:53:30.476Z,2022-09-27T16:53:26.267Z
chip_189_429,16TBK,2022-03-14T17:02:27.034Z,2022-07-12T17:02:33.318Z,2022-09-30T17:02:28.248Z
chip_133_340,14TPP,2022-05-27T17:31:50.277Z,2022-07-01T17:31:47.928Z,2022-07-21T17:31:47.756Z
chip_235_435,16SBG,2022-03-16T16:53:19.615Z,2022-06-29T16:53:20.916Z,2022-09-12T16:53:26.044Z
chip_318_339,14SQA,2022-04-06T17:14:52.762Z,2022-04-26T17:14:49.249Z,2022-05-26T17:14:56.076Z
chip_262_583,17SQU,2022-03-21T16:03:44.609Z,2022-04-20T16:03:45.747Z,2022-04-25T16:03:35.059Z
chip_321_521,17RKQ,2022-03-27T16:24:51.448Z,2022-05-11T16:24:46.643Z,2022-09-23T16:24:55.833Z
chip_232_277,14SKG,2022-03-01T17:43:38.485Z,2022-05-30T17:43:42.836Z,2022-09-27T17:43:42.329Z
chip_239_332,14SPG,2022-04-09T17:23:24.690Z,2022-04-14T17:23:30.941Z,2022-07-13T17:23:40.575Z
chip_194_399,15TWE,2022-04-16T17:12:28.395Z,2022-07-05T17:12:37.457Z,2022-09-28T17:12:39.688Z
chip_293_546,17SMS,2022-03-04T16:14:20.323Z,2022-06-02T16:14:24.437Z,2022-09-25T16:14:17.152Z
chip_218_460,16SDH,2022-03-13T16:43:01.398Z,2022-07-21T16:43:08.614Z,2022-09-24T16:42:58.140Z
chip_184_237,13TDE,2022-04-21T18:02:50.356Z,2022-06-15T18:03:06.327Z,2022-09-23T18:03:02.472Z
chip_076_056,10TFQ,2022-06-26T19:12:19.119Z,2022-08-15T19:12:18.915Z,2022-09-09T19:12:08.399Z
chip_301_456,16SCB,2022-03-13T16:44:31.829Z,2022-09-14T16:44:29.740Z,2022-09-29T16:44:35.077Z
chip_110_340,14TPQ,2022-05-27T17:31:35.657Z,2022-08-05T17:31:39.243Z,2022-09-04T17:31:39.935Z
chip_207_402,15SWD,2022-07-12T17:02:55.186Z,2022-08-31T17:02:51.751Z,2022-09-30T17:02:50.103Z
chip_149_503,16TGM,2022-03-20T16:31:55.982Z,2022-06-18T16:32:04.108Z,2022-09-01T16:31:53.729Z
chip_167_522,17TLF,2022-04-14T16:31:59.291Z,2022-06-18T16:32:14.503Z,2022-07-03T16:32:08.113Z
chip_102_327,14TNR,2022-03-26T17:41:11.193Z,2022-08-08T17:41:25.525Z,2022-09-12T17:41:15.871Z
chip_148_493,17TKG,2022-03-20T16:31:56.041Z,2022-06-21T16:42:00.635Z,2022-09-14T16:41:50.538Z
chip_105_402,15TXK,2022-06-20T17:11:28.687Z,2022-09-03T17:11:18.203Z,2022-09-13T17:11:18.766Z
chip_215_292,14SLH,2022-03-01T17:43:20.009Z,2022-06-29T17:43:29.475Z,2022-09-27T17:43:23.855Z
chip_216_460,16SDH,2022-03-13T16:43:01.398Z,2022-07-21T16:43:08.614Z,2022-09-24T16:42:58.140Z
chip_322_544,17RLQ,2022-03-02T16:24:41.634Z,2022-04-11T16:24:41.412Z,2022-09-23T16:24:51.764Z
chip_097_322,14TNR,2022-03-26T17:41:11.193Z,2022-08-08T17:41:25.525Z,2022-09-12T17:41:15.871Z
chip_256_266,13SGV,2022-03-26T17:44:02.711Z,2022-06-24T17:44:10.306Z,2022-09-27T17:44:12.666Z
chip_230_329,14SPG,2022-04-09T17:23:24.690Z,2022-04-14T17:23:30.941Z,2022-07-13T17:23:40.575Z
chip_125_481,16TFP,2022-05-07T16:41:19.793Z,2022-06-16T16:41:27.310Z,2022-09-09T16:41:34.405Z
chip_098_338,14TPR,2022-05-27T17:31:21.247Z,2022-08-10T17:31:17.428Z,2022-09-04T17:31:25.536Z
chip_205_435,16SBJ,2022-03-01T16:52:43.726Z,2022-06-29T16:52:52.193Z,2022-09-27T16:52:47.199Z
chip_064_350,14TQT,2022-04-27T17:30:46.503Z,2022-06-06T17:30:49.308Z,2022-08-30T17:30:39.524Z
chip_249_272,14SKF,2022-03-01T17:43:52.746Z,2022-05-30T17:43:57.094Z,2022-09-27T17:43:56.593Z
chip_327_507,16RFV,2022-03-05T16:34:47.816Z,2022-04-04T16:34:47.229Z,2022-04-19T16:34:54.650Z
chip_193_583,18STH,2022-03-04T16:12:41.946Z,2022-04-28T16:12:30.813Z,2022-05-18T16:12:37.806Z
chip_222_315,14SNH,2022-03-03T17:33:10.094Z,2022-03-28T17:33:15.559Z,2022-09-04T17:33:24.834Z
chip_076_351,14TQT,2022-04-27T17:30:46.503Z,2022-06-06T17:30:49.308Z,2022-08-30T17:30:39.524Z
chip_142_433,16TCN,2022-05-13T17:01:40.144Z,2022-06-27T17:01:54.466Z,2022-09-30T17:01:41.069Z
chip_243_595,18STE,2022-03-21T16:03:28.606Z,2022-04-25T16:03:19.048Z,2022-08-03T16:03:29.936Z
chip_118_322,14TNQ,2022-03-01T17:41:31.513Z,2022-07-19T17:41:39.786Z,2022-09-12T17:41:30.070Z
chip_161_390,15TWG,2022-03-27T17:12:00.874Z,2022-04-26T17:11:57.037Z,2022-06-20T17:12:15.595Z
chip_316_383,15SVR,2022-03-19T17:04:53.733Z,2022-04-08T17:04:51.231Z,2022-09-30T17:04:49.563Z
chip_222_330,14SPH,2022-03-15T17:23:17.097Z,2022-06-28T17:23:18.300Z,2022-09-26T17:23:13.550Z
chip_099_334,14TPR,2022-05-27T17:31:21.247Z,2022-08-10T17:31:17.428Z,2022-09-04T17:31:25.536Z
chip_181_263,13TFE,2022-03-19T17:52:50.140Z,2022-07-07T17:52:57.049Z,2022-09-30T17:52:59.389Z
chip_199_442,16SCJ,2022-03-16T16:52:46.984Z,2022-06-14T16:52:47.987Z,2022-06-29T16:52:48.285Z
chip_288_119,12SUB,2022-03-18T18:25:04.097Z,2022-06-11T18:25:15.728Z,2022-06-16T18:25:09.917Z
chip_233_590,18STF,2022-03-21T16:03:14.110Z,2022-07-24T16:03:15.896Z,2022-09-27T16:03:18.121Z
chip_219_378,15SVC,2022-04-26T17:12:58.474Z,2022-07-20T17:13:16.619Z,2022-09-13T17:13:07.127Z
chip_175_511,17TLE,2022-05-09T16:32:21.253Z,2022-06-03T16:32:17.171Z,2022-06-18T16:32:28.798Z
chip_270_316,14SNE,2022-03-05T17:24:04.124Z,2022-06-13T17:24:10.569Z,2022-09-26T17:24:00.643Z
chip_143_496,17TKG,2022-03-20T16:31:56.041Z,2022-06-21T16:42:00.635Z,2022-09-14T16:41:50.538Z
chip_141_475,16TFN,2022-04-12T16:41:40.271Z,2022-06-16T16:41:41.717Z,2022-06-21T16:41:49.903Z
chip_224_439,16SCG,2022-03-26T16:53:14.506Z,2022-05-20T16:53:11.761Z,2022-08-13T16:53:24.156Z
chip_125_439,16TCP,2022-06-17T17:01:39.034Z,2022-06-22T17:01:32.473Z,2022-06-27T17:01:40.491Z
chip_244_593,18STE,2022-03-21T16:03:28.606Z,2022-04-25T16:03:19.048Z,2022-08-03T16:03:29.936Z
chip_239_444,16SCF,2022-03-01T16:53:22.784Z,2022-06-19T16:53:30.476Z,2022-09-27T16:53:26.267Z
chip_173_504,17TKE,2022-05-09T16:32:25.289Z,2022-06-18T16:32:32.848Z,2022-07-03T16:32:26.460Z
chip_164_481,16TFL,2022-04-17T16:42:02.666Z,2022-06-21T16:42:18.902Z,2022-09-14T16:42:08.803Z
chip_101_306,14TMR,2022-03-26T17:41:15.079Z,2022-08-03T17:41:22.356Z,2022-09-12T17:41:19.761Z
chip_228_276,14SKG,2022-03-01T17:43:38.485Z,2022-05-30T17:43:42.836Z,2022-09-27T17:43:42.329Z
chip_321_340,14SQA,2022-04-06T17:14:52.762Z,2022-04-26T17:14:49.249Z,2022-05-26T17:14:56.076Z
chip_048_171,12TVT,2022-07-14T18:31:19.339Z,2022-08-08T18:31:12.166Z,2022-09-02T18:31:20.226Z
chip_332_504,16RFV,2022-03-05T16:34:47.816Z,2022-04-04T16:34:47.229Z,2022-04-19T16:34:54.650Z
chip_153_469,16TEM,2022-05-07T16:41:52.147Z,2022-06-16T16:41:59.644Z,2022-07-21T16:42:07.033Z
chip_191_510,17SKD,2022-06-03T16:32:35.551Z,2022-06-18T16:32:47.171Z,2022-06-23T16:32:40.474Z
chip_169_611,18SVJ,2022-03-11T16:02:24.161Z,2022-06-19T16:02:31.799Z,2022-09-27T16:02:27.348Z
chip_196_278,14SKJ,2022-03-01T17:43:09.691Z,2022-06-14T17:43:09.715Z,2022-09-17T17:43:15.004Z
chip_222_293,14SLH,2022-03-01T17:43:20.009Z,2022-06-29T17:43:29.475Z,2022-09-27T17:43:23.855Z
chip_049_086,10TGS,2022-03-05T19:01:41.234Z,2022-08-07T19:01:41.513Z,2022-09-26T19:01:37.724Z
chip_322_508,16RGV,2022-03-02T16:24:48.107Z,2022-04-01T16:24:47.778Z,2022-09-23T16:24:58.240Z
chip_140_429,15TYH,2022-05-13T17:01:44.460Z,2022-06-22T17:01:50.779Z,2022-09-30T17:01:45.385Z
chip_149_478,16TFM,2022-04-12T16:41:54.888Z,2022-06-16T16:41:56.352Z,2022-09-14T16:41:54.418Z
chip_096_316,14TMR,2022-03-26T17:41:15.079Z,2022-08-03T17:41:22.356Z,2022-09-12T17:41:19.761Z
chip_180_430,16TBK,2022-03-14T17:02:27.034Z,2022-07-12T17:02:33.318Z,2022-09-30T17:02:28.248Z
chip_320_519,16SGA,2022-03-02T16:24:33.589Z,2022-05-11T16:24:34.530Z,2022-06-20T16:24:41.224Z
chip_243_467,16SDF,2022-03-03T16:43:29.996Z,2022-06-21T16:43:38.389Z,2022-09-29T16:43:33.623Z
chip_196_274,13SGD,2022-03-01T17:43:10.258Z,2022-07-09T17:43:19.789Z,2022-09-27T17:43:14.103Z
chip_061_195,12TWT,2022-07-14T18:31:16.736Z,2022-08-08T18:31:08.262Z,2022-09-27T18:31:04.383Z
chip_044_085,10TGT,2022-03-05T19:01:26.753Z,2022-08-07T19:01:27.025Z,2022-09-26T19:01:23.237Z
chip_180_398,15TWE,2022-04-16T17:12:28.395Z,2022-07-05T17:12:37.457Z,2022-09-28T17:12:39.688Z
chip_188_398,15TWE,2022-04-16T17:12:28.395Z,2022-07-05T17:12:37.457Z,2022-09-28T17:12:39.688Z
chip_226_309,14SMG,2022-03-03T17:33:28.163Z,2022-05-27T17:33:38.640Z,2022-09-04T17:33:42.905Z
chip_173_468,16TEL,2022-04-27T16:42:03.179Z,2022-06-21T16:42:22.255Z,2022-09-14T16:42:12.150Z
chip_131_381,15TVJ,2022-03-15T17:21:38.802Z,2022-07-18T17:21:39.721Z,2022-09-11T17:21:45.385Z
chip_190_375,15TVE,2022-04-16T17:12:32.293Z,2022-08-04T17:12:40.798Z,2022-09-28T17:12:43.597Z
chip_145_372,15TUH,2022-05-14T17:21:57.801Z,2022-06-18T17:21:57.813Z,2022-07-18T17:21:58.418Z
chip_224_371,15SUC,2022-04-26T17:13:02.159Z,2022-07-10T17:13:21.748Z,2022-09-13T17:13:10.818Z
chip_125_303,14TMP,2022-06-19T17:41:58.347Z,2022-07-09T17:41:59.588Z,2022-07-19T17:41:58.325Z
chip_317_513,16SGA,2022-03-02T16:24:33.589Z,2022-05-11T16:24:34.530Z,2022-06-20T16:24:41.224Z
chip_253_272,14SKF,2022-03-01T17:43:52.746Z,2022-05-30T17:43:57.094Z,2022-09-27T17:43:56.593Z
chip_097_328,14TNR,2022-03-26T17:41:11.193Z,2022-08-08T17:41:25.525Z,2022-09-12T17:41:15.871Z
chip_022_126,11UNQ,2022-07-20T18:50:56.430Z,2022-08-29T18:50:58.989Z,2022-09-28T18:50:53.854Z
chip_275_469,16SDD,2022-03-03T16:43:58.991Z,2022-04-27T16:43:48.302Z,2022-06-16T16:43:53.974Z
chip_144_473,16TEN,2022-04-17T16:41:37.040Z,2022-06-21T16:41:53.301Z,2022-09-19T16:41:49.278Z
chip_164_478,16TFL,2022-04-17T16:42:02.666Z,2022-06-21T16:42:18.902Z,2022-09-14T16:42:08.803Z
chip_146_473,16TEM,2022-05-07T16:41:52.147Z,2022-06-16T16:41:59.644Z,2022-07-21T16:42:07.033Z
chip_194_366,15TUE,2022-03-15T17:22:39.962Z,2022-06-03T17:22:43.933Z,2022-09-26T17:22:36.421Z
chip_227_330,14SPG,2022-04-09T17:23:24.690Z,2022-04-14T17:23:30.941Z,2022-07-13T17:23:40.575Z
chip_117_320,14TNQ,2022-03-01T17:41:31.513Z,2022-07-19T17:41:39.786Z,2022-09-12T17:41:30.070Z
chip_224_489,16SFG,2022-03-20T16:33:12.005Z,2022-07-23T16:33:13.462Z,2022-09-26T16:33:15.835Z
chip_063_037,10TDQ,2022-06-24T19:22:15.345Z,2022-07-19T19:22:22.114Z,2022-08-28T19:22:22.911Z
chip_159_515,17TLF,2022-04-14T16:31:59.291Z,2022-06-18T16:32:14.503Z,2022-07-03T16:32:08.113Z
chip_112_433,16TCQ,2022-05-13T17:01:11.858Z,2022-06-27T17:01:26.198Z,2022-09-30T17:01:12.779Z
chip_221_308,14SMH,2022-03-28T17:33:19.183Z,2022-06-11T17:33:19.319Z,2022-09-29T17:33:16.289Z
chip_061_092,11TLL,2022-05-04T19:01:53.798Z,2022-08-12T19:02:01.232Z,2022-09-26T19:01:49.367Z
chip_327_527,17RKQ,2022-03-27T16:24:51.448Z,2022-05-11T16:24:46.643Z,2022-09-23T16:24:55.833Z
chip_030_076,10TFT,2022-06-26T19:11:35.917Z,2022-07-31T19:11:28.060Z,2022-09-24T19:11:30.319Z
chip_279_252,13SFU,2022-03-01T17:44:26.270Z,2022-05-30T17:44:30.615Z,2022-09-27T17:44:30.115Z
chip_287_412,15SXT,2022-03-01T16:54:14.986Z,2022-06-24T16:54:30.764Z,2022-09-27T16:54:18.472Z
chip_240_429,15SYA,2022-06-04T16:53:39.267Z,2022-06-29T16:53:36.540Z,2022-09-12T16:53:41.662Z
chip_189_494,16SGJ,2022-03-05T16:32:33.816Z,2022-06-03T16:32:36.330Z,2022-06-23T16:32:41.266Z
chip_214_315,14SNH,2022-03-03T17:33:10.094Z,2022-03-28T17:33:15.559Z,2022-09-04T17:33:24.834Z
chip_129_499,16TGN,2022-04-12T16:41:36.737Z,2022-06-16T16:41:38.174Z,2022-06-21T16:41:39.287Z
chip_373_344,14RQT,2022-03-02T17:15:43.242Z,2022-03-12T17:15:43.754Z,2022-05-16T17:15:38.928Z
chip_130_422,15TYJ,2022-05-13T17:01:29.790Z,2022-07-12T17:01:35.794Z,2022-09-30T17:01:30.715Z
chip_203_455,16SDJ,2022-03-16T16:52:42.739Z,2022-06-29T16:52:44.029Z,2022-09-27T16:52:39.052Z
chip_215_293,14SLH,2022-03-01T17:43:20.009Z,2022-06-29T17:43:29.475Z,2022-09-27T17:43:23.855Z
chip_169_410,15TXF,2022-05-13T17:02:16.723Z,2022-07-12T17:02:22.720Z,2022-09-30T17:02:17.640Z
chip_122_444,16TDP,2022-06-09T16:51:29.385Z,2022-07-09T16:51:32.085Z,2022-07-14T16:51:39.868Z
chip_115_446,16TDQ,2022-05-15T16:51:17.294Z,2022-07-09T16:51:17.462Z,2022-07-14T16:51:25.242Z
chip_125_129,11TQH,2022-03-24T18:42:21.471Z,2022-08-03T18:32:38.581Z,2022-09-27T18:32:27.968Z
chip_167_598,18TUK,2022-03-16T16:02:07.538Z,2022-06-19T16:02:21.115Z,2022-08-18T16:02:22.029Z
chip_179_462,16TDK,2022-03-16T16:52:28.667Z,2022-07-14T16:52:37.367Z,2022-09-27T16:52:24.978Z
chip_232_445,16SCG,2022-03-26T16:53:14.506Z,2022-05-20T16:53:11.761Z,2022-08-13T16:53:24.156Z
chip_364_348,14RQT,2022-03-02T17:15:43.242Z,2022-03-12T17:15:43.754Z,2022-05-16T17:15:38.928Z
chip_235_446,16SCG,2022-03-26T16:53:14.506Z,2022-05-20T16:53:11.761Z,2022-08-13T16:53:24.156Z
chip_252_448,16SCF,2022-03-01T16:53:22.784Z,2022-06-19T16:53:30.476Z,2022-09-27T16:53:26.267Z
chip_319_516,16SGA,2022-03-02T16:24:33.589Z,2022-05-11T16:24:34.530Z,2022-06-20T16:24:41.224Z
chip_131_507,17TLH,2022-04-14T16:31:30.600Z,2022-06-18T16:31:45.821Z,2022-09-01T16:31:35.443Z
chip_177_428,16TBL,2022-05-13T17:02:13.233Z,2022-07-12T17:02:19.231Z,2022-09-30T17:02:14.155Z
chip_106_429,16TCQ,2022-05-13T17:01:11.858Z,2022-06-27T17:01:26.198Z,2022-09-30T17:01:12.779Z
chip_312_160,12SXA,2022-03-02T18:05:14.957Z,2022-05-06T18:05:22.587Z,2022-09-23T18:05:25.085Z
chip_198_312,14SMJ,2022-04-02T17:32:58.694Z,2022-06-16T17:33:13.142Z,2022-09-04T17:33:13.848Z
